address,neighborhood
א זוהור 684,בית צפאפא
א זוהור 999,בית צפאפא
א טברי 1,וואדי אל-ג'וז
א טברי 10,וואדי אל-ג'וז
א טברי 11,וואדי אל-ג'וז
א טברי 12,וואדי אל-ג'וז
א טברי 13,וואדי אל-ג'וז
א טברי 17,וואדי אל-ג'וז
א טברי 2,וואדי אל-ג'וז
א טברי 3,וואדי אל-ג'וז
א טברי 4,וואדי אל-ג'וז
א טברי 5,וואדי אל-ג'וז
א טברי 7,וואדי אל-ג'וז
א טברי 8,וואדי אל-ג'וז
א טברי סמ2 1,וואדי אל-ג'וז
א טברי סמ2 2,וואדי אל-ג'וז
א טברי סמ2 3,וואדי אל-ג'וז
א טברי סמ2 5,וואדי אל-ג'וז
א טברי סמ2 7,וואדי אל-ג'וז
א טור 10,א-טור
א טור 102,א-טור
א טור 104,א-טור
א טור 106,א-טור
א טור 108,א-טור
א טור 11,א-טור
א טור 110,א-טור
א טור 112,א-טור
א טור 114,א-טור
א טור 116,א-טור
א טור 117,א-טור
א טור 118,א-טור
א טור 12,א-טור
א טור 127,א-טור
א טור 13,א-טור
א טור 141,א-טור
א טור 15,א-טור
א טור 154,א-טור
א טור 156,א-טור
א טור 159,א-טור
א טור 16,א-טור
א טור 17,א-טור
א טור 18,א-טור
א טור 188,א-טור
א טור 194,א-טור
א טור 2,א-טור
א טור 20,א-טור
א טור 21,א-טור
א טור 25,א-טור
א טור 26,א-טור
א טור 28,א-טור
א טור 29,א-טור
א טור 30,א-טור
א טור 315,א-טור
א טור 32,א-טור
א טור 33,א-טור
א טור 34,א-טור
א טור 35,א-טור
א טור 36,א-טור
א טור 38,א-טור
א טור 4,א-טור
א טור 40,א-טור
א טור 41,א-טור
א טור 42,א-טור
א טור 43,א-טור
א טור 46,א-טור
א טור 5,א-טור
א טור 55,א-טור
א טור 555,א-טור
א טור 6,א-טור
א טור 60,א-טור
א טור 62,א-טור
א טור 65,א-טור
א טור 668,א-טור
א טור 674,א-טור
א טור 675,א-טור
א טור 68,א-טור
א טור 681,א-טור
א טור 6816,א-טור
א טור 69,א-טור
א טור 7,א-טור
א טור 72,א-טור
א טור 74,א-טור
א טור 782,א-טור
א טור 785,א-טור
א טור 8,א-טור
א טור 88,א-טור
א טור 90,א-טור
א טור 91,א-טור
א טור 99,א-טור
א נבי שועייב 17,שיח' ג'ראח
א נבי שועייב 5,שיח' ג'ראח
א נהאדה 18,בית צפאפא
א נהאדה 2,בית צפאפא
א נהאדה 22,בית צפאפא
א נהאדה 26,בית צפאפא
א נהאדה 28,בית צפאפא
א נהאדה 30,בית צפאפא
א נהאדה 32,בית צפאפא
א נהאדה 33,בית צפאפא
א נהאדה 34,בית צפאפא
א נהאדה 35,בית צפאפא
א נהאדה 38,בית צפאפא
א נהאדה 43,בית צפאפא
א נהאדה 44,בית צפאפא
א נהאדה 49,בית צפאפא
א נהאדה 52,בית צפאפא
א נהאדה 54,בית צפאפא
א נהאדה 999,בית צפאפא
א נתר 18,בית צפאפא
א נתר 19,בית צפאפא
א נתר 22,בית צפאפא
א נתר 24,בית צפאפא
א נתר 26,בית צפאפא
א נתר 27,בית צפאפא
א נתר 30,בית צפאפא
א נתר 31,בית צפאפא
א נתר 32,בית צפאפא
א נתר 34,בית צפאפא
א נתר 38,בית צפאפא
א נתר 40,בית צפאפא
א נתר 43,בית צפאפא
א נתר 45,בית צפאפא
א נתר 47,בית צפאפא
א נתר 52,בית צפאפא
א נתר 54,בית צפאפא
א נתר 55,בית צפאפא
א נתר 73,בית צפאפא
א נתר 95,בית צפאפא
א סעדייה 1,העיר העתיקה
א סעדייה 13,העיר העתיקה
א סעדייה 14,העיר העתיקה
א סעדייה 15,העיר העתיקה
א סעדייה 16,העיר העתיקה
א סעדייה 17,העיר העתיקה
א סעדייה 18,העיר העתיקה
א סעדייה 20,העיר העתיקה
א סעדייה 215,העיר העתיקה
א סעדייה 22,העיר העתיקה
א סעדייה 23,העיר העתיקה
א סעדייה 24,העיר העתיקה
א סעדייה 26,העיר העתיקה
א סעדייה 29,העיר העתיקה
א סעדייה 3,העיר העתיקה
א סעדייה 314,העיר העתיקה
א סעדייה 32,העיר העתיקה
א סעדייה 37,העיר העתיקה
א סעדייה 42,העיר העתיקה
א סעדייה 482,העיר העתיקה
א סעדייה 512,העיר העתיקה
א סעדייה 8,העיר העתיקה
א סעדייה 9,העיר העתיקה
א סעדייה 999,העיר העתיקה
א רוסול,העיר העתיקה
א רוסול 1,העיר העתיקה
א רוסול 10,העיר העתיקה
א רוסול 118,העיר העתיקה
א רוסול 13,העיר העתיקה
א רוסול 15,העיר העתיקה
א רוסול 17,העיר העתיקה
א רוסול 18,העיר העתיקה
א רוסול 2,העיר העתיקה
א רוסול 22,העיר העתיקה
א רוסול 27,העיר העתיקה
א רוסול 3,העיר העתיקה
א רוסול 4,העיר העתיקה
א רוסול 5,העיר העתיקה
א רוסול 65,העיר העתיקה
א רוסול 66,העיר העתיקה
א רוסול 67,העיר העתיקה
א רוסול 68,העיר העתיקה
א רוסול 7,העיר העתיקה
א רוסול 9999,העיר העתיקה
א שאבי 11,שועפאט
א שאבי 12,שועפאט
א שאבי 14,שועפאט
א שאבי 16,שועפאט
א שאבי 19,שועפאט
א שאבי 2,שועפאט
א שאבי 23,שועפאט
א שאבי 5,שועפאט
א שאבי 6,שועפאט
א שאבי סמ1 12,שועפאט
א שארף 1999,הרובע היהודי
אאל אל-בית 13,צור באחר
אאל אל-בית 15,צור באחר
אאל אל-בית 2,צור באחר
אאל אל-בית 22,צור באחר
אאל אל-בית 23,צור באחר
אאל אל-בית 26,צור באחר
אאל אל-בית 33,צור באחר
אאל אל-בית 34,צור באחר
אאל אל-בית 35,צור באחר
אאל אל-בית 36,צור באחר
אאל אל-בית 37,צור באחר
אאל אל-בית 43,צור באחר
אאל אל-בית 45,צור באחר
אאל אל-בית 49,צור באחר
אאל אל-בית 51,צור באחר
אאל אל-בית 55,צור באחר
אאל אל-בית 59,צור באחר
אאל אל-בית 6,צור באחר
אאל אל-בית 61,צור באחר
אאל אל-בית 62,צור באחר
אאל אל-בית 68,צור באחר
אאל אל-בית 682,צור באחר
אאל אל-בית 9999,צור באחר
אאל אל-בית סמ1 2,צור באחר
אאל אל-בית סמ1 6,צור באחר
אאל אל-בית סמ1 7,צור באחר
אאל אל-בית סמ1 8,צור באחר
אאל אל-בית סמ1 9999,צור באחר
אאל אל-בית סמ10 6,צור באחר
אאל אל-בית סמ10 9,צור באחר
אאל אל-בית סמ2 20,צור באחר
אאל אל-בית סמ2 5,צור באחר
אאל אל-בית סמ4 5,צור באחר
אאל אל-בית סמ4 9999,צור באחר
אאל אל-בית סמ6 11,צור באחר
אאל אל-בית סמ6 18,צור באחר
אאל אל-בית סמ6 20,צור באחר
אאל אל-בית סמ6 66,צור באחר
אאל אל-בית סמ8 10,צור באחר
אאל אל-בית סמ8 14,צור באחר
אאל אל-בית סמ8 15,צור באחר
אאל אל-בית סמ8 9,צור באחר
אבא אבן 1,קרית הלאום
אבא אחימאיר 1,נווה יעקב
אבא אחימאיר 11,נווה יעקב
אבא אחימאיר 13,נווה יעקב
אבא אחימאיר 204,נווה יעקב
אבא אחימאיר 205,נווה יעקב
אבא אחימאיר 206,נווה יעקב
אבא אחימאיר 208,נווה יעקב
אבא אחימאיר 209,נווה יעקב
אבא אחימאיר 4,נווה יעקב
אבא אחימאיר 5,נווה יעקב
אבא אחימאיר 7,נווה יעקב
אבא אחימאיר 9,נווה יעקב
אבא ברדיצב 4,הגבעה הצרפתית
אבא ברדיצב 6,הגבעה הצרפתית
אבא ברדיצב 8,הגבעה הצרפתית
אבא חלקיה 11,קטמון
אבא חלקיה 13,קטמון
אבא חלקיה 15,קטמון
אבא חלקיה 2,קטמון
אבא חלקיה 3,קטמון
אבא חלקיה 5,קטמון
אבא חלקיה 7,קטמון
אבא חלקיה 8,קטמון
אבא חלקיה 9,קטמון
אבו אל-ליל 10,א-טור
אבו אל-ליל 20,א-טור
אבו אל-ליל 22,א-טור
אבו אל-ליל 25,א-טור
אבו אל-ליל 28,א-טור
אבו אל-ליל 30,א-טור
אבו אל-ליל 33,א-טור
אבו אל-ליל 34,א-טור
אבו אל-ליל 35,א-טור
אבו אל-ליל 37,א-טור
אבו אל-ליל 40,א-טור
אבו אל-ליל 42,א-טור
אבו אל-ליל 44,א-טור
אבו אל-ליל 46,א-טור
אבו אל-ליל 56,א-טור
אבו אל-ליל 8,א-טור
אבו אלעלא אל מערי 1,שועפאט
אבו אלעלא אל מערי 16,שועפאט
אבו אלעלא אל מערי 4,שועפאט
אבו אלעלא אל מערי 8,שועפאט
אבו בכר א סדיק 10,וואדי אל-ג'וז
אבו בכר א סדיק 13,וואדי אל-ג'וז
אבו בכר א סדיק 14,וואדי אל-ג'וז
אבו בכר א סדיק 16,וואדי אל-ג'וז
אבו בכר א סדיק 19,וואדי אל-ג'וז
אבו בכר א סדיק 21,וואדי אל-ג'וז
אבו בכר א סדיק 23,וואדי אל-ג'וז
אבו בכר א סדיק 57,וואדי אל-ג'וז
אבו בכר א סדיק 6,וואדי אל-ג'וז
אבו בכר א סדיק 65,וואדי אל-ג'וז
אבו בכר א סדיק 7,וואדי אל-ג'וז
אבו בכר א סדיק 932,וואדי אל-ג'וז
אבו בכר א סדיק 999,וואדי אל-ג'וז
אבו גנאם,א-טור
אבו ד'ר אלע'פארי 12,צור באחר
אבו ד'ר אלע'פארי 13,צור באחר
אבו ד'ר אלע'פארי 15,צור באחר
אבו ד'ר אלע'פארי 16,צור באחר
אבו ד'ר אלע'פארי 18,צור באחר
אבו ד'ר אלע'פארי 21,צור באחר
אבו ד'ר אלע'פארי 25,צור באחר
אבו ד'ר אלע'פארי 29,צור באחר
אבו ד'ר אלע'פארי 3,צור באחר
אבו ד'ר אלע'פארי 30,צור באחר
אבו ד'ר אלע'פארי 32,צור באחר
אבו ד'ר אלע'פארי 34,צור באחר
אבו ד'ר אלע'פארי 44,צור באחר
אבו ד'ר אלע'פארי 49,צור באחר
אבו ד'ר אלע'פארי 5,צור באחר
אבו ד'ר אלע'פארי 52,צור באחר
אבו ד'ר אלע'פארי 56,צור באחר
אבו ד'ר אלע'פארי 6,צור באחר
אבו ד'ר אלע'פארי 9,צור באחר
אבו ד'ר ע'פארי סמ2 18,צור באחר
אבו ד'ר ע'פארי סמ2 25,צור באחר
אבו ד'ר ע'פארי סמ2 27,צור באחר
אבו ד'ר ע'פארי סמ2 31,צור באחר
אבו ד'ר ע'פארי סמ2 6,צור באחר
אבו ד'ר ע'פארי סמ2 7,צור באחר
אבו ד'ר ע'פארי סמ3 12,צור באחר
אבו ד'ר ע'פארי סמ3 4,צור באחר
אבו ד'ר ע'פארי סמ3 5,צור באחר
אבו ד'ר ע'פארי סמ3 7,צור באחר
אבו ד'ר ע'פארי סמ3 9,צור באחר
אבו ד'ר ע'פארי סמ5 3,צור באחר
אבו ד'ר ע'פארי סמ7 10,צור באחר
אבו ד'ר ע'פארי סמ7 5,צור באחר
אבו ד'ר ע'פארי סמ7 7,צור באחר
אבו הוריירה סמ2 2,שועפאט
אבו הוריירה סמ2 4,שועפאט
אבו הוריירה סמ4 2,שועפאט
אבו זיד אל-הילאל 1,ג'בל מוכבר
אבו זיד אל-הילאל 10,ג'בל מוכבר
אבו זיד אל-הילאל 11,ג'בל מוכבר
אבו זיד אל-הילאל 13,ג'בל מוכבר
אבו זיד אל-הילאל 16,ג'בל מוכבר
אבו זיד אל-הילאל 19,ג'בל מוכבר
אבו זיד אל-הילאל 2,ג'בל מוכבר
אבו זיד אל-הילאל 20,ג'בל מוכבר
אבו זיד אל-הילאל 3,ג'בל מוכבר
אבו זיד אל-הילאל 57,ג'בל מוכבר
אבו זיד אל-הילאל 58,ג'בל מוכבר
אבו זיד אל-הילאל 59,ג'בל מוכבר
אבו זיד אל-הילאל 6,ג'בל מוכבר
אבו זיד אל-הילאל 60,ג'בל מוכבר
אבו זיד אל-הילאל 61,ג'בל מוכבר
אבו זיד אל-הילאל 62,ג'בל מוכבר
אבו זיד אל-הילאל 64,ג'בל מוכבר
אבו זיד אל-הילאל 7,ג'בל מוכבר
אבו זיד אל-הילאל 75,ג'בל מוכבר
אבו זיד אל-הילאל 8,ג'בל מוכבר
אבו זיד אל-הילאל 9,ג'בל מוכבר
אבו זיד אל-הילאל 9999,ג'בל מוכבר
אבו חאמד אל-ע'זאלי 10,צור באחר
אבו חאמד אל-ע'זאלי 12,צור באחר
אבו חאמד אל-ע'זאלי 13,צור באחר
אבו חאמד אל-ע'זאלי 16,צור באחר
אבו חאמד אל-ע'זאלי 19,צור באחר
אבו חאמד אל-ע'זאלי 20,צור באחר
אבו חאמד אל-ע'זאלי 21,צור באחר
אבו חאמד אל-ע'זאלי 22,צור באחר
אבו חאמד אל-ע'זאלי 23,צור באחר
אבו חאמד אל-ע'זאלי 4,צור באחר
אבו חאמד אל-ע'זאלי 6,צור באחר
אבו חאמד אל-ע'זאלי 8,צור באחר
אבו מאדי 10,בית חנינא
אבו מאדי 12,בית חנינא
אבו מאדי 13,בית חנינא
אבו מאדי 14,בית חנינא
אבו מאדי 15,בית חנינא
אבו מאדי 19,בית חנינא
אבו מאדי 21,בית חנינא
אבו מאדי 25,בית חנינא
אבו מאדי 26,בית חנינא
אבו מאדי 27,בית חנינא
אבו מאדי 31,בית חנינא
אבו מאדי 33,בית חנינא
אבו מאדי 34,בית חנינא
אבו מאדי 36,בית חנינא
אבו מאדי 54,בית חנינא
אבו מאדי 58,בית חנינא
אבו מאדי 6,בית חנינא
אבו מאדי 68,בית חנינא
אבו מאדי 74,בית חנינא
אבו מאדי 999,בית חנינא
אבו מאדי 9999,בית חנינא
אבו מאדי סמ1,בית חנינא
אבו מאדי סמ1 9999,בית חנינא
אבו מאדי סמ3 2,בית חנינא
אבו ע'נים,צור באחר
אבו ע'נים 10,צור באחר
אבו ע'נים 19,צור באחר
אבו ע'נים 30,צור באחר
אבו ע'נים 31,צור באחר
אבו ע'נים 34,צור באחר
אבו ע'נים 35,צור באחר
אבו ע'נים 38,צור באחר
אבו ע'נים 40,צור באחר
אבו ע'נים 41,צור באחר
אבו ע'נים 42,צור באחר
אבו ע'נים 51,צור באחר
אבו ע'נים 9999,צור באחר
אבו ע'נים סמ1 11,צור באחר
אבו ע'נים סמ1 9,צור באחר
אבו ע'נים סמ10 4,צור באחר
אבו ע'נים סמ3 6,צור באחר
אבו ע'נים סמ3 8,צור באחר
אבו ע'נים סמ5 8,צור באחר
אבו ע'נים סמ7 10,צור באחר
אבו ע'נים סמ7 3,צור באחר
אבו ע'נים סמ7 6,צור באחר
אבו ע'נים סמ7 8,צור באחר
אבו ע'נים סמ8 10,צור באחר
אבו ע'נים סמ8 5,צור באחר
אבו ע'נים סמ8 7,צור באחר
אבו עוביידה,צור באחר
אבו עוביידה 108,צור באחר
אבו עוביידה 11,צור באחר
אבו עוביידה 116,צור באחר
אבו עוביידה 12,צור באחר
אבו עוביידה 126,צור באחר
אבו עוביידה 13,צור באחר
אבו עוביידה 130,צור באחר
אבו עוביידה 132,צור באחר
אבו עוביידה 134,צור באחר
אבו עוביידה 136,צור באחר
אבו עוביידה 14,צור באחר
אבו עוביידה 150,צור באחר
אבו עוביידה 18,צור באחר
אבו עוביידה 19,צור באחר
אבו עוביידה 20,צור באחר
אבו עוביידה 203,צור באחר
אבו עוביידה 209,צור באחר
אבו עוביידה 21,צור באחר
אבו עוביידה 217,צור באחר
אבו עוביידה 222,צור באחר
אבו עוביידה 223,צור באחר
אבו עוביידה 224,צור באחר
אבו עוביידה 230,צור באחר
אבו עוביידה 236,צור באחר
אבו עוביידה 237,צור באחר
אבו עוביידה 238,צור באחר
אבו עוביידה 243,צור באחר
אבו עוביידה 248,צור באחר
אבו עוביידה 25,צור באחר
אבו עוביידה 255,צור באחר
אבו עוביידה 259,צור באחר
אבו עוביידה 263,צור באחר
אבו עוביידה 265,צור באחר
אבו עוביידה 266,צור באחר
אבו עוביידה 267,צור באחר
אבו עוביידה 271,צור באחר
אבו עוביידה 273,צור באחר
אבו עוביידה 274,צור באחר
אבו עוביידה 275,צור באחר
אבו עוביידה 28,צור באחר
אבו עוביידה 286,צור באחר
אבו עוביידה 288,צור באחר
אבו עוביידה 300,צור באחר
אבו עוביידה 302,צור באחר
אבו עוביידה 330,צור באחר
אבו עוביידה 34,צור באחר
אבו עוביידה 40,צור באחר
אבו עוביידה 42,צור באחר
אבו עוביידה 48,צור באחר
אבו עוביידה 63,צור באחר
אבו עוביידה 683,צור באחר
אבו עוביידה 7,צור באחר
אבו עוביידה 999,צור באחר
אבו עוביידה סמ10,צור באחר
אבו עוביידה סמ10 9999,צור באחר
אבו עוביידה סמ12 16,צור באחר
אבו עוביידה סמ12 18,צור באחר
אבו עוביידה סמ17,צור באחר
אבו עוביידה סמ17 2,צור באחר
אבו עוביידה סמ17 225,צור באחר
אבו עוביידה סמ17 232,צור באחר
אבו עוביידה סמ17 29,צור באחר
אבו עוביידה סמ17 3,צור באחר
אבו עוביידה סמ17 38,צור באחר
אבו עוביידה סמ17 4,צור באחר
אבו עוביידה סמ17 6,צור באחר
אבו עוביידה סמ17 9999,צור באחר
אבו עוביידה סמ19 10,צור באחר
אבו עוביידה סמ19 6,צור באחר
אבו עוביידה סמ2 10,צור באחר
אבו עוביידה סמ2 2,צור באחר
אבו עוביידה סמ2 24,צור באחר
אבו עוביידה סמ20 3,צור באחר
אבו עוביידה סמ20 4,צור באחר
אבו עוביידה סמ20 5,צור באחר
אבו עוביידה סמ21 6,צור באחר
אבו עוביידה סמ21 7,צור באחר
אבו עוביידה סמ21 9999,צור באחר
אבו עוביידה סמ24 6,צור באחר
אבו עוביידה סמ26 13,צור באחר
אבו עוביידה סמ26 23,צור באחר
אבו עוביידה סמ4 10,צור באחר
אבו עוביידה סמ4 7,צור באחר
אבו עוביידה סמ4 9,צור באחר
אבו עוביידה סמ4 999,צור באחר
אבו צוואנה 10,א-טור
אבו צוואנה 6,א-טור
אבו צוואנה 7,א-טור
אבו צוואנה 8,א-טור
אבו רביע,ג'בל מוכבר
אבו רביע 18,ג'בל מוכבר
אבו רביע 19,ג'בל מוכבר
אבו רביע 24,ג'בל מוכבר
אבו רביע 25,ג'בל מוכבר
אבו רביע 30,ג'בל מוכבר
אבו רביע 32,ג'בל מוכבר
אבו רביע 35,ג'בל מוכבר
אבו רביע 39,ג'בל מוכבר
אבו רביע 41,ג'בל מוכבר
אבו רביע 47,ג'בל מוכבר
אבו רביע 5,ג'בל מוכבר
אבו רביע 55,ג'בל מוכבר
אבו רביע 61,ג'בל מוכבר
אבו רביע 63,ג'בל מוכבר
אבו רביע 65,ג'בל מוכבר
אבו רביע 67,ג'בל מוכבר
אבו רביע 7,ג'בל מוכבר
אבו רביע 71,ג'בל מוכבר
אבו רביע 73,ג'בל מוכבר
אבו רביע 9999,ג'בל מוכבר
אבו ריאלה 10,עיסוויה
אבו ריאלה 11,עיסוויה
אבו ריאלה 12,עיסוויה
אבו ריאלה 15,עיסוויה
אבו ריאלה 18,עיסוויה
אבו ריאלה 20,עיסוויה
אבו ריאלה 21,עיסוויה
אבו ריאלה 22,עיסוויה
אבו ריאלה 24,עיסוויה
אבו ריאלה 3,עיסוויה
אבו ריאלה 33,עיסוויה
אבו ריאלה 4,עיסוויה
אבו ריאלה 7,עיסוויה
אבו ריאלה 96,עיסוויה
אבו ריאלה 9999,עיסוויה
אבו ריאלה סמ2 2,עיסוויה
אבו ריאלה סמ2 8,עיסוויה
אבו ריאלה סמ4 1,עיסוויה
אבו תור 18,אבו תור
אבו תור 2,אבו תור
אבו תור 4,אבו תור
אבו תור 6,אבו תור
אבו תור 999,אבו תור
אבולעפיה 10,נחלאות
אבולעפיה 11,נחלאות
אבולעפיה 12,נחלאות
אבולעפיה 13,נחלאות
אבולעפיה 14,נחלאות
אבולעפיה 15,נחלאות
אבולעפיה 16,נחלאות
אבולעפיה 17,נחלאות
אבולעפיה 2,נחלאות
אבולעפיה 20,נחלאות
אבולעפיה 21,נחלאות
אבולעפיה 22,נחלאות
אבולעפיה 23,נחלאות
אבולעפיה 24,נחלאות
אבולעפיה 25,נחלאות
אבולעפיה 26,נחלאות
אבולעפיה 27,נחלאות
אבולעפיה 28,נחלאות
אבולעפיה 29,נחלאות
אבולעפיה 3,נחלאות
אבולעפיה 30,נחלאות
אבולעפיה 32,נחלאות
אבולעפיה 33,נחלאות
אבולעפיה 36,נחלאות
אבולעפיה 4,נחלאות
אבולעפיה 40,נחלאות
אבולעפיה 5,נחלאות
אבולעפיה 6,נחלאות
אבולעפיה 7,נחלאות
אבולעפיה 8,נחלאות
אבולעפיה 9,נחלאות
אבטליון 2,בקעה
אבטליון 3,בקעה
אבטליון 5,בקעה
אבטליון 6,בקעה
אבטליון 7,בקעה
אביגדורי 6,מרכז העיר
אביגור שאול 1,הר חומה
אביגור שאול 14,הר חומה
אביגור שאול 16,הר חומה
אביגור שאול 17,הר חומה
אביגור שאול 18,הר חומה
אביגור שאול 20,הר חומה
אביגור שאול 21,הר חומה
אביגור שאול 22,הר חומה
אביגור שאול 23,הר חומה
אביגור שאול 24,הר חומה
אביגור שאול 25,הר חומה
אביגור שאול 26,הר חומה
אביגור שאול 27,הר חומה
אביגור שאול 28,הר חומה
אביגור שאול 29,הר חומה
אביגור שאול 30,הר חומה
אביגור שאול 31,הר חומה
אביגור שאול 36,הר חומה
אביגור שאול 38,הר חומה
אביגור שאול 40,הר חומה
אביגור שאול 42,הר חומה
אביגור שאול 44,הר חומה
אביגיל 1,אבו תור
אביגיל 3,אבו תור
אביגיל 4,אבו תור
אבידע 9,מרכז העיר
אבידר יוסף 1,גבעת משואה
אבידר יוסף 10,גבעת משואה
אבידר יוסף 11,גבעת משואה
אבידר יוסף 12,גבעת משואה
אבידר יוסף 13,גבעת משואה
אבידר יוסף 14,גבעת משואה
אבידר יוסף 15,גבעת משואה
אבידר יוסף 16,גבעת משואה
אבידר יוסף 17,גבעת משואה
אבידר יוסף 18,גבעת משואה
אבידר יוסף 19,גבעת משואה
אבידר יוסף 2,גבעת משואה
אבידר יוסף 20,גבעת משואה
אבידר יוסף 22,גבעת משואה
אבידר יוסף 24,גבעת משואה
אבידר יוסף 3,גבעת משואה
אבידר יוסף 4,גבעת משואה
אבידר יוסף 5,גבעת משואה
אבידר יוסף 6,גבעת משואה
אבידר יוסף 7,גבעת משואה
אבידר יוסף 8,גבעת משואה
אבידר יוסף 9,גבעת משואה
אביזוהר 2,בית הכרם
אביזוהר 3,בית הכרם
אביזוהר 4,בית הכרם
אביזוהר 6,בית הכרם
אביטל 10,מקור חיים
אביטל 2,מקור חיים
אביטל 4,מקור חיים
אביטל 6,מקור חיים
אביטל 7,מקור חיים
אביטל 9,מקור חיים
אבינדב 1,בוכרים
אבינדב 10,בוכרים
אבינדב 1111,בוכרים
אבינדב 12,בוכרים
אבינדב 13,בוכרים
אבינדב 15,בוכרים
אבינדב 17,בוכרים
אבינדב 2,בוכרים
אבינדב 20,בוכרים
אבינדב 21,בוכרים
אבינדב 3,בוכרים
אבינדב 5,בוכרים
אבינדב 8,בוכרים
אבינדב 9,בוכרים
אבינועם ילין 10,גאולה
אבינועם ילין 13,גאולה
אבינועם ילין 8,גאולה
אביעד 12,גבעת מרדכי
אביעד 14,גבעת מרדכי
אביעד 16,גבעת מרדכי
אביעד 18,גבעת מרדכי
אביעד 2,גבעת מרדכי
אביעד 4,גבעת מרדכי
אביעד 5,גבעת מרדכי
אביעד 6,גבעת מרדכי
אביעד 7,גבעת מרדכי
אביעד 8,גבעת מרדכי
אביעד 9,גבעת מרדכי
אביעזר 1,רמות
אביעזר 10,רמות
אביעזר 12,רמות
אביעזר 3,רמות
אביעזר 4,רמות
אביעזר 5,רמות
אביעזר 6,רמות
אביעזר 7,רמות
אביעזר 8,רמות
אביר יעקב 10,נווה יעקב
אביר יעקב 11,נווה יעקב
אביר יעקב 12,נווה יעקב
אביר יעקב 14,נווה יעקב
אביר יעקב 16,נווה יעקב
אביר יעקב 18,נווה יעקב
אביר יעקב 20,נווה יעקב
אביר יעקב 22,נווה יעקב
אביר יעקב 24,נווה יעקב
אביר יעקב 26,נווה יעקב
אביר יעקב 28,נווה יעקב
אביר יעקב 30,נווה יעקב
אביר יעקב 32,נווה יעקב
אביר יעקב 34,נווה יעקב
אביר יעקב 5,נווה יעקב
אביר יעקב 7,נווה יעקב
אביר יעקב 8,נווה יעקב
אביר יעקב 9,נווה יעקב
אבישי 3,המושבה הגרמנית
אבישי 4,המושבה הגרמנית
אבישר 10,נחלאות
אבישר 12,נחלאות
אבישר 16,נחלאות
אבישר 22,נחלאות
אבישר 8,נחלאות
אביתר הכהן 1,בוכרים
אביתר הכהן 11,בוכרים
אביתר הכהן 3,בוכרים
אביתר הכהן 4,בוכרים
אביתר הכהן 6,בוכרים
אבלס ולטר 5,תלפיות
אבלס ולטר 6,תלפיות
אבלס ולטר 9,תלפיות
אבן בטוטה 0,באב א-זהרה
אבן בטוטה 10,באב א-זהרה
אבן בטוטה 15,באב א-זהרה
אבן בטוטה 7,באב א-זהרה
אבן ג'ובייר 13,באב א-זהרה
אבן ג'ובייר 15,באב א-זהרה
אבן ג'ובייר 17,באב א-זהרה
אבן ג'ובייר 19,באב א-זהרה
אבן ג'ובייר 21,באב א-זהרה
אבן ג'ובייר 25,באב א-זהרה
אבן ג'ובייר 3,באב א-זהרה
אבן גבירול 13,רחביה
אבן גבירול 16,רחביה
אבן גבירול 2,רחביה
אבן גבירול 4,רחביה
אבן גבירול 6,רחביה
אבן גבירול 7,רחביה
אבן גבירול 8,רחביה
אבן גבירול 9,רחביה
אבן האזל 11,רוממה
אבן האזל 12,רוממה
אבן האזל 13,רוממה
אבן האזל 14,רוממה
אבן האזל 15,רוממה
אבן האזל 26,רוממה
אבן האזל 7,רוממה
אבן ח'לדון 11,באב א-זהרה
אבן ח'לדון 12,באב א-זהרה
אבן ח'לדון 14,באב א-זהרה
אבן ח'לדון 2,באב א-זהרה
אבן ח'לדון 3,באב א-זהרה
אבן ח'לדון 5,באב א-זהרה
אבן חארת'ה 10,כפר עקב
אבן חארת'ה 17,כפר עקב
אבן חארת'ה 20,כפר עקב
אבן חארת'ה 26,כפר עקב
אבן חארת'ה 27,כפר עקב
אבן חארת'ה 3,כפר עקב
אבן חארת'ה 37,כפר עקב
אבן חארת'ה 39,כפר עקב
אבן חארת'ה 49,כפר עקב
אבן חארת'ה 60,כפר עקב
אבן חארת'ה 68,כפר עקב
אבן חארת'ה 8,כפר עקב
אבן חארת'ה 9,כפר עקב
אבן חארת'ה סמ10 1,כפר עקב
אבן חארת'ה סמ12 28,כפר עקב
אבן חארת'ה סמ2 6,כפר עקב
אבן חארת'ה סמ2 8,כפר עקב
אבן חארת'ה סמ7 37,כפר עקב
אבן חארת'ה סמ7 50,כפר עקב
אבן חארת'ה סמ7 9999,כפר עקב
אבן חווקל 10,באב א-זהרה
אבן טולון 11,וואדי אל-ג'וז
אבן טולון 3,וואדי אל-ג'וז
אבן טולון 4,וואדי אל-ג'וז
אבן טולון 5,וואדי אל-ג'וז
אבן טולון 6,וואדי אל-ג'וז
אבן טולון 9,וואדי אל-ג'וז
אבן יהושע 1,מאה שערים
אבן יהושע 3,מאה שערים
אבן יהושע 5,מאה שערים
אבן מסעוד 15,צור באחר
אבן מסעוד 16,צור באחר
אבן מסעוד 17,צור באחר
אבן מסעוד 21,צור באחר
אבן מסעוד 25,צור באחר
אבן מסעוד 29,צור באחר
אבן מסעוד 30,צור באחר
אבן מסעוד 32,צור באחר
אבן מסעוד 33,צור באחר
אבן מסעוד 34,צור באחר
אבן מסעוד 38,צור באחר
אבן מסעוד 39,צור באחר
אבן מסעוד 41,צור באחר
אבן מסעוד 53,צור באחר
אבן מסעוד 56,צור באחר
אבן מסעוד 9,צור באחר
אבן מסעוד 9999,צור באחר
אבן סינא 1,באב א-זהרה
אבן סינא 999,באב א-זהרה
אבן ספיר 10,נחלאות
אבן ספיר 11,נחלאות
אבן ספיר 12,נחלאות
אבן ספיר 13,נחלאות
אבן ספיר 14,נחלאות
אבן ספיר 16,נחלאות
אבן ספיר 17,נחלאות
אבן ספיר 18,נחלאות
אבן ספיר 19,נחלאות
אבן ספיר 2,נחלאות
אבן ספיר 20,נחלאות
אבן ספיר 28,נחלאות
אבן ספיר 3,נחלאות
אבן ספיר 34,נחלאות
אבן ספיר 4,נחלאות
אבן ספיר 6,נחלאות
אבן ספיר 7,נחלאות
אבן ספיר 8,נחלאות
אבן ספיר 9,נחלאות
אבן ספיר 9999,נחלאות
אבן עזרא 14,רחביה
אבן עזרא 16,רחביה
אבן עזרא 2,רחביה
אבן עזרא 24,רחביה
אבן עזרא 26,רחביה
אבן עזרא 4,רחביה
אבן עזרא 6,רחביה
אבן עזרא 7,רחביה
אבן עזרא 9,רחביה
אבן רושד,שועפאט
אבן רושד 10,שועפאט
אבן רושד 11,שועפאט
אבן רושד 12,שועפאט
אבן רושד 13,שועפאט
אבן רושד 15,שועפאט
אבן רושד 17,שועפאט
אבן רושד 3,שועפאט
אבן רושד 6,שועפאט
אבן רושד 8,שועפאט
אבן רושד סמ1 14,שועפאט
אבן רושד סמ1 6,שועפאט
אבן רושד סמ1 8,שועפאט
אבן שמואל 10,רמות
אבן שמואל 11,רמות
אבן שמואל 12,רמות
אבן שמואל 13,רמות
אבן שמואל 14,רמות
אבן שמואל 15,רמות
אבן שמואל 156,רמות
אבן שמואל 16,רמות
אבן שמואל 17,רמות
אבן שמואל 18,רמות
אבן שמואל 19,רמות
אבן שמואל 20,רמות
אבן שמואל 21,רמות
אבן שמואל 22,רמות
אבן שמואל 23,רמות
אבן שמואל 24,רמות
אבן שמואל 25,רמות
אבן שמואל 26,רמות
אבן שמואל 27,רמות
אבן שמואל 28,רמות
אבן שמואל 29,רמות
אבן שמואל 31,רמות
אבן שמואל 33,רמות
אבן שמואל 35,רמות
אבן שמואל 37,רמות
אבן שמואל 39,רמות
אבן שמואל 4,רמות
אבן שמואל 41,רמות
אבן שמואל 43,רמות
אבן שמואל 45,רמות
אבן שמואל 47,רמות
אבן שמואל 53,רמות
אבן שמואל 55,רמות
אבן שמואל 57,רמות
אבן שמואל 59,רמות
אבן שמואל 6,רמות
אבן שמואל 61,רמות
אבן שמואל 63,רמות
אבן שמואל 65,רמות
אבן שמואל 7,רמות
אבן שמואל 8,רמות
אבן שמואל 9,רמות
אבן שפרוט 12,רחביה
אבן שפרוט 14,רחביה
אבן שפרוט 15,רחביה
אבן שפרוט 16,רחביה
אבן שפרוט 18,רחביה
אבן שפרוט 19,רחביה
אבן שפרוט 2,רחביה
אבן שפרוט 22,רחביה
אבן שפרוט 4,רחביה
אבן שפרוט 5,רחביה
אבן שפרוט 9,רחביה
אבנר בן נר 3,המושבה הגרמנית
אבנר גרשון 1,תלפיות מזרח
אבנר גרשון 10,תלפיות מזרח
אבנר גרשון 11,תלפיות מזרח
אבנר גרשון 12,תלפיות מזרח
אבנר גרשון 13,תלפיות מזרח
אבנר גרשון 15,תלפיות מזרח
אבנר גרשון 17,תלפיות מזרח
אבנר גרשון 19,תלפיות מזרח
אבנר גרשון 3,תלפיות מזרח
אבנר גרשון 4,תלפיות מזרח
אבנר גרשון 5,תלפיות מזרח
אבנר גרשון 6,תלפיות מזרח
אבנר גרשון 7,תלפיות מזרח
אבנר גרשון 8,תלפיות מזרח
אבנר גרשון 9,תלפיות מזרח
אבנר חי שאקי 1,הר חומה
אבנר חי שאקי 11,הר חומה
אבנר חי שאקי 113,הר חומה
אבנר חי שאקי 13,הר חומה
אבנר חי שאקי 131,הר חומה
אבנר חי שאקי 15,הר חומה
אבנר חי שאקי 16,הר חומה
אבנר חי שאקי 17,הר חומה
אבנר חי שאקי 18,הר חומה
אבנר חי שאקי 19,הר חומה
אבנר חי שאקי 20,הר חומה
אבנר חי שאקי 21,הר חומה
אבנר חי שאקי 22,הר חומה
אבנר חי שאקי 23,הר חומה
אבנר חי שאקי 24,הר חומה
אבנר חי שאקי 25,הר חומה
אבנר חי שאקי 26,הר חומה
אבנר חי שאקי 28,הר חומה
אבנר חי שאקי 30,הר חומה
אבנר חי שאקי 32,הר חומה
אבנר חי שאקי 34,הר חומה
אבנר חי שאקי 36,הר חומה
אבנר חי שאקי 37,הר חומה
אבנר חי שאקי 39,הר חומה
אבנר חי שאקי 4,הר חומה
אבנר חי שאקי 41,הר חומה
אבנר חי שאקי 43,הר חומה
אבנר חי שאקי 45,הר חומה
אבנר חי שאקי 6,הר חומה
אבנר חי שאקי 8,הר חומה
אבראהים בן אדהם 1,שועפאט
אבראהים בן אדהם 2,שועפאט
אבראהים בן אדהם 3,שועפאט
אבראהים בן אדהם 4,שועפאט
אבראהים בן אדהם 5,שועפאט
אבראהים בן אדהם 6,שועפאט
אבראהים בן אדהם 7,שועפאט
אבראהים בן אדהם 8,שועפאט
אבראהים בן אדהם 9999,שועפאט
אברבנאל 11,רחביה
אברבנאל 14,רחביה
אברבנאל 15,רחביה
אברבנאל 17,רחביה
אברבנאל 2,רחביה
אברבנאל 23,רחביה
אברבנאל 25,רחביה
אברבנאל 27,רחביה
אברבנאל 29,רחביה
אברבנאל 3,רחביה
אברבנאל 30,רחביה
אברבנאל 31,רחביה
אברבנאל 32,רחביה
אברבנאל 34,רחביה
אברבנאל 36,רחביה
אברבנאל 4,רחביה
אברבנאל 5,רחביה
אברבנאל 6,רחביה
אברבנאל 7,רחביה
אברבנאל 9,רחביה
אברהם מסלונים 15,מאה שערים
אברהם מסלונים 17,מאה שערים
אברהם מסלונים 19,מאה שערים
אברהם מסלונים 21,מאה שערים
אברהם מסלונים 23,מאה שערים
אברהם מסלונים 3,מאה שערים
אברהם מסלונים 9,מאה שערים
אג'יאל 21,בית חנינא
אג'יאל 23,בית חנינא
אג'יאל 4,בית חנינא
אג'יאל 5,בית חנינא
אג'יאל 7,בית חנינא
אג'יאל 9,בית חנינא
אגמון 3,גילה
אגמון 4,גילה
אגמון 6,גילה
אגסי שמעון 12,הר נוף
אגסי שמעון 14,הר נוף
אגסי שמעון 16,הר נוף
אגסי שמעון 18,הר נוף
אגסי שמעון 26,הר נוף
אגסי שמעון 27,הר נוף
אגסי שמעון 30,הר נוף
אגסי שמעון 32,הר נוף
אגסי שמעון 34,הר נוף
אגסי שמעון 4,הר נוף
אגסי שמעון 50,הר נוף
אגסי שמעון 52,הר נוף
אגסי שמעון 54,הר נוף
אגסי שמעון 58,הר נוף
אגסי שמעון 62,הר נוף
אגרון 10,טלביה
אגרות משה 10,רמת שלמה
אגרות משה 11,רמת שלמה
אגרות משה 12,רמת שלמה
אגרות משה 13,רמת שלמה
אגרות משה 19,רמת שלמה
אגרות משה 21,רמת שלמה
אגרות משה 22,רמת שלמה
אגרות משה 23,רמת שלמה
אגרות משה 24,רמת שלמה
אגרות משה 3,רמת שלמה
אגרות משה 5,רמת שלמה
אגרות משה 6,רמת שלמה
אגרות משה 7,רמת שלמה
אגרות משה 8,רמת שלמה
אגרות משה 9,רמת שלמה
אגריפס 119,נחלאות
אגריפס 141,נחלאות
אגריפס 145,נחלאות
אגריפס 155,נחלאות
אגריפס 159,נחלאות
אגריפס 169,נחלאות
אגריפס 171,נחלאות
אגריפס 173,נחלאות
אגריפס 175,נחלאות
אגריפס 177,נחלאות
אגריפס 183,נחלאות
אגריפס 187,נחלאות
אגריפס 27,נחלאות
אגריפס 6,נחלאות
אדהאן יחייא 10,מוסררה
אדהאן יחייא 14,מוסררה
אדהאן יחייא 16,מוסררה
אדהאן יחייא 22,מוסררה
אדלמן 13,בוכרים
אדלמן 2,בוכרים
אדלמן 7,בוכרים
אדם 12,תלפיות מזרח
אדם 16,תלפיות מזרח
אדם 17,תלפיות מזרח
אדם 21,תלפיות מזרח
אדם 23,תלפיות מזרח
אדם 25,תלפיות מזרח
אדם 29,תלפיות מזרח
אדם 35,תלפיות מזרח
אדם 39,תלפיות מזרח
אדם 43,תלפיות מזרח
אדם 45,תלפיות מזרח
אדם 47,תלפיות מזרח
אדם 49,תלפיות מזרח
אדם 51,תלפיות מזרח
אדם 605,תלפיות מזרח
אדם 606,תלפיות מזרח
אדם 607,תלפיות מזרח
אדם 609,תלפיות מזרח
אדם 610,תלפיות מזרח
אדם 611,תלפיות מזרח
אדם 613,תלפיות מזרח
אדם 614,תלפיות מזרח
אדם 617,תלפיות מזרח
אדם 619,תלפיות מזרח
אדם 620,תלפיות מזרח
אדם 621,תלפיות מזרח
אדם 623,תלפיות מזרח
אדם 628,תלפיות מזרח
אדמון 2,מאה שערים
אדמון 20,מאה שערים
אדמון 3,מאה שערים
אדמון 7,מאה שערים
אדמון 8,מאה שערים
אדמון 9,מאה שערים
אדמונד סחייק 1,תלפיות מזרח
אדמונד סחייק 10,תלפיות מזרח
אדמונד סחייק 11,תלפיות מזרח
אדמונד סחייק 12,תלפיות מזרח
אדמונד סחייק 13,תלפיות מזרח
אדמונד סחייק 14,תלפיות מזרח
אדמונד סחייק 15,תלפיות מזרח
אדמונד סחייק 16,תלפיות מזרח
אדמונד סחייק 17,תלפיות מזרח
אדמונד סחייק 18,תלפיות מזרח
אדמונד סחייק 19,תלפיות מזרח
אדמונד סחייק 20,תלפיות מזרח
אדמונד סחייק 3,תלפיות מזרח
אדמונד סחייק 5,תלפיות מזרח
אדמונד סחייק 6,תלפיות מזרח
אדמונד סחייק 7,תלפיות מזרח
אדמונד סחייק 8,תלפיות מזרח
אדמונד סחייק 9,תלפיות מזרח
אדניהו הכהן 15,בוכרים
אדניהו הכהן 23,בוכרים
אדניהו הכהן 31,בוכרים
אדניהו הכהן 32,בוכרים
אדניהו הכהן 33,בוכרים
אדניהו הכהן 34,בוכרים
אדניהו הכהן 4,בוכרים
אדניהו הכהן 40,בוכרים
אדניהו הכהן 42,בוכרים
אדניהו הכהן 46,בוכרים
אדניהו הכהן 50,בוכרים
אדניהו הכהן 6,בוכרים
אהוד 1,בקעה
אהל משה 1,נחלאות
אהל משה 11,נחלאות
אהל משה 13,נחלאות
אהל משה 15,נחלאות
אהל משה 17,נחלאות
אהל משה 19,נחלאות
אהל משה 21,נחלאות
אהל משה 23,נחלאות
אהל משה 25,נחלאות
אהל משה 3,נחלאות
אהל משה 5,נחלאות
אהל משה 7,נחלאות
אהל משה 9,נחלאות
אהל שלמה 10,נחלאות
אהל שלמה 12,נחלאות
אהל שלמה 14,נחלאות
אהל שלמה 16,נחלאות
אהל שלמה 18,נחלאות
אהל שלמה 20,נחלאות
אהל שלמה 22,נחלאות
אהל שלמה 23,נחלאות
אהל שלמה 3,נחלאות
אהל שלמה 6,נחלאות
אהל שלמה 8,נחלאות
אהל שלמה 9,נחלאות
אהל שלמה 9999,נחלאות
אהלי יוסף 1111,רוממה
אהלי יוסף 16,רוממה
אהלי יוסף 22,רוממה
אהלי יוסף 9,רוממה
אהליאב 15,רוממה
אהליאב 20,רוממה
אהליאב 26,רוממה
אהליאב 30,רוממה
אהליאב 32,רוממה
אהליאב 34,רוממה
אהליאב 41,רוממה
אהליאב 7,רוממה
אהרון כהן 1,הר חומה
אהרון כהן 11,הר חומה
אהרון כהן 13,הר חומה
אהרון כהן 15,הר חומה
אהרון כהן 17,הר חומה
אהרון כהן 19,הר חומה
אהרון כהן 21,הר חומה
אהרון כהן 3,הר חומה
אהרון כהן 4,הר חומה
אהרון כהן 5,הר חומה
אהרון כהן 6,הר חומה
אהרון כהן 7,הר חומה
אהרון כהן 8,הר חומה
אהרון כהן 9,הר חומה
אהרוני 1,גבעת הוורדים
אהרוני 10,גבעת הוורדים
אהרוני 12,גבעת הוורדים
אהרוני 14,גבעת הוורדים
אהרוני 3,גבעת הוורדים
אהרוני 4,גבעת הוורדים
אהרוני 5,גבעת הוורדים
אהרוני 6,גבעת הוורדים
אהרוני 8,גבעת הוורדים
אהרוני 9,גבעת הוורדים
אהרנפלד נחום 10,פסגת זאב
אהרנפלד נחום 11,פסגת זאב
אהרנפלד נחום 12,פסגת זאב
אהרנפלד נחום 13,פסגת זאב
אהרנפלד נחום 14,פסגת זאב
אהרנפלד נחום 15,פסגת זאב
אהרנפלד נחום 16,פסגת זאב
אהרנפלד נחום 17,פסגת זאב
אהרנפלד נחום 18,פסגת זאב
אהרנפלד נחום 19,פסגת זאב
אהרנפלד נחום 2,פסגת זאב
אהרנפלד נחום 20,פסגת זאב
אהרנפלד נחום 21,פסגת זאב
אהרנפלד נחום 22,פסגת זאב
אהרנפלד נחום 23,פסגת זאב
אהרנפלד נחום 24,פסגת זאב
אהרנפלד נחום 25,פסגת זאב
אהרנפלד נחום 26,פסגת זאב
אהרנפלד נחום 27,פסגת זאב
אהרנפלד נחום 28,פסגת זאב
אהרנפלד נחום 30,פסגת זאב
אהרנפלד נחום 4,פסגת זאב
אהרנפלד נחום 5,פסגת זאב
אהרנפלד נחום 6,פסגת זאב
אהרנפלד נחום 7,פסגת זאב
אהרנפלד נחום 8,פסגת זאב
אהרנפלד נחום 9,פסגת זאב
אודם 12,גילה
אודם 14,גילה
אודם 18,גילה
אודם 2,גילה
אודם 20,גילה
אודם 22,גילה
אודם 24,גילה
אודם 26,גילה
אודם 32,גילה
אודם 34,גילה
אודם 36,גילה
אודם 38,גילה
אודם 4,גילה
אודם 40,גילה
אודם 42,גילה
אודם 44,גילה
אודם 46,גילה
אודם 571,גילה
אודם 572,גילה
אודם 580,גילה
אודם 585,גילה
אודם 6,גילה
אודם 8,גילה
אוהל יהושע 1,רוממה
אוהל יהושע 10,רוממה
אוהל יהושע 3,רוממה
אוהל יהושע 5,רוממה
אוהל יהושע 6,רוממה
אוהל יהושע 8,רוממה
אוליפנט 2,טלביה
אוליפנט 3,טלביה
אוליפנט 4,טלביה
אוליפנט 5,טלביה
אוליפנט 7,טלביה
אולשוונגר 111,קרית היובל
אולשוונגר 112,קרית היובל
אולשוונגר 113,קרית היובל
אולשוונגר 114,קרית היובל
אולשוונגר 115,קרית היובל
אולשוונגר 12,קרית היובל
אולשוונגר 14,קרית היובל
אולשוונגר 18,קרית היובל
אולשוונגר 19,קרית היובל
אולשוונגר 2,קרית היובל
אולשוונגר 20,קרית היובל
אולשוונגר 4,קרית היובל
אולשוונגר 5,קרית היובל
אולשוונגר 6,קרית היובל
אולשוונגר 8,קרית היובל
אולשוונגר 999,קרית היובל
אולשן יצחק 1,רמות
אולשן יצחק 11,רמות
אולשן יצחק 13,רמות
אולשן יצחק 15,רמות
אולשן יצחק 17,רמות
אולשן יצחק 19,רמות
אולשן יצחק 21,רמות
אולשן יצחק 3,רמות
אולשן יצחק 5,רמות
אולשן יצחק 7,רמות
אולשן יצחק 9,רמות
אום אל עצאפיר 1,עיסוויה
אום אל עצאפיר 4,עיסוויה
אום אל עצאפיר 6,עיסוויה
אום אל עצאפיר 999,עיסוויה
אום אל עצאפיר סמ1 15,עיסוויה
אום אל עצאפיר סמ1 6,עיסוויה
אום אל עצאפיר סמ1 7,עיסוויה
אום אל עצאפיר סמ2 4,עיסוויה
אום אל עצאפיר סמ2 6,עיסוויה
אום אל עצאפיר סמ3 4,עיסוויה
אום אלמואמנין 10,שועפאט
אום אלמואמנין 11,שועפאט
אום אלמואמנין 2,שועפאט
אום אלמואמנין 3,שועפאט
אום אלמואמנין 4,שועפאט
אום אלמואמנין 5,שועפאט
אום אלמואמנין 58,שועפאט
אום אלמואמנין 6,שועפאט
אום אלמואמנין 8,שועפאט
אום אלמואמנין 9,שועפאט
אום הרון,באב א-זהרה
אום הרון 4,באב א-זהרה
אום הרון 999,באב א-זהרה
אום טובא 1,צור באחר
אום טובא 10,צור באחר
אום טובא 11,צור באחר
אום טובא 117,צור באחר
אום טובא 12,צור באחר
אום טובא 125,צור באחר
אום טובא 13,צור באחר
אום טובא 14,צור באחר
אום טובא 15,צור באחר
אום טובא 17,צור באחר
אום טובא 19,צור באחר
אום טובא 2,צור באחר
אום טובא 26,צור באחר
אום טובא 3,צור באחר
אום טובא 31,צור באחר
אום טובא 36,צור באחר
אום טובא 37,צור באחר
אום טובא 4,צור באחר
אום טובא 46,צור באחר
אום טובא 5,צור באחר
אום טובא 61,צור באחר
אום טובא 684,צור באחר
אום טובא 7,צור באחר
אום טובא 8,צור באחר
אום כולתום 10,בית חנינא
אום כולתום 11,בית חנינא
אום כולתום 12,בית חנינא
אום כולתום 13,בית חנינא
אום כולתום 14,בית חנינא
אום כולתום 15,בית חנינא
אום כולתום 16,בית חנינא
אום כולתום 17,בית חנינא
אום כולתום 18,בית חנינא
אום כולתום 19,בית חנינא
אום כולתום 2,בית חנינא
אום כולתום 20,בית חנינא
אום כולתום 22,בית חנינא
אום כולתום 28,בית חנינא
אום כולתום 30,בית חנינא
אום כולתום 31,בית חנינא
אום כולתום 32,בית חנינא
אום כולתום 34,בית חנינא
אום כולתום 4,בית חנינא
אום כולתום 5,בית חנינא
אום כולתום 6,בית חנינא
אום כולתום 7,בית חנינא
אום כולתום 8,בית חנינא
אום כולתום 9,בית חנינא
אום כולתום 999,בית חנינא
אום ליסון 1,ג'בל מוכבר
אום ליסון 100,ג'בל מוכבר
אום ליסון 102,ג'בל מוכבר
אום ליסון 106,ג'בל מוכבר
אום ליסון 108,ג'בל מוכבר
אום ליסון 11,ג'בל מוכבר
אום ליסון 118,ג'בל מוכבר
אום ליסון 12,ג'בל מוכבר
אום ליסון 120,ג'בל מוכבר
אום ליסון 125,ג'בל מוכבר
אום ליסון 126,ג'בל מוכבר
אום ליסון 128,ג'בל מוכבר
אום ליסון 13,ג'בל מוכבר
אום ליסון 132,ג'בל מוכבר
אום ליסון 136,ג'בל מוכבר
אום ליסון 138,ג'בל מוכבר
אום ליסון 14,ג'בל מוכבר
אום ליסון 142,ג'בל מוכבר
אום ליסון 15,ג'בל מוכבר
אום ליסון 17,ג'בל מוכבר
אום ליסון 18,ג'בל מוכבר
אום ליסון 2,ג'בל מוכבר
אום ליסון 20,ג'בל מוכבר
אום ליסון 201,ג'בל מוכבר
אום ליסון 22,ג'בל מוכבר
אום ליסון 23,ג'בל מוכבר
אום ליסון 24,ג'בל מוכבר
אום ליסון 26,ג'בל מוכבר
אום ליסון 28,ג'בל מוכבר
אום ליסון 31,ג'בל מוכבר
אום ליסון 34,ג'בל מוכבר
אום ליסון 42,ג'בל מוכבר
אום ליסון 44,ג'בל מוכבר
אום ליסון 45,ג'בל מוכבר
אום ליסון 49,ג'בל מוכבר
אום ליסון 53,ג'בל מוכבר
אום ליסון 54,ג'בל מוכבר
אום ליסון 55,ג'בל מוכבר
אום ליסון 65,ג'בל מוכבר
אום ליסון 66,ג'בל מוכבר
אום ליסון 67,ג'בל מוכבר
אום ליסון 7,ג'בל מוכבר
אום ליסון 70,ג'בל מוכבר
אום ליסון 71,ג'בל מוכבר
אום ליסון 73,ג'בל מוכבר
אום ליסון 778,ג'בל מוכבר
אום ליסון 80,ג'בל מוכבר
אום ליסון 83,ג'בל מוכבר
אום ליסון 90,ג'בל מוכבר
אום ליסון 92,ג'בל מוכבר
אום ליסון 94,ג'בל מוכבר
אום ליסון סמ1 11,ג'בל מוכבר
אום ליסון סמ1 3,ג'בל מוכבר
אום ליסון סמ1 4,ג'בל מוכבר
אום ליסון סמ1 7,ג'בל מוכבר
אום ליסון סמ2 4,ג'בל מוכבר
אום ליסון סמ3 14,ג'בל מוכבר
אום ליסון סמ3 16,ג'בל מוכבר
אום ליסון סמ3 20,ג'בל מוכבר
אום ליסון סמ3 22,ג'בל מוכבר
אום ליסון סמ3 24,ג'בל מוכבר
אום ליסון סמ3 26,ג'בל מוכבר
אום ליסון סמ3 30,ג'בל מוכבר
אום ליסון סמ4 12,ג'בל מוכבר
אום ליסון סמ4 6,ג'בל מוכבר
אום ליסון סמ4 8,ג'בל מוכבר
אום ליסון סמ6 10,ג'בל מוכבר
אום ליסון סמ6 11,ג'בל מוכבר
אום ליסון סמ6 12,ג'בל מוכבר
אום ליסון סמ6 15,ג'בל מוכבר
אום ליסון סמ6 17,ג'בל מוכבר
אום ליסון סמ6 2,ג'בל מוכבר
אום ליסון סמ6 4,ג'בל מוכבר
אום ליסון סמ6 5,ג'בל מוכבר
אום ליסון סמ6 80,ג'בל מוכבר
אום ליסון סמ6 9,ג'בל מוכבר
אום ליסון סמ8 8,ג'בל מוכבר
אום ליסון סמ8 9,ג'בל מוכבר
אונקלוס 4,גבעת שאול
אוסישקין 10,רחביה
אוסישקין 11,רחביה
אוסישקין 12,רחביה
אוסישקין 13,רחביה
אוסישקין 14,רחביה
אוסישקין 17,רחביה
אוסישקין 18,רחביה
אוסישקין 19,רחביה
אוסישקין 2,רחביה
אוסישקין 21,רחביה
אוסישקין 22,רחביה
אוסישקין 23,רחביה
אוסישקין 27,רחביה
אוסישקין 29,רחביה
אוסישקין 3,רחביה
אוסישקין 31,רחביה
אוסישקין 33,רחביה
אוסישקין 35,רחביה
אוסישקין 39,רחביה
אוסישקין 42,רחביה
אוסישקין 43,רחביה
אוסישקין 45,רחביה
אוסישקין 49,נחלאות
אוסישקין 51,נחלאות
אוסישקין 53,נחלאות
אוסישקין 56,נחלאות
אוסישקין 58,רחביה
אוסישקין 59,נחלאות
אוסישקין 61,נחלאות
אוסישקין 62,נחלאות
אוסישקין 63,נחלאות
אוסישקין 64,נחלאות
אוסישקין 66,רחביה
אופירה 1,סנהדריה
אופירה 10,סנהדריה
אופירה 12,סנהדריה
אופירה 14,סנהדריה
אופירה 4,סנהדריה
אופירה 5,סנהדריה
אופירה 6,סנהדריה
אופירה 7,סנהדריה
אופירה 8,סנהדריה
אוצר הגאונים 10,נווה יעקב
אוצר הגאונים 12,נווה יעקב
אוצר הגאונים 13,נווה יעקב
אוצר הגאונים 15,נווה יעקב
אוצר הגאונים 17,נווה יעקב
אוצר הגאונים 19,נווה יעקב
אוצר הגאונים 2,נווה יעקב
אוצר הגאונים 21,נווה יעקב
אוצר הגאונים 23,נווה יעקב
אוצר הגאונים 4,נווה יעקב
אוצר הגאונים 5,נווה יעקב
אוצר הגאונים 6,נווה יעקב
אוצר הגאונים 8,נווה יעקב
אור אלחנן 14,רוממה
אור אלחנן 16,רוממה
אור אלחנן 18,רוממה
אור החיים 1,העיר העתיקה
אור החיים 10,העיר העתיקה
אור החיים 11,העיר העתיקה
אור החיים 25,העיר העתיקה
אור החיים 3,העיר העתיקה
אור החיים 5,העיר העתיקה
אור החיים 9,העיר העתיקה
אורבך אפרים 10,בוכרים
אורבך אפרים 12,בוכרים
אורבך אפרים 17,בוכרים
אורבך אפרים 18,בוכרים
אורבך אפרים 2,בוכרים
אורבך אפרים 20,בוכרים
אורבך אפרים 22,בוכרים
אורבך אפרים 4,בוכרים
אורבך אפרים 5,בוכרים
אורבך אפרים 6,בוכרים
אורבך אפרים 7,בוכרים
אורבך אפרים 8,בוכרים
אורבך אפרים 9,בוכרים
אורוגואי 12,קרית היובל
אורוגואי 14,קרית היובל
אורוגואי 16,קרית היובל
אורוגואי 19,קרית היובל
אורוגואי 20,קרית היובל
אורוגואי 21,קרית היובל
אורוגואי 22,קרית היובל
אורוגואי 24,קרית היובל
אורוגואי 26,קרית היובל
אורוגואי 27,קרית היובל
אורוגואי 28,קרית היובל
אורוגואי 29,קרית היובל
אורוגואי 30,קרית היובל
אורוגואי 32,קרית היובל
אורוגואי 44,קרית היובל
אורוגואי 46,קרית היובל
אורוגואי 48,קרית היובל
אורוגואי 52,קרית היובל
אורוגואי 54,קרית היובל
אורי בן ארי 10,פסגת זאב
אורי בן ארי 11,פסגת זאב
אורי בן ארי 12,פסגת זאב
אורי בן ארי 14,פסגת זאב
אורי בן ארי 15,פסגת זאב
אורי בן ארי 17,פסגת זאב
אורי בן ארי 19,פסגת זאב
אורי בן ארי 2,פסגת זאב
אורי בן ארי 21,פסגת זאב
אורי בן ארי 23,פסגת זאב
אורי בן ארי 25,פסגת זאב
אורי בן ארי 27,פסגת זאב
אורי בן ארי 3,פסגת זאב
אורי בן ארי 4,פסגת זאב
אורי בן ארי 5,פסגת זאב
אורי בן ארי 6,פסגת זאב
אורי בן ארי 7,פסגת זאב
אורי בן ארי 8,פסגת זאב
אורי בן ארי 9,פסגת זאב
אוריאלי זכריהו 2,תלפיות מזרח
אושא 10,נחלאות
אושא 11,נחלאות
אושא 13,נחלאות
אושא 2,נחלאות
אושא 3,נחלאות
אושא 4,נחלאות
אושא 5,נחלאות
אושא 6,נחלאות
אושא 7,נחלאות
אושא 8,נחלאות
אושא 9,נחלאות
אחד העם 11,טלביה
אחד העם 16,טלביה
אחד העם 18,טלביה
אחד העם 19,טלביה
אחד העם 21,טלביה
אחד העם 22,טלביה
אחד העם 23,טלביה
אחד העם 24,טלביה
אחד העם 6,טלביה
אחד העם 7,טלביה
אחד העם 8,טלביה
אחד העם 9,טלביה
אחינעם 11,סנהדריה
אחינעם 3,סנהדריה
אחינעם 5,סנהדריה
אחינעם 6,סנהדריה
אחמד אבן חנבל 1,צור באחר
אחמד אבן חנבל 15,צור באחר
אחמד אבן חנבל 16,צור באחר
אחמד אבן חנבל 20,צור באחר
אחמד אבן חנבל 25,צור באחר
אחמד אבן חנבל 27,צור באחר
אחמד אבן חנבל 29,צור באחר
אחמד אבן חנבל 3,צור באחר
אחמד אבן חנבל 30,צור באחר
אחמד אבן חנבל 35,צור באחר
אחמד אבן חנבל 39,צור באחר
אחמד אבן חנבל 4,צור באחר
אחמד אבן חנבל 45,צור באחר
אחמד אבן חנבל 5,צור באחר
אחמד אבן חנבל 7,צור באחר
אחמד אבן חנבל סמ 1 10,צור באחר
אחמד אבן חנבל סמ 1 11,צור באחר
אחמד אבן חנבל סמ 1 14,צור באחר
אחמד אבן חנבל סמ 1 4,צור באחר
אחמד אבן חנבל סמ 1 5,צור באחר
אחמד אבן חנבל סמ 1 9,צור באחר
אחמד אבן חנבל סמ 1 9999,צור באחר
אחמד אבן חנבל סמ10 5,צור באחר
אחמד אבן חנבל סמ2 1,צור באחר
אחמד אבן חנבל סמ3 5,צור באחר
אחמד אבן חנבל סמ3 9,צור באחר
אחמד אבן חנבל סמ8 1,צור באחר
אחמד אבן חנבל סמ8 5,צור באחר
אחמד אבן חנבל סמ8 6,צור באחר
אחמד עדילה 12,ראס אל-עמוד
אחמד עדילה 14,ראס אל-עמוד
אחמד עדילה 15,ראס אל-עמוד
אחמד עדילה 19,ראס אל-עמוד
אחמד עדילה 2,ראס אל-עמוד
אחמד עדילה 22,ראס אל-עמוד
אחמד עדילה 23,ראס אל-עמוד
אחמד עדילה 25,ראס אל-עמוד
אחמד עדילה 3,ראס אל-עמוד
אחמד עדילה 5,ראס אל-עמוד
אחמד עדילה 8,ראס אל-עמוד
אחמד עלי 11,עיסוויה
אחמד עלי 23,עיסוויה
אחמד עלי 25,עיסוויה
אחמד עלי 27,עיסוויה
אחמד עלי 28,עיסוויה
אחמד עלי 3,עיסוויה
אחמד עלי 35,עיסוויה
אחמד עלי 36,עיסוויה
אחמד עלי 41,עיסוויה
אחמד עלי 45,עיסוויה
אחמד עלי 5,עיסוויה
אחמד עלי 51,עיסוויה
אחמד עלי 59,עיסוויה
אחמד עלי 65,עיסוויה
אחמד עלי 67,עיסוויה
אחמד עלי 71,עיסוויה
אחמד עלי 75,עיסוויה
אחמד עלי 79,עיסוויה
אחמד עלי 8,עיסוויה
אחמד עלי 9,עיסוויה
אחמד עלי סמ1 4,עיסוויה
אחמד עלי סמ2 8,עיסוויה
אחמד עלי סמ4 1,עיסוויה
אחמד עלי סמ4 2,עיסוויה
אחמד עלי סמ4 6,עיסוויה
אחמד עלי סמ4 9999,עיסוויה
אחמד עלי סמ8 5,עיסוויה
אחמד שאוקי 10,שועפאט
אחמד שאוקי 12,שועפאט
אחמד שאוקי 14,שועפאט
אחמד שאוקי 15,שועפאט
אחמד שאוקי 16,שועפאט
אחמד שאוקי 18,שועפאט
אחמד שאוקי 19,שועפאט
אחמד שאוקי 21,שועפאט
אחמד שאוקי 22,שועפאט
אחמד שאוקי 23,שועפאט
אחמד שאוקי 24,שועפאט
אחמד שאוקי 25,שועפאט
אחמד שאוקי 27,שועפאט
אחמד שאוקי 3,שועפאט
אחמד שאוקי 31,שועפאט
אחמד שאוקי 35,שועפאט
אחמד שאוקי 45,שועפאט
אחמד שאוקי 46,שועפאט
אחמד שאוקי 49,שועפאט
אחמד שאוקי 53,שועפאט
אחמד שאוקי 57,שועפאט
אחמד שאוקי 7,שועפאט
אחמד שאוקי סמ3 1,שועפאט
אחמד שאוקי סמ3 4,שועפאט
אחמד שאוקי סמ8 1,שועפאט
אחמד שאוקי סמ8 14,שועפאט
אחמד שאוקי סמ8 16,שועפאט
אחמד שאוקי סמ8 17,שועפאט
אחמד שאוקי סמ8 20,שועפאט
אחמד שאוקי סמ8 24,שועפאט
אחמד שאוקי סמ8 26,שועפאט
אחמד שאוקי סמ8 3,שועפאט
אחמד שאוקי סמ8 5,שועפאט
אחמד שאוקי סמ8 9999,שועפאט
אטינגר 11,קרית היובל
אטינגר 13,קרית היובל
אטינגר 15,קרית היובל
אטינגר 17,קרית היובל
אטינגר 19,קרית היובל
אטינגר 22,קרית היובל
אטינגר 23,קרית היובל
אטינגר 25,קרית היובל
אטינגר 27,קרית היובל
אטינגר 29,קרית היובל
אטינגר 3,קרית היובל
אטינגר 31,קרית היובל
אטינגר 5,קרית היובל
אטינגר 7,קרית היובל
אטינגר 9,קרית היובל
אידלזון אברהם 1,רמות
אידלזון אברהם 10,רמות
אידלזון אברהם 12,רמות
אידלזון אברהם 14,רמות
אידלזון אברהם 16,רמות
אידלזון אברהם 2,רמות
אידלזון אברהם 20,רמות
אידלזון אברהם 22,רמות
אידלזון אברהם 24,רמות
אידלזון אברהם 3,רמות
אידלזון אברהם 310,רמות
אידלזון אברהם 311,רמות
אידלזון אברהם 312,רמות
אידלזון אברהם 313,רמות
אידלזון אברהם 314,רמות
אידלזון אברהם 315,רמות
אידלזון אברהם 32,רמות
אידלזון אברהם 4,רמות
אידלזון אברהם 5,רמות
אידלזון אברהם 6,רמות
אידלזון אברהם 8,רמות
איחוד הכפר 102,בית צפאפא
איחוד הכפר 23,בית צפאפא
איחוד הכפר 25,בית צפאפא
איחוד הכפר 43,בית צפאפא
איחוד הכפר 44,בית צפאפא
איחוד הכפר 49,בית צפאפא
איחוד הכפר 53,בית צפאפא
איחוד הכפר 55,בית צפאפא
איחוד הכפר 68,בית צפאפא
איחוד הכפר 7,בית צפאפא
איחוד הכפר 83,בית צפאפא
אילן מרדכי צבי 12,מקור ברוך
אילן מרדכי צבי 4,מקור ברוך
אילן מרדכי צבי 6,מקור ברוך
אילן מרדכי צבי 8,מקור ברוך
אילת 1,נחלאות
אילת 11,נחלאות
אילת 12,נחלאות
אילת 13,נחלאות
אילת 15,נחלאות
אילת 16,נחלאות
אילת 17,נחלאות
אילת 22,נחלאות
אילת 23,נחלאות
אילת 25,נחלאות
אילת 26,נחלאות
אילת 27,נחלאות
אילת 29,נחלאות
אילת 3,נחלאות
אילת 4,נחלאות
אילת 5,נחלאות
אילת 7,נחלאות
אימרו אל קיס 1,וואדי אל-ג'וז
אימרו אל קיס 12,וואדי אל-ג'וז
אימרו אל קיס 14,וואדי אל-ג'וז
אימרו אל קיס 16,וואדי אל-ג'וז
אימרו אל קיס 17,וואדי אל-ג'וז
אימרו אל קיס 18,וואדי אל-ג'וז
אימרו אל קיס 23,וואדי אל-ג'וז
אימרו אל קיס 32,וואדי אל-ג'וז
אימרו אל קיס 33,וואדי אל-ג'וז
אימרו אל קיס 34,וואדי אל-ג'וז
אימרו אל קיס 5,וואדי אל-ג'וז
אימרו אל קיס 50,וואדי אל-ג'וז
אימרו אל קיס 52,וואדי אל-ג'וז
אימרו אל קיס 57,וואדי אל-ג'וז
אימרו אל קיס 59,וואדי אל-ג'וז
אימרו אל קיס 63,וואדי אל-ג'וז
אימרו אל קיס 65,וואדי אל-ג'וז
אימרו אל קיס 67,וואדי אל-ג'וז
אימרו אל קיס 69,וואדי אל-ג'וז
אימרו אל קיס 7,וואדי אל-ג'וז
אימרו אל קיס 71,וואדי אל-ג'וז
אימרו אל קיס 73,וואדי אל-ג'וז
אימרו אל קיס 79,וואדי אל-ג'וז
אימרו אל קיס 81,וואדי אל-ג'וז
אימרו אל קיס 83,וואדי אל-ג'וז
אימרו אל קיס 85,וואדי אל-ג'וז
אימרו אל קיס 9,וואדי אל-ג'וז
אימרו אל קיס 93,וואדי אל-ג'וז
אימרו אל קיס 95,וואדי אל-ג'וז
אימרו אל קיס סמ6 1,וואדי אל-ג'וז
אימרו אל קיס סמ6 13,וואדי אל-ג'וז
אימרו אל קיס סמ6 5,וואדי אל-ג'וז
אימרו אל קיס סמ6 7,וואדי אל-ג'וז
אימרו אל קיס סמ6 9,וואדי אל-ג'וז
איסחאק אל מווסילי 1,בית חנינא
איסחאק אל מווסילי 12,בית חנינא
איסחאק אל מווסילי 4,בית חנינא
איסחאק אל מווסילי 5,בית חנינא
איסלנד 1,קרית מנחם
איסלנד 12,קרית מנחם
איסלנד 15,קרית מנחם
איסלנד 16,קרית מנחם
איסלנד 17,קרית מנחם
איסלנד 18,קרית מנחם
איסלנד 19,קרית מנחם
איסלנד 20,קרית מנחם
איסלנד 21,קרית מנחם
איסלנד 24,קרית מנחם
איסלנד 26,קרית מנחם
איסלנד 3,קרית מנחם
איסלנד 30,קרית מנחם
איסלנד 32,קרית מנחם
איסלנד 34,קרית מנחם
איסלנד 36,קרית מנחם
איסלנד 38,קרית מנחם
איסלנד 40,קרית מנחם
איסלנד 42,קרית מנחם
איסלנד 44,קרית מנחם
איסלנד 5,קרית מנחם
איסלנד 7,קרית מנחם
איש מצליח 1,הר חומה
איתמר בן אבי 10,טלביה
איתמר בן אבי 11,טלביה
איתמר בן אבי 12,טלביה
איתמר בן אבי 14,טלביה
איתמר בן אבי 16,טלביה
איתמר בן אבי 2,טלביה
איתמר בן אבי 20,טלביה
איתמר בן אבי 22,טלביה
איתמר בן אבי 4,טלביה
איתמר בן אבי 5,טלביה
איתמר בן אבי 6,טלביה
איתמר בן אבי 7,טלביה
איתמר בן אבי 8,טלביה
איתמר בן אבי 9,טלביה
אל אחילאס 2,בית חנינא
אל אחילאס 4,בית חנינא
אל אחילאס 6,בית חנינא
אל אחילאס 8,בית חנינא
אל אחתראם,בית חנינא
אל אחתראם 10,בית חנינא
אל אחתראם 12,בית חנינא
אל אחתראם 2,בית חנינא
אל אחתראם 21,בית חנינא
אל אחתראם 22,בית חנינא
אל אחתראם 23,בית חנינא
אל אחתראם 25,בית חנינא
אל אחתראם 27,בית חנינא
אל אחתראם 28,בית חנינא
אל אחתראם 29,בית חנינא
אל אחתראם 30,בית חנינא
אל אחתראם 32,בית חנינא
אל אחתראם 34,בית חנינא
אל אחתראם 38,בית חנינא
אל אחתראם 40,בית חנינא
אל אחתראם 42,בית חנינא
אל אחתראם 44,בית חנינא
אל אחתראם 46,בית חנינא
אל אחתראם 48,בית חנינא
אל אחתראם 51,בית חנינא
אל אחתראם 52,בית חנינא
אל אחתראם 54,בית חנינא
אל אחתראם 56,בית חנינא
אל אחתראם 58,בית חנינא
אל אחתראם 60,בית חנינא
אל אחתראם 62,בית חנינא
אל אחתראם 64,בית חנינא
אל אחתראם 8,בית חנינא
אל אחתראם 9999,בית חנינא
אל אחתראם סמ17 10,בית חנינא
אל אחתראם סמ17 3,בית חנינא
אל אחתראם סמ17 5,בית חנינא
אל אחתראם סמ17 6,בית חנינא
אל אחתראם סמ5 1,בית חנינא
אל אחתראם סמ5 12,בית חנינא
אל אחתראם סמ5 14,בית חנינא
אל אחתראם סמ5 2,בית חנינא
אל אחתראם סמ5 4,בית חנינא
אל אחתראם סמ5 5,בית חנינא
אל אחתראם סמ5 8,בית חנינא
אל אחתראם סמ5 9999,בית חנינא
אל אחתראם סמ9 1,בית חנינא
אל אחתראם סמ9 2,בית חנינא
אל איאם 10,בית חנינא
אל איאם 12,בית חנינא
אל איאם 15,בית חנינא
אל איאם 16,בית חנינא
אל איאם 18,בית חנינא
אל איאם 19,בית חנינא
אל איאם 20,בית חנינא
אל איאם 27,בית חנינא
אל איאם 29,בית חנינא
אל איאם 31,בית חנינא
אל איאם 32,בית חנינא
אל איאם 33,בית חנינא
אל איאם 34,בית חנינא
אל איאם 35,בית חנינא
אל איאם 36,בית חנינא
אל איאם 37,בית חנינא
אל איאם 38,בית חנינא
אל איאם 39,בית חנינא
אל איאם 40,בית חנינא
אל איאם 41,בית חנינא
אל איאם 42,בית חנינא
אל איאם 49,בית חנינא
אל איאם 5,בית חנינא
אל איאם 51,בית חנינא
אל איאם 57,בית חנינא
אל איאם 59,בית חנינא
אל איאם 62,בית חנינא
אל איאם 63,בית חנינא
אל איאם 65,בית חנינא
אל איאם 7,בית חנינא
אל איאם 8,בית חנינא
אל איאם 999,בית חנינא
אל איאם סמ5 1,בית חנינא
אל איאם סמ5 11,בית חנינא
אל איאם סמ5 13,בית חנינא
אל איאם סמ5 3,בית חנינא
אל איאם סמ5 5,בית חנינא
אל איאם סמ5 7,בית חנינא
אל איאם סמ5 9,בית חנינא
אל איאם סמ6 10,בית חנינא
אל איאם סמ6 12,בית חנינא
אל איאם סמ6 14,בית חנינא
אל איאם סמ6 16,בית חנינא
אל איאם סמ6 2,בית חנינא
אל איאם סמ6 4,בית חנינא
אל איאם סמ6 6,בית חנינא
אל איאם סמ6 8,בית חנינא
אל איאם סמ7 1,בית חנינא
אל איאם סמ7 10,בית חנינא
אל איאם סמ7 11,בית חנינא
אל איאם סמ7 12,בית חנינא
אל איאם סמ7 13,בית חנינא
אל איאם סמ7 14,בית חנינא
אל איאם סמ7 16,בית חנינא
אל איאם סמ7 17,בית חנינא
אל איאם סמ7 18,בית חנינא
אל איאם סמ7 2,בית חנינא
אל איאם סמ7 20,בית חנינא
אל איאם סמ7 22,בית חנינא
אל איאם סמ7 3,בית חנינא
אל איאם סמ7 4,בית חנינא
אל איאם סמ7 5,בית חנינא
אל איאם סמ7 6,בית חנינא
אל איאם סמ7 7,בית חנינא
אל איאם סמ7 8,בית חנינא
אל איאם סמ7 9,בית חנינא
אל איאם סמ8 10,בית חנינא
אל איאם סמ8 14,בית חנינא
אל איאם סמ8 19,בית חנינא
אל איאם סמ8 23,בית חנינא
אל איאם סמ8 25,בית חנינא
אל איאם סמ8 27,בית חנינא
אל איאם סמ8 29,בית חנינא
אל איאם סמ8 31,בית חנינא
אל איאם סמ8 33,בית חנינא
אל איאם סמ8 999,בית חנינא
אל איאם סמ8 9999,בית חנינא
אל אימאם מוסלים 10,בית חנינא
אל אימאם מוסלים 17,בית חנינא
אל אימאם מוסלים 2,בית חנינא
אל אימאם מוסלים 21,בית חנינא
אל אימאם מוסלים 5,בית חנינא
אל אימאם מוסלים 7,בית חנינא
אל אימאם מוסלים 8,בית חנינא
אל אימאם מוסלים סמ4 10,בית חנינא
אל אימאם מוסלים סמ4 4,בית חנינא
אל אימאם מוסלים סמ4 6,בית חנינא
אל אימאם מוסלים סמ4 8,בית חנינא
אל אימאם מוסלים סמ6 2,בית חנינא
אל אימאם מוסלים סמ6 4,בית חנינא
אל אנסאר 1,ראס אל-עמוד
אל אנסאר 18,ראס אל-עמוד
אל אנסאר 3,ראס אל-עמוד
אל אנסאר 32,ראס אל-עמוד
אל אנסאר 6,ראס אל-עמוד
אל אנסאר 7,ראס אל-עמוד
אל אנסאר 8,ראס אל-עמוד
אל אצמעי,שועפאט
אל אצמעי 12,שועפאט
אל אצמעי 13,שועפאט
אל אצמעי 14,שועפאט
אל אצמעי 15,שועפאט
אל אצמעי 16,שועפאט
אל אצמעי 22,שועפאט
אל אצמעי 23,שועפאט
אל אצמעי 25,שועפאט
אל אצמעי 26,שועפאט
אל אצמעי 29,שועפאט
אל אצמעי 30,שועפאט
אל אצמעי 31,שועפאט
אל אצמעי 33,שועפאט
אל אצמעי 35,שועפאט
אל אצמעי 37,שועפאט
אל אצמעי 38,שועפאט
אל אצמעי 39,שועפאט
אל אצמעי 40,שועפאט
אל אצמעי 46,שועפאט
אל אצמעי 5,שועפאט
אל אצמעי 6,שועפאט
אל אצמעי 8,שועפאט
אל אצמעי סמ10 1,שועפאט
אל אצמעי סמ10 2,שועפאט
אל אצמעי סמ10 3,שועפאט
אל אצמעי סמ10 5,שועפאט
אל אצמעי סמ10 7,שועפאט
אל אצמעי סמ4 5,שועפאט
אל אצמעי סמ6 5,שועפאט
אל אצמעי סמ6 999,שועפאט
אל אצמעי סמ8 1,שועפאט
אל אצמעי סמ8 5,שועפאט
אל ארדשיר 10,בית חנינא
אל ארדשיר 17,בית חנינא
אל ארדשיר 2,בית חנינא
אל ארדשיר 4,בית חנינא
אל ארדשיר 999,בית חנינא
אל ארדשיר 9999,בית חנינא
אל ארמן 1,העיר העתיקה
אל ארמן 10,העיר העתיקה
אל ארמן 102,העיר העתיקה
אל ארמן 13,העיר העתיקה
אל ארמן 130,העיר העתיקה
אל ארמן 133,העיר העתיקה
אל ארמן 134,העיר העתיקה
אל ארמן 135,העיר העתיקה
אל ארמן 142,העיר העתיקה
אל ארמן 143,העיר העתיקה
אל ארמן 146,העיר העתיקה
אל ארמן 160,העיר העתיקה
אל ארמן 162,העיר העתיקה
אל ארמן 167,העיר העתיקה
אל ארמן 180,העיר העתיקה
אל ארמן 19,העיר העתיקה
אל ארמן 2,העיר העתיקה
אל ארמן 207,העיר העתיקה
אל ארמן 215,העיר העתיקה
אל ארמן 218,העיר העתיקה
אל ארמן 24,העיר העתיקה
אל ארמן 27,העיר העתיקה
אל ארמן 3,העיר העתיקה
אל ארמן 32,העיר העתיקה
אל ארמן 33,העיר העתיקה
אל ארמן 38,העיר העתיקה
אל ארמן 6,העיר העתיקה
אל ארמן 7,העיר העתיקה
אל ארמן 75,העיר העתיקה
אל ארמן 81,העיר העתיקה
אל ארמן 85,העיר העתיקה
אל ארמן 9,העיר העתיקה
אל ארמן 92,העיר העתיקה
אל ארמן 94,העיר העתיקה
אל בארודי 10,בית חנינא
אל בארודי 11,בית חנינא
אל בארודי 12,בית חנינא
אל בארודי 13,בית חנינא
אל בארודי 6,בית חנינא
אל בארודי 8,בית חנינא
אל בארודי 9,בית חנינא
אל בארודי 999,בית חנינא
אל בארודי סמ4 1,בית חנינא
אל בארודי סמ4 10,בית חנינא
אל בארודי סמ4 2,בית חנינא
אל בארודי סמ4 4,בית חנינא
אל בארודי סמ4 6,בית חנינא
אל בארודי סמ6 10,בית חנינא
אל בארודי סמ6 4,בית חנינא
אל בארודי סמ6 5,בית חנינא
אל בארודי סמ6 6,בית חנינא
אל בארודי סמ6 7,בית חנינא
אל בארודי סמ6 8,בית חנינא
אל בארודי סמ6 9,בית חנינא
אל בארודי סמ8 15,בית חנינא
אל בארודי סמ8 16,בית חנינא
אל בארודי סמ8 18,בית חנינא
אל בארודי סמ8 20,בית חנינא
אל בארודי סמ8 4,בית חנינא
אל בארודי סמ8 5,בית חנינא
אל בארודי סמ8 8,בית חנינא
אל בארודי סמ8 9,בית חנינא
אל בארודי סמ8 999,בית חנינא
אל בוח'ארי 3,בית חנינא
אל בוח'ארי 999,בית חנינא
אל בוחתורי 10,בית חנינא
אל בוחתורי 12,בית חנינא
אל בוחתורי 13,בית חנינא
אל בוחתורי 15,בית חנינא
אל בוחתורי 16,בית חנינא
אל בוחתורי 18,בית חנינא
אל בוחתורי 19,בית חנינא
אל בוחתורי 2,בית חנינא
אל בוחתורי 20,בית חנינא
אל בוחתורי 22,בית חנינא
אל בוחתורי 3,בית חנינא
אל בוחתורי 30,בית חנינא
אל בוחתורי 32,בית חנינא
אל בוחתורי 4,בית חנינא
אל בוחתורי 5,בית חנינא
אל בוחתורי 8,בית חנינא
אל בוחתורי 9999,בית חנינא
אל בוטמה 11,בית צפאפא
אל בוטמה 12,בית צפאפא
אל בוטמה 14,בית צפאפא
אל בוטמה 15,בית צפאפא
אל בוטמה 2,בית צפאפא
אל בוטמה 4,בית צפאפא
אל בוטמה 42,בית צפאפא
אל בוטמה 46,בית צפאפא
אל בוטמה 58,בית צפאפא
אל בוטמה 59,בית צפאפא
אל בוטמה 60,בית צפאפא
אל בוטמה 62,בית צפאפא
אל בוטמה 7,בית צפאפא
אל בוטמה 71,בית צפאפא
אל בוטמה 75,בית צפאפא
אל בוטמה 79,בית צפאפא
אל בוטמה 8,בית צפאפא
אל בוטמה 81,בית צפאפא
אל בוטמה 83,בית צפאפא
אל בוטמה 9,בית צפאפא
אל בוטמה 999,בית צפאפא
אל בוטמה 9999,בית צפאפא
אל בוטמה סמ1 10,בית צפאפא
אל בוסטמי,העיר העתיקה
אל בוסטמי 1,העיר העתיקה
אל בוסטמי 10,העיר העתיקה
אל בוסטמי 11,העיר העתיקה
אל בוסטמי 12,העיר העתיקה
אל בוסטמי 13,העיר העתיקה
אל בוסטמי 14,העיר העתיקה
אל בוסטמי 16,העיר העתיקה
אל בוסטמי 18,העיר העתיקה
אל בוסטמי 20,העיר העתיקה
אל בוסטמי 3,העיר העתיקה
אל בוסטמי 5,העיר העתיקה
אל בוסטמי 7,העיר העתיקה
אל בוסטמי 8,העיר העתיקה
אל בוסטמי 9,העיר העתיקה
אל בוסטמי 999,העיר העתיקה
אל בוסטמי 9999,העיר העתיקה
אל בוסתאן 10,עיסוויה
אל בוסתאן 12,עיסוויה
אל בוסתאן 181,עיסוויה
אל בוסתאן 2,עיסוויה
אל בוסתאן 22,עיסוויה
אל בוסתאן 23,עיסוויה
אל בוסתאן 26,עיסוויה
אל בוסתאן 28,עיסוויה
אל בוסתאן 31,עיסוויה
אל בוסתאן 45,עיסוויה
אל בוסתאן 46,עיסוויה
אל בוסתאן 47,עיסוויה
אל בוסתאן 48,עיסוויה
אל בוסתאן 5,עיסוויה
אל בוסתאן 59,עיסוויה
אל בוסתאן 61,עיסוויה
אל בוסתאן 63,עיסוויה
אל בוסתאן 69,עיסוויה
אל בוסתאן 71,עיסוויה
אל בוסתאן 73,עיסוויה
אל בוסתאן 8,עיסוויה
אל בוסתאן סמ10 1,עיסוויה
אל בוסתאן סמ11 1,עיסוויה
אל בוסתאן סמ11 34,עיסוויה
אל בוסתאן סמ12,עיסוויה
אל בוסתאן סמ12 1,עיסוויה
אל בוסתאן סמ12 10,עיסוויה
אל בוסתאן סמ12 3,עיסוויה
אל בוסתאן סמ12 4,עיסוויה
אל בוסתאן סמ12 8,עיסוויה
אל בוסתאן סמ12 9999,עיסוויה
אל בוסתאן סמ13 1,עיסוויה
אל בוסתאן סמ13 2,עיסוויה
אל בוסתאן סמ15 1,עיסוויה
אל בוסתאן סמ15 5,עיסוויה
אל בוסתאן סמ15 90,עיסוויה
אל בוסתאן סמ17 2,עיסוויה
אל בוסתאן סמ17 5,עיסוויה
אל בוסתאן סמ2 2,עיסוויה
אל בוסתאן סמ2 6,עיסוויה
אל בוסתאן סמ4 16,עיסוויה
אל בוסתאן סמ4 52,עיסוויה
אל בוסתאן סמ4 7,עיסוויה
אל בוסתאן סמ4 9,עיסוויה
אל בוסתאן סמ4 9999,עיסוויה
אל בוסתאן סמ5 1,עיסוויה
אל בוסתאן סמ5 3,עיסוויה
אל בוסתאן סמ6 1,עיסוויה
אל בוסתאן סמ6 3,עיסוויה
אל בוסתאן סמ6 9999,עיסוויה
אל בוסתאן סמ9 3,עיסוויה
אל בורק 14,הרובע היהודי
אל בורק 15,הרובע היהודי
אל בורק 17,הרובע היהודי
אל בורק 19,הרובע היהודי
אל בורק 2,הרובע היהודי
אל בורק 24,הרובע היהודי
אל בורק 26,הרובע היהודי
אל בורק 30,הרובע היהודי
אל בורק 35,הרובע היהודי
אל בורק 36,הרובע היהודי
אל בורק 43,הרובע היהודי
אל בורק 44,הרובע היהודי
אל בורק 46,הרובע היהודי
אל בורק 47,הרובע היהודי
אל בורק 6,הרובע היהודי
אל בורק 68,הרובע היהודי
אל בורק 7,הרובע היהודי
אל בורק 8,הרובע היהודי
אל בטן 10,בית צפאפא
אל בטן 11,בית צפאפא
אל בטן 12,בית צפאפא
אל בטן 14,בית צפאפא
אל בטן 20,בית צפאפא
אל בטן 26,בית צפאפא
אל בטן 28,בית צפאפא
אל בטן 3,בית צפאפא
אל בטן 30,בית צפאפא
אל בטן 32,בית צפאפא
אל בטן 34,בית צפאפא
אל בטן 5,בית צפאפא
אל בטן 7,בית צפאפא
אל בטן 9,בית צפאפא
אל בטן 9999,בית צפאפא
אל ביידר 13,הר הצופים
אל ביידר 17,הר הצופים
אל ביידר 19,הר הצופים
אל ביידר 21,הר הצופים
אל בלוטה סמ2 21,בית צפאפא
אל בלח 1,בית חנינא
אל בלח 10,בית חנינא
אל בלח 11,בית חנינא
אל בלח 12,בית חנינא
אל בלח 13,בית חנינא
אל בלח 14,בית חנינא
אל בלח 15,בית חנינא
אל בלח 16,בית חנינא
אל בלח 17,בית חנינא
אל בלח 2,בית חנינא
אל בלח 6,בית חנינא
אל בלח 9,בית חנינא
אל בלח 999,בית חנינא
אל בלח 9999,בית חנינא
אל בניאס 1,בית חנינא
אל בניאס 2,בית חנינא
אל בניאס 9,בית חנינא
אל בניאס 999,בית חנינא
אל בניאס סמ2 1,בית חנינא
אל בניאס סמ2 3,בית חנינא
אל בניאס סמ2 5,בית חנינא
אל ג'דיד 1,ג'בל מוכבר
אל ג'דיד 11,ג'בל מוכבר
אל ג'דיד 12,ג'בל מוכבר
אל ג'דיד 13,ג'בל מוכבר
אל ג'דיד 14,ג'בל מוכבר
אל ג'דיד 15,ג'בל מוכבר
אל ג'דיד 16,ג'בל מוכבר
אל ג'דיד 19,ג'בל מוכבר
אל ג'דיד 2,ג'בל מוכבר
אל ג'דיד 21,ג'בל מוכבר
אל ג'דיד 27,ג'בל מוכבר
אל ג'דיד 31,ג'בל מוכבר
אל ג'דיד 35,ג'בל מוכבר
אל ג'דיד 38,ג'בל מוכבר
אל ג'דיד 39,ג'בל מוכבר
אל ג'דיד 5,ג'בל מוכבר
אל ג'דיד 6,ג'בל מוכבר
אל ג'דיד 7,ג'בל מוכבר
אל ג'דיד סמ2 3,ג'בל מוכבר
אל ג'דיד סמ3 1,ג'בל מוכבר
אל ג'דיד סמ3 2,ג'בל מוכבר
אל ג'דיד סמ3 3,ג'בל מוכבר
אל ג'דיד סמ3 6,ג'בל מוכבר
אל ג'דיד סמ3 7,ג'בל מוכבר
אל ג'דיד סמ4 10,ג'בל מוכבר
אל ג'דיד סמ4 11,ג'בל מוכבר
אל ג'דיד סמ4 12,ג'בל מוכבר
אל ג'דיד סמ4 14,ג'בל מוכבר
אל ג'דיד סמ4 15,ג'בל מוכבר
אל ג'דיד סמ4 16,ג'בל מוכבר
אל ג'דיד סמ4 17,ג'בל מוכבר
אל ג'דיד סמ4 19,ג'בל מוכבר
אל ג'דיד סמ4 20,ג'בל מוכבר
אל ג'דיד סמ4 32,ג'בל מוכבר
אל ג'דיד סמ4 37,ג'בל מוכבר
אל ג'דיד סמ4 9,ג'בל מוכבר
אל ג'דיד סמ4 9999,ג'בל מוכבר
אל ג'דיד סמ5,ג'בל מוכבר
אל ג'דיד סמ5 11,ג'בל מוכבר
אל ג'דיד סמ5 2,ג'בל מוכבר
אל ג'דיד סמ5 6,ג'בל מוכבר
אל ג'דיד סמ5 9999,ג'בל מוכבר
אל ג'דיד סמ6 2,ג'בל מוכבר
אל ג'דיד סמ7 11,ג'בל מוכבר
אל ג'דיד סמ7 13,ג'בל מוכבר
אל ג'דיד סמ7 2,ג'בל מוכבר
אל ג'דיד סמ7 4,ג'בל מוכבר
אל ג'דיד סמ7 5,ג'בל מוכבר
אל ג'דיד סמ7 6,ג'בל מוכבר
אל ג'דיד סמ7 9,ג'בל מוכבר
אל ג'דיד סמ9 1,ג'בל מוכבר
אל ג'דיד סמ9 11,ג'בל מוכבר
אל ג'דיד סמ9 4,ג'בל מוכבר
אל ג'דיד סמ9 6,ג'בל מוכבר
אל ג'דיד סמ9 7,ג'בל מוכבר
אל ג'דיד סמ9 8,ג'בל מוכבר
אל ג'דיד סמ9 9999,ג'בל מוכבר
אל ג'וזה 10,בית חנינא
אל ג'וזה 11,בית חנינא
אל ג'וזה 12,בית חנינא
אל ג'וזה 13,בית חנינא
אל ג'וזה 14,בית חנינא
אל ג'וזה 15,בית חנינא
אל ג'וזה 16,בית חנינא
אל ג'וזה 17,בית חנינא
אל ג'וזה 18,בית חנינא
אל ג'וזה 20,בית חנינא
אל ג'וזה 22,בית חנינא
אל ג'וזה 23,בית חנינא
אל ג'וזה 24,בית חנינא
אל ג'וזה 29,בית חנינא
אל ג'וזה 3,בית חנינא
אל ג'וזה 4,בית חנינא
אל ג'וזה 5,בית חנינא
אל ג'וזה 6,בית חנינא
אל ג'וזה 7,בית חנינא
אל ג'וזה 8,בית חנינא
אל ג'וזה 9,בית חנינא
אל ג'וזה 999,בית חנינא
אל ג'וזה 9999,בית חנינא
אל ג'ורון 2,בית צפאפא
אל ג'ורון 3,בית צפאפא
אל ג'ורון 5,בית צפאפא
אל ג'ורון 7,בית צפאפא
אל ג'ורון 9,בית צפאפא
אל ג'מעיה אל תחתא 10,בית צפאפא
אל ג'מעיה אל תחתא 12,בית צפאפא
אל ג'מעיה אל תחתא 20,בית צפאפא
אל ג'מעיה אל תחתא 26,בית צפאפא
אל ג'מעיה אל תחתא 28,בית צפאפא
אל ג'מעיה אל תחתא 30,בית צפאפא
אל ג'מעיה אל תחתא 36,בית צפאפא
אל ג'סר 13,בית צפאפא
אל ג'סר 18,בית צפאפא
אל ג'סר 6,בית צפאפא
אל ג'סר 7,בית צפאפא
אל ג'סר 9,בית צפאפא
אל גבשה,העיר העתיקה
אל גבשה 10,העיר העתיקה
אל גבשה 11,העיר העתיקה
אל גבשה 12,העיר העתיקה
אל גבשה 13,העיר העתיקה
אל גבשה 14,העיר העתיקה
אל גבשה 16,העיר העתיקה
אל גבשה 17,העיר העתיקה
אל גבשה 18,העיר העתיקה
אל גבשה 19,העיר העתיקה
אל גבשה 2,העיר העתיקה
אל גבשה 20,העיר העתיקה
אל גבשה 21,העיר העתיקה
אל גבשה 22,העיר העתיקה
אל גבשה 25,העיר העתיקה
אל גבשה 27,העיר העתיקה
אל גבשה 29,העיר העתיקה
אל גבשה 3,העיר העתיקה
אל גבשה 30,העיר העתיקה
אל גבשה 31,העיר העתיקה
אל גבשה 32,העיר העתיקה
אל גבשה 33,העיר העתיקה
אל גבשה 34,העיר העתיקה
אל גבשה 35,העיר העתיקה
אל גבשה 36,העיר העתיקה
אל גבשה 37,העיר העתיקה
אל גבשה 38,העיר העתיקה
אל גבשה 4,העיר העתיקה
אל גבשה 40,העיר העתיקה
אל גבשה 41,העיר העתיקה
אל גבשה 42,העיר העתיקה
אל גבשה 43,העיר העתיקה
אל גבשה 46,העיר העתיקה
אל גבשה 466,העיר העתיקה
אל גבשה 47,העיר העתיקה
אל גבשה 48,העיר העתיקה
אל גבשה 49,העיר העתיקה
אל גבשה 5,העיר העתיקה
אל גבשה 58,העיר העתיקה
אל גבשה 69,העיר העתיקה
אל גבשה 7,העיר העתיקה
אל גבשה 999,העיר העתיקה
אל גבשה 9999,העיר העתיקה
אל גדוד 13,בית חנינא
אל גדוד 16,בית חנינא
אל גדוד 22,בית חנינא
אל גדוד 23,בית חנינא
אל גדוד 26,בית חנינא
אל גדוד 3,בית חנינא
אל גדוד 30,בית חנינא
אל גדוד 32,בית חנינא
אל גדוד 35,בית חנינא
אל גדוד 39,בית חנינא
אל גדוד 7,בית חנינא
אל גדוד 8,בית חנינא
אל גדוד 9,בית חנינא
אל גדוד סמ3 1,בית חנינא
אל גדוד סמ3 10,בית חנינא
אל גדוד סמ3 13,בית חנינא
אל גדוד סמ3 8,בית חנינא
אל גדוד סמ4 1,בית חנינא
אל גדוד סמ4 10,בית חנינא
אל גדוד סמ4 14,בית חנינא
אל גדוד סמ4 3,בית חנינא
אל גדוד סמ4 4,בית חנינא
אל גדוד סמ4 5,בית חנינא
אל גדוד סמ4 7,בית חנינא
אל גדוד סמ7 1,בית חנינא
אל גדוד סמ7 10,בית חנינא
אל גדוד סמ7 15,בית חנינא
אל גדוד סמ7 8,בית חנינא
אל גול 25,סילואן
אל דהר 10,שועפאט
אל דהר 12,שועפאט
אל דהר 13,שועפאט
אל דהר 16,שועפאט
אל דהר 17,שועפאט
אל דהר 19,שועפאט
אל דהר 2,שועפאט
אל דהר 20,שועפאט
אל דהר 23,שועפאט
אל דהר 24,שועפאט
אל דהר 3,שועפאט
אל דהר 8,שועפאט
אל דהר 9,שועפאט
אל דמיר 1,בית חנינא
אל דמיר 10,בית חנינא
אל דמיר 13,בית חנינא
אל דמיר 16,בית חנינא
אל דמיר 19,בית חנינא
אל דמיר 2,בית חנינא
אל דמיר 26,בית חנינא
אל דמיר 3,בית חנינא
אל דמיר 5,בית חנינא
אל דמיר סמ2 1,בית חנינא
אל דמיר סמ2 10,בית חנינא
אל דמיר סמ2 2,בית חנינא
אל דמיר סמ2 3,בית חנינא
אל דמיר סמ2 4,בית חנינא
אל דמיר סמ2 6,בית חנינא
אל דמיר סמ2 7,בית חנינא
אל דמיר סמ3 3,בית חנינא
אל דמיר סמ3 6,בית חנינא
אל דמיר סמ3 8,בית חנינא
אל דמיר סמ3 9999,בית חנינא
אל דמיר סמ5 7,בית חנינא
אל דמיר סמ7 1,בית חנינא
אל דמיר סמ7 2,בית חנינא
אל דמיר סמ7 4,בית חנינא
אל דמיר סמ7 6,בית חנינא
אל דמיר סמ7 7,בית חנינא
אל דמיר סמ7 9999,בית חנינא
אל דמיר סמ8,בית חנינא
אל דמיר סמ8 1,בית חנינא
אל הודא 1,בית חנינא
אל הודא 11,בית חנינא
אל הודא 19,בית חנינא
אל הודא 21,בית חנינא
אל הודא 28,בית חנינא
אל הודא 3,בית חנינא
אל הודא 30,בית חנינא
אל הודא 33,בית חנינא
אל הודא 48,בית חנינא
אל הודא 9999,בית חנינא
אל הודא סמ11 11,בית חנינא
אל הודא סמ3 10,בית חנינא
אל הודא סמ3 5,בית חנינא
אל הודא סמ3 8,בית חנינא
אל הודא סמ3 999,בית חנינא
אל הודא סמ7 11,בית חנינא
אל הודא סמ7 4,בית חנינא
אל הודא סמ7 6,בית חנינא
אל הודא סמ7 7,בית חנינא
אל הודא סמ7 9,בית חנינא
אל הודא סמ7 9999,בית חנינא
אל הודא סמ8 11,בית חנינא
אל הודא סמ8 13,בית חנינא
אל הודא סמ8 9999,בית חנינא
אל הילאל 1,בית חנינא
אל הילאל 2,בית חנינא
אל הילאל 30,בית חנינא
אל הילאל 4,בית חנינא
אל הילאל 6,בית חנינא
אל הילאל 8,בית חנינא
אל ואד 10,העיר העתיקה
אל ואד 101,העיר העתיקה
אל ואד 111,העיר העתיקה
אל ואד 119,העיר העתיקה
אל ואד 120,העיר העתיקה
אל ואד 122,העיר העתיקה
אל ואד 123,העיר העתיקה
אל ואד 128,העיר העתיקה
אל ואד 134,העיר העתיקה
אל ואד 136,העיר העתיקה
אל ואד 138,העיר העתיקה
אל ואד 141,העיר העתיקה
אל ואד 146,העיר העתיקה
אל ואד 149,העיר העתיקה
אל ואד 152,העיר העתיקה
אל ואד 169,העיר העתיקה
אל ואד 170,העיר העתיקה
אל ואד 18,העיר העתיקה
אל ואד 19,העיר העתיקה
אל ואד 22,העיר העתיקה
אל ואד 25,העיר העתיקה
אל ואד 28,העיר העתיקה
אל ואד 29,העיר העתיקה
אל ואד 35,העיר העתיקה
אל ואד 43,העיר העתיקה
אל ואד 57,העיר העתיקה
אל ואד 58,העיר העתיקה
אל ואד 6,העיר העתיקה
אל ואד 7,העיר העתיקה
אל ואד 71,העיר העתיקה
אל ואד 72,העיר העתיקה
אל ואד 74,העיר העתיקה
אל ואד 75,העיר העתיקה
אל ואד 77,העיר העתיקה
אל ואד 81,העיר העתיקה
אל ואד 83,העיר העתיקה
אל ואד 9,העיר העתיקה
אל ואד 93,העיר העתיקה
אל ואד 95,העיר העתיקה
אל ואד 98,העיר העתיקה
אל ווחדה 11,בית צפאפא
אל ווחדה 15,בית צפאפא
אל ווחדה 16,בית צפאפא
אל ווחדה 18,בית צפאפא
אל ווחדה 21,בית צפאפא
אל ווחדה 22,בית צפאפא
אל ווחדה 23,בית צפאפא
אל ווחדה 26,בית צפאפא
אל ווחדה 34,בית צפאפא
אל ווחדה 35,בית צפאפא
אל ווחדה 38,בית צפאפא
אל ווחדה 40,בית צפאפא
אל ווחדה 42,בית צפאפא
אל ווחדה 44,בית צפאפא
אל ווחדה 46,בית צפאפא
אל ווחדה 6,בית צפאפא
אל ווחדה 687,בית צפאפא
אל ווחדה 7,בית צפאפא
אל ווחדה 9,בית צפאפא
אל ווחדה סמ2 7,בית צפאפא
אל ווחדה סמ3 29,בית צפאפא
אל ווחדה סמ3 4,בית צפאפא
אל ווער 11,בית חנינא
אל ווער 13,בית חנינא
אל ווער 17,בית חנינא
אל ווער 19,בית חנינא
אל ווער 3,בית חנינא
אל ווער 37,בית חנינא
אל ווער 5,בית חנינא
אל ווער 999,בית חנינא
אל זהור 16,בית חנינא
אל זהור 2,בית חנינא
אל זהור 4,בית חנינא
אל זהור סמ1 11,בית חנינא
אל זהור סמ1 13,בית חנינא
אל זהור סמ1 17,בית חנינא
אל זהור סמ1 23,בית חנינא
אל זהור סמ1 3,בית חנינא
אל זהור סמ1 4,בית חנינא
אל זהור סמ1 5,בית חנינא
אל זהור סמ1 6,בית חנינא
אל זהור סמ1 7,בית חנינא
אל זהור סמ1 9,בית חנינא
אל זהור סמ2 1,בית חנינא
אל זהור סמ2 10,בית חנינא
אל זהור סמ2 11,בית חנינא
אל זהור סמ2 12,בית חנינא
אל זהור סמ2 13,בית חנינא
אל זהור סמ2 3,בית חנינא
אל זהור סמ2 5,בית חנינא
אל זהור סמ2 7,בית חנינא
אל זהור סמ2 8,בית חנינא
אל זהור סמ2 9999,בית חנינא
אל זיתון סמ2 1,בית צפאפא
אל זיתון סמ2 2,בית צפאפא
אל זיתון סמ2 29,בית צפאפא
אל זיתון סמ2 4,בית צפאפא
אל ח'נסה,שועפאט
אל ח'נסה 10,שועפאט
אל ח'נסה 12,שועפאט
אל ח'נסה 14,שועפאט
אל ח'נסה 16,שועפאט
אל ח'נסה 18,שועפאט
אל ח'נסה 20,שועפאט
אל ח'נסה 22,שועפאט
אל ח'נסה 23,שועפאט
אל ח'נסה 24,שועפאט
אל ח'נסה 25,שועפאט
אל ח'נסה 26,שועפאט
אל ח'נסה 27,שועפאט
אל ח'נסה 29,שועפאט
אל ח'נסה 30,שועפאט
אל ח'נסה 31,שועפאט
אל ח'נסה 32,שועפאט
אל ח'נסה 33,שועפאט
אל ח'נסה 34,שועפאט
אל ח'נסה 6,שועפאט
אל ח'נסה 7,שועפאט
אל ח'נסה 8,שועפאט
אל ח'נסה 9,שועפאט
אל ח'נסה 999,שועפאט
אל חאלסה 10,בית חנינא
אל חאלסה 11,בית חנינא
אל חאלסה 12,בית חנינא
אל חאלסה 16,בית חנינא
אל חאלסה 18,בית חנינא
אל חאלסה 2,בית חנינא
אל חאלסה 20,בית חנינא
אל חאלסה 4,בית חנינא
אל חאלסה 6,בית חנינא
אל חאלסה 7,בית חנינא
אל חאלסה 8,בית חנינא
אל חאלסה 9,בית חנינא
אל חאלסה 9999,בית חנינא
אל חג'אג' בן יוסף 10,שועפאט
אל חג'אג' בן יוסף 12,שועפאט
אל חג'אג' בן יוסף 14,שועפאט
אל חג'אג' בן יוסף 16,שועפאט
אל חג'אג' בן יוסף 17,שועפאט
אל חג'אג' בן יוסף 18,שועפאט
אל חג'אג' בן יוסף 20,שועפאט
אל חג'אג' בן יוסף 22,שועפאט
אל חג'אג' בן יוסף 24,שועפאט
אל חג'אג' בן יוסף 28,שועפאט
אל חג'אג' בן יוסף 3,שועפאט
אל חג'אג' בן יוסף 34,שועפאט
אל חג'אג' בן יוסף 38,שועפאט
אל חג'אג' בן יוסף 4,שועפאט
אל חג'אג' בן יוסף 6,שועפאט
אל חג'אג' בן יוסף 7,שועפאט
אל חג'אג' בן יוסף 8,שועפאט
אל חגאג בן יוסף 11,שועפאט
אל חגאג בן יוסף 13,שועפאט
אל חגאג בן יוסף 17,שועפאט
אל חגאג בן יוסף 34,שועפאט
אל חגאג בן יוסף 4,שועפאט
אל חגאג בן יוסף 7,שועפאט
אל חיג'אר 2,עיסוויה
אל חיג'אר 5,עיסוויה
אל חיג'אר 7,עיסוויה
אל חיג'אר 70,עיסוויה
אל חיג'אר 89,עיסוויה
אל חיג'אר 91,עיסוויה
אל חיג'אר 97,עיסוויה
אל חיג'אר 999,עיסוויה
אל חכמה 1,בית חנינא
אל חכמה 12,בית חנינא
אל חכמה 2,בית חנינא
אל חכמה 3,בית חנינא
אל חכמה 4,בית חנינא
אל חכמה 5,בית חנינא
אל חכמה 6,בית חנינא
אל חכמה 61,בית חנינא
אל חכמה 7,בית חנינא
אל חקארי 1,העיר העתיקה
אל חקארי 17,העיר העתיקה
אל חקארי 18,העיר העתיקה
אל חקארי 2,העיר העתיקה
אל חקארי 24,העיר העתיקה
אל חקארי 25,העיר העתיקה
אל חקארי 27,העיר העתיקה
אל חקארי 29,העיר העתיקה
אל חקארי 31,העיר העתיקה
אל חקארי 35,העיר העתיקה
אל חקארי 39,העיר העתיקה
אל חקארי 4,העיר העתיקה
אל חקארי 6,העיר העתיקה
אל חקארי 8,העיר העתיקה
אל חקארי 9,העיר העתיקה
אל חקארי 999,העיר העתיקה
אל חרדוב 10,א-טור
אל חרדוב 15,א-טור
אל חרדוב 16,א-טור
אל חרדוב 2,א-טור
אל חרדוב 22,א-טור
אל חרדוב 24,א-טור
אל חרדוב 33,א-טור
אל חרדוב 3333,א-טור
אל חרדוב 38,א-טור
אל חרדוב 39,א-טור
אל חרדוב 42,א-טור
אל חרדוב 5,א-טור
אל חרדוב 52,א-טור
אל חרדוב 57,א-טור
אל חרדוב 6,א-טור
אל חרדוב 7,א-טור
אל חרדוב 8,א-טור
אל חרדוב 9,א-טור
אל חרדוב סמ1 12,א-טור
אל חרדוב סמ1 13,א-טור
אל חרדוב סמ1 14,א-טור
אל חרדוב סמ1 15,א-טור
אל חרדוב סמ1 16,א-טור
אל חרדוב סמ1 17,א-טור
אל חרדוב סמ1 3,א-טור
אל חרדוב סמ1 4,א-טור
אל חרדוב סמ1 6,א-טור
אל חרדוב סמ1 999,א-טור
אל חרדוב סמ10 21,א-טור
אל חרדוב סמ10 23,א-טור
אל חרדוב סמ10 9999,א-טור
אל חרדוב סמ12 12,א-טור
אל חרדוב סמ12 6,א-טור
אל חרדוב סמ12 9,א-טור
אל חרדוב סמ13 2,א-טור
אל חרדוב סמ16 48,א-טור
אל חרדוב סמ16 50,א-טור
אל חרדוב סמ2 1,א-טור
אל חרדוב סמ2 3,א-טור
אל חרדוב סמ2 5,א-טור
אל חרדוב סמ2 7,א-טור
אל חרדוב סמ2 9,א-טור
אל חרדוב סמ3 2,א-טור
אל חרדוב סמ3 3,א-טור
אל חרדוב סמ4 21,א-טור
אל חרדוב סמ4 4,א-טור
אל חרדוב סמ5 14,א-טור
אל חרדוב סמ5 18,א-טור
אל חרדוב סמ5 26,א-טור
אל חרדוב סמ5 3,א-טור
אל חרדוב סמ6 18,א-טור
אל חרדוב סמ6 5,א-טור
אל חרדוב סמ6 6,א-טור
אל חרדוב סמ6 7,א-טור
אל חרדוב סמ6 9,א-טור
אל חרדוב סמ7 1,א-טור
אל חרדוב סמ7 11,א-טור
אל חרדוב סמ7 16,א-טור
אל חרדוב סמ7 2,א-טור
אל חרדוב סמ7 4,א-טור
אל חרדוב סמ7 5,א-טור
אל חרדוב סמ7 7,א-טור
אל חרדוב סמ9 12,א-טור
אל חרדוב סמ9 13,א-טור
אל חרדוב סמ9 25,א-טור
אל חרדוב סמ9 7,א-טור
אל חרדוב סמ9 9,א-טור
אל טאחונה 13,בית צפאפא
אל טאחונה 16,בית צפאפא
אל טואל 1,בית צפאפא
אל טואל 16,בית צפאפא
אל טואל 18,בית צפאפא
אל טואל 19,בית צפאפא
אל טואל 20,בית צפאפא
אל טואל 22,בית צפאפא
אל טואל 23,בית צפאפא
אל טואל 24,בית צפאפא
אל טואל 25,בית צפאפא
אל טואל 26,בית צפאפא
אל טואל 27,בית צפאפא
אל טואל 29,בית צפאפא
אל טואל 5,בית צפאפא
אל טואל סמ1 4,בית צפאפא
אל טואל סמ1 5,בית צפאפא
אל טואל סמ1 7,בית צפאפא
אל טנטור סמ1 25,בית צפאפא
אל טנטור סמ1 3,בית צפאפא
אל טנטור סמ1 4,בית צפאפא
אל כאלה 106,א-טור
אל כאלה 14,א-טור
אל כאלה 3,א-טור
אל כאלה 32,א-טור
אל כאלה 35,א-טור
אל כאלה 43,א-טור
אל כאלה 45,א-טור
אל כאלה 46,א-טור
אל כאלה 59,א-טור
אל כאלה 63,א-טור
אל כאלה 71,א-טור
אל כאלה 72,א-טור
אל כאלה 73,א-טור
אל כאלה 76,א-טור
אל כאלה 8,א-טור
אל כאלה 81,א-טור
אל כאלה 9999,א-טור
אל כאלה סמ1 10,א-טור
אל כאלה סמ1 11,א-טור
אל כאלה סמ1 12,א-טור
אל כאלה סמ1 15,א-טור
אל כאלה סמ1 3,א-טור
אל כאלה סמ1 35,א-טור
אל כאלה סמ1 7,א-טור
אל כאלה סמ1 9,א-טור
אל כאלה סמ2 9,א-טור
אל כאלה סמ3 10,א-טור
אל כאלה סמ3 11,א-טור
אל כאלה סמ3 12,א-טור
אל כאלה סמ3 14,א-טור
אל כאלה סמ3 15,א-טור
אל כאלה סמ3 9,א-טור
אל כאלה סמ4 11,א-טור
אל כאלה סמ4 2,א-טור
אל כאלה סמ4 9,א-טור
אל כאלה סמ7 6,א-טור
אל כאלה סמ7 9999,א-טור
אל כאלה סמ9 1,א-טור
אל כאלה סמ9 3,א-טור
אל מאמון,בית חנינא
אל מאמון 1,בית חנינא
אל מאמון 10,בית חנינא
אל מאמון 16,בית חנינא
אל מאמון 2,בית חנינא
אל מאמון 20,בית חנינא
אל מאמון 23,בית חנינא
אל מאמון 24,בית חנינא
אל מאמון 2499,בית חנינא
אל מאמון 28,בית חנינא
אל מאמון 30,בית חנינא
אל מאמון 32,בית חנינא
אל מאמון 33,בית חנינא
אל מאמון 34,בית חנינא
אל מאמון 35,בית חנינא
אל מאמון 39,בית חנינא
אל מאמון 4,בית חנינא
אל מאמון 46,בית חנינא
אל מאמון 47,בית חנינא
אל מאמון 48,בית חנינא
אל מאמון 5,בית חנינא
אל מאמון 52,בית חנינא
אל מאמון 6,בית חנינא
אל מאמון 62,בית חנינא
אל מאמון 64,בית חנינא
אל מאמון סמ10 1,בית חנינא
אל מאמון סמ10 2,בית חנינא
אל מאמון סמ10 4,בית חנינא
אל מאמון סמ10 999,בית חנינא
אל מאמון סמ4 3,בית חנינא
אל מאמון סמ4 4,בית חנינא
אל מדארס סמ4 18,עיסוויה
אל מדארס סמ4 24,עיסוויה
אל מדארס סמ4 25,עיסוויה
אל מדארס סמ4 28,עיסוויה
אל מדארס סמ4 3,עיסוויה
אל מדרסה 1,בית צפאפא
אל מדרסה 14,בית צפאפא
אל מדרסה 16,בית צפאפא
אל מדרסה 17,בית צפאפא
אל מדרסה 18,בית צפאפא
אל מדרסה 2,בית צפאפא
אל מדרסה 20,בית צפאפא
אל מדרסה 22,בית צפאפא
אל מדרסה 26,בית צפאפא
אל מדרסה 5,בית צפאפא
אל מדרסה 6,בית צפאפא
אל מדרסה 9,בית צפאפא
אל מוגהידין,העיר העתיקה
אל מוגהידין 0,העיר העתיקה
אל מוגהידין 10,העיר העתיקה
אל מוגהידין 15,העיר העתיקה
אל מוגהידין 21,העיר העתיקה
אל מוגהידין 22,העיר העתיקה
אל מוגהידין 26,העיר העתיקה
אל מוגהידין 3,העיר העתיקה
אל מוגהידין 4,העיר העתיקה
אל מוגהידין 7,העיר העתיקה
אל מוודה 3,בית חנינא
אל מוודה 6,בית חנינא
אל מוודה 9999,בית חנינא
אל מונזר 11,בית חנינא
אל מונזר 12,בית חנינא
אל מונזר 14,בית חנינא
אל מונזר 16,בית חנינא
אל מונזר 18,בית חנינא
אל מונזר 20,בית חנינא
אל מונזר 24,בית חנינא
אל מונזר 9,בית חנינא
אל מונזר 9999,בית חנינא
אל מונזר סמ6 1,בית חנינא
אל מונזר סמ6 2,בית חנינא
אל מונזר סמ6 8,בית חנינא
אל מונטאר 10,ג'בל מוכבר
אל מונטאר 18,ג'בל מוכבר
אל מונטאר 30,ג'בל מוכבר
אל מונטאר 34,ג'בל מוכבר
אל מונטאר 40,ג'בל מוכבר
אל מונטאר 9999,ג'בל מוכבר
אל מונטאר סמ2 10,ג'בל מוכבר
אל מונטאר סמ2 12,ג'בל מוכבר
אל מונטאר סמ2 4,ג'בל מוכבר
אל מונטאר סמ2 6,ג'בל מוכבר
אל מונטאר סמ4 11,ג'בל מוכבר
אל מונטאר סמ4 12,ג'בל מוכבר
אל מונטאר סמ4 13,ג'בל מוכבר
אל מונטאר סמ4 15,ג'בל מוכבר
אל מונטאר סמ4 16,ג'בל מוכבר
אל מונטאר סמ4 17,ג'בל מוכבר
אל מונטאר סמ4 18,ג'בל מוכבר
אל מונטאר סמ4 19,ג'בל מוכבר
אל מונטאר סמ4 20,ג'בל מוכבר
אל מונטאר סמ4 21,ג'בל מוכבר
אל מונטאר סמ4 22,ג'בל מוכבר
אל מונטאר סמ4 25,ג'בל מוכבר
אל מונטאר סמ4 29,ג'בל מוכבר
אל מונטאר סמ4 32,ג'בל מוכבר
אל מונטאר סמ4 34,ג'בל מוכבר
אל מונטאר סמ4 6,ג'בל מוכבר
אל מועזמיה,העיר העתיקה
אל מועזמיה 1,העיר העתיקה
אל מועזמיה 10,העיר העתיקה
אל מועזמיה 12,העיר העתיקה
אל מועזמיה 14,העיר העתיקה
אל מועזמיה 18,העיר העתיקה
אל מועזמיה 20,העיר העתיקה
אל מועזמיה 21,העיר העתיקה
אל מועזמיה 3,העיר העתיקה
אל מועזמיה 5,העיר העתיקה
אל מועזמיה 6,העיר העתיקה
אל מועזמיה 7,העיר העתיקה
אל מועזמיה 999,העיר העתיקה
אל מועזמיה 9999,העיר העתיקה
אל מועתסם 1,בית חנינא
אל מועתסם 10,בית חנינא
אל מועתסם 12,בית חנינא
אל מועתסם 3,בית חנינא
אל מועתסם 4,בית חנינא
אל מוקדסי 1,וואדי אל-ג'וז
אל מוקדסי 12,וואדי אל-ג'וז
אל מוקדסי 14,וואדי אל-ג'וז
אל מוקדסי 17,וואדי אל-ג'וז
אל מוקדסי 20,וואדי אל-ג'וז
אל מוקדסי 24,וואדי אל-ג'וז
אל מוקדסי 26,וואדי אל-ג'וז
אל מוקדסי 27,וואדי אל-ג'וז
אל מוקדסי 29,וואדי אל-ג'וז
אל מוקדסי 36,וואדי אל-ג'וז
אל מוקדסי 37,וואדי אל-ג'וז
אל מוקדסי 38,וואדי אל-ג'וז
אל מוקדסי 39,וואדי אל-ג'וז
אל מוקדסי 41,וואדי אל-ג'וז
אל מוקדסי 44,וואדי אל-ג'וז
אל מוקדסי 45,וואדי אל-ג'וז
אל מוקדסי 46,וואדי אל-ג'וז
אל מוקדסי 47,וואדי אל-ג'וז
אל מוקדסי 48,וואדי אל-ג'וז
אל מוקדסי 50,וואדי אל-ג'וז
אל מוקדסי 52,וואדי אל-ג'וז
אל מוקדסי 56,וואדי אל-ג'וז
אל מוקדסי 58,וואדי אל-ג'וז
אל מוקדסי 6,וואדי אל-ג'וז
אל מוקדסי 60,וואדי אל-ג'וז
אל מוקדסי 61,וואדי אל-ג'וז
אל מוקדסי 63,וואדי אל-ג'וז
אל מוקדסי 64,וואדי אל-ג'וז
אל מוקדסי 65,וואדי אל-ג'וז
אל מוקדסי 7,וואדי אל-ג'וז
אל מוקדסי 72,וואדי אל-ג'וז
אל מוקדסי 78,וואדי אל-ג'וז
אל מוקדסי 79,וואדי אל-ג'וז
אל מוקדסי 81,וואדי אל-ג'וז
אל מוקדסי 82,וואדי אל-ג'וז
אל מוקדסי 83,וואדי אל-ג'וז
אל מוקדסי 999,וואדי אל-ג'וז
אל מוקדסי סמ1 2,וואדי אל-ג'וז
אל מוקדסי סמ1 3,וואדי אל-ג'וז
אל מוקדסי סמ1 31,וואדי אל-ג'וז
אל מוקדסי סמ1 4,וואדי אל-ג'וז
אל מוקדסי סמ10 1,וואדי אל-ג'וז
אל מוקדסי סמ10 2,וואדי אל-ג'וז
אל מוקדסי סמ10 3,וואדי אל-ג'וז
אל מוקדסי סמ10 5,וואדי אל-ג'וז
אל מוקדסי סמ10 7,וואדי אל-ג'וז
אל מוקדסי סמ12 1,וואדי אל-ג'וז
אל מוקדסי סמ12 3,וואדי אל-ג'וז
אל מוקדסי סמ12 5,וואדי אל-ג'וז
אל מוקדסי סמ12 7,וואדי אל-ג'וז
אל מוקדסי סמ2 1,וואדי אל-ג'וז
אל מוקדסי סמ2 2,וואדי אל-ג'וז
אל מוקדסי סמ2 20,וואדי אל-ג'וז
אל מוקדסי סמ2 3,וואדי אל-ג'וז
אל מוקדסי סמ2 4,וואדי אל-ג'וז
אל מוקדסי סמ2 6,וואדי אל-ג'וז
אל מוקדסי סמ4 1,וואדי אל-ג'וז
אל מוקדסי סמ4 10,וואדי אל-ג'וז
אל מוקדסי סמ4 2,וואדי אל-ג'וז
אל מוקדסי סמ4 4,וואדי אל-ג'וז
אל מוקדסי סמ4 5,וואדי אל-ג'וז
אל מוקדסי סמ4 6,וואדי אל-ג'וז
אל מוקדסי סמ4 7,וואדי אל-ג'וז
אל מוקדסי סמ6 11,וואדי אל-ג'וז
אל מוקדסי סמ6 13,וואדי אל-ג'וז
אל מוקדסי סמ6 14,וואדי אל-ג'וז
אל מוקדסי סמ6 3,וואדי אל-ג'וז
אל מוקדסי סמ6 5,וואדי אל-ג'וז
אל מוקדסי סמ6 8,וואדי אל-ג'וז
אל מוקדסי סמ6 9999,וואדי אל-ג'וז
אל מוקדסי סמ8 11,וואדי אל-ג'וז
אל מוקדסי סמ8 3,וואדי אל-ג'וז
אל מוקדסי סמ8 36,וואדי אל-ג'וז
אל מוקדסי סמ8 5,וואדי אל-ג'וז
אל מוקדסי סמ8 7,וואדי אל-ג'וז
אל מוקדסי סמ8 9,וואדי אל-ג'וז
אל מותנבי 11,וואדי אל-ג'וז
אל מותנבי 15,וואדי אל-ג'וז
אל מותנבי 17,וואדי אל-ג'וז
אל מותנבי 19,וואדי אל-ג'וז
אל מותנבי 2,וואדי אל-ג'וז
אל מותנבי 21,וואדי אל-ג'וז
אל מותנבי 5,וואדי אל-ג'וז
אל מותנבי 6,וואדי אל-ג'וז
אל מותנבי 7,וואדי אל-ג'וז
אל מותנבי 9,וואדי אל-ג'וז
אל מחבה 1,בית חנינא
אל מחבה 3,בית חנינא
אל מלך,העיר העתיקה
אל מלך 1,העיר העתיקה
אל מלך 13,העיר העתיקה
אל מלך 15,העיר העתיקה
אל מלך 18,העיר העתיקה
אל מלך 20,העיר העתיקה
אל מלך 22,העיר העתיקה
אל מלך 26,העיר העתיקה
אל מלך 27,העיר העתיקה
אל מלך 3,העיר העתיקה
אל מלך 4,העיר העתיקה
אל מלך 44,העיר העתיקה
אל מלך 9,העיר העתיקה
אל מלך 9999,העיר העתיקה
אל מנסוריה 14,א-טור
אל מנסוריה 2,א-טור
אל מנסוריה 6,א-טור
אל מצאנע 1,בית חנינא
אל מצאנע 13,בית חנינא
אל מצאנע 3,בית חנינא
אל מצאנע 5,בית חנינא
אל מצאנע 6,בית חנינא
אל מצאנע 7,בית חנינא
אל מצאנע 8,בית חנינא
אל מצאנע 9,בית חנינא
אל מקפה 104,צור באחר
אל מקפה 105,צור באחר
אל מקפה 106,צור באחר
אל מקפה 108,צור באחר
אל מקפה 11,צור באחר
אל מקפה 110,צור באחר
אל מקפה 114,צור באחר
אל מקפה 115,צור באחר
אל מקפה 119,צור באחר
אל מקפה 12,צור באחר
אל מקפה 122,צור באחר
אל מקפה 124,צור באחר
אל מקפה 125,צור באחר
אל מקפה 126,צור באחר
אל מקפה 134,צור באחר
אל מקפה 136,צור באחר
אל מקפה 138,צור באחר
אל מקפה 14,צור באחר
אל מקפה 140,צור באחר
אל מקפה 147,צור באחר
אל מקפה 15,צור באחר
אל מקפה 171,צור באחר
אל מקפה 173,צור באחר
אל מקפה 175,צור באחר
אל מקפה 18,צור באחר
אל מקפה 24,צור באחר
אל מקפה 28,צור באחר
אל מקפה 3,צור באחר
אל מקפה 32,צור באחר
אל מקפה 37,צור באחר
אל מקפה 38,צור באחר
אל מקפה 39,צור באחר
אל מקפה 41,צור באחר
אל מקפה 45,צור באחר
אל מקפה 46,צור באחר
אל מקפה 49,צור באחר
אל מקפה 52,צור באחר
אל מקפה 53,צור באחר
אל מקפה 55,צור באחר
אל מקפה 59,צור באחר
אל מקפה 60,צור באחר
אל מקפה 62,צור באחר
אל מקפה 63,צור באחר
אל מקפה 65,צור באחר
אל מקפה 67,צור באחר
אל מקפה 69,צור באחר
אל מקפה 7,צור באחר
אל מקפה 71,צור באחר
אל מקפה 75,צור באחר
אל מקפה 81,צור באחר
אל מקפה 82,צור באחר
אל מקפה 85,צור באחר
אל מקפה 90,צור באחר
אל מקפה 91,צור באחר
אל מקפה 92,צור באחר
אל מקפה 93,צור באחר
אל מקפה 94,צור באחר
אל מקפה 95,צור באחר
אל מקפה 97,צור באחר
אל מקפה 99,צור באחר
אל נג'אמה 10,בית חנינא
אל נג'אמה 12,בית חנינא
אל נג'אמה 18,בית חנינא
אל נג'אמה 2,בית חנינא
אל נג'אמה 20,בית חנינא
אל נג'אמה 22,בית חנינא
אל נג'אמה 26,בית חנינא
אל נג'אמה 39,בית חנינא
אל נג'אמה 4,בית חנינא
אל נג'אמה 9,בית חנינא
אל נג'אמה סמ3 10,בית חנינא
אל נג'אמה סמ3 3,בית חנינא
אל נג'אמה סמ3 4,בית חנינא
אל נג'אמה סמ5 2,בית חנינא
אל נג'אמה סמ5 4,בית חנינא
אל נג'אמה סמ5 6,בית חנינא
אל נג'אמה סמ5 9999,בית חנינא
אל נג'אמה סמ7 37,בית חנינא
אל נג'אמה סמ7 39,בית חנינא
אל נג'אמה סמ7 9,בית חנינא
אל נג'אמה סמ7 9999,בית חנינא
אל נרג'ס 3,צור באחר
אל נרג'ס 31,צור באחר
אל נרג'ס 6,צור באחר
אל סאפח 14,בית צפאפא
אל סאפח 15,בית צפאפא
אל סאפח 16,בית צפאפא
אל סאפח 19,בית צפאפא
אל סאפח 21,בית צפאפא
אל סאפח 23,בית צפאפא
אל סאפח 24,בית צפאפא
אל סאפח 25,בית צפאפא
אל סאפח 26,בית צפאפא
אל סאפח 28,בית צפאפא
אל סאפח 29,בית צפאפא
אל סאפח 30,בית צפאפא
אל סאפח 33,בית צפאפא
אל סאפח 6,בית צפאפא
אל סאפח 8,בית צפאפא
אל סאפח 9,בית צפאפא
אל סאפח 9999,בית צפאפא
אל סאפח סמ1 32,בית צפאפא
אל סאפח סמ1 34,בית צפאפא
אל סאפח סמ3 3,בית צפאפא
אל סהל 10,שועפאט
אל סהל 11,שועפאט
אל סהל 12,שועפאט
אל סהל 13,שועפאט
אל סהל 17,שועפאט
אל סהל 19,שועפאט
אל סהל 2,שועפאט
אל סהל 21,שועפאט
אל סהל 24,שועפאט
אל סהל 25,שועפאט
אל סהל 26,שועפאט
אל סהל 32,שועפאט
אל סהל 46,שועפאט
אל סהל 68,שועפאט
אל סהל 7,שועפאט
אל סהל 8,שועפאט
אל סהל 9,שועפאט
אל סהל 9999,שועפאט
אל סיל 46,בית צפאפא
אל סיל 48,בית צפאפא
אל סיל 50,בית צפאפא
אל סיל 52,בית צפאפא
אל סלאח 2,בית חנינא
אל סלוודור 10,גבעת משואה
אל סלוודור 11,גבעת משואה
אל סלוודור 12,גבעת משואה
אל סלוודור 13,גבעת משואה
אל סלוודור 14,גבעת משואה
אל סלוודור 15,גבעת משואה
אל סלוודור 16,גבעת משואה
אל סלוודור 17,גבעת משואה
אל סלוודור 18,גבעת משואה
אל סלוודור 19,גבעת משואה
אל סלוודור 20,גבעת משואה
אל סלוודור 21,גבעת משואה
אל סלוודור 22,גבעת משואה
אל סלוודור 23,גבעת משואה
אל סלוודור 25,גבעת משואה
אל סלוודור 27,גבעת משואה
אל סלוודור 29,גבעת משואה
אל סלוודור 3,גבעת משואה
אל סלוודור 31,גבעת משואה
אל סלוודור 5,גבעת משואה
אל סלוודור 7,גבעת משואה
אל סלוודור 8,גבעת משואה
אל סלוודור 9,גבעת משואה
אל סלחייה 11,העיר העתיקה
אל סלחייה 13,העיר העתיקה
אל סלחייה 15,העיר העתיקה
אל סלחייה 17,העיר העתיקה
אל סלחייה 19,העיר העתיקה
אל סלחייה 21,העיר העתיקה
אל סלחייה 23,העיר העתיקה
אל סלחייה 7,העיר העתיקה
אל סלחייה 9,העיר העתיקה
אל סלעה 9999,ג'בל מוכבר
אל סמאח 1,בית חנינא
אל סמאח 12,בית חנינא
אל סמאח 3,בית חנינא
אל סמאח 4,בית חנינא
אל סמאח 5,בית חנינא
אל סמאח 8,בית חנינא
אל סמאח 9999,בית חנינא
אל סמאח סמ2 3,בית חנינא
אל סמאח סמ2 5,בית חנינא
אל סמאח סמ2 9999,בית חנינא
אל ספדי אחמד,בית חנינא
אל ספדי אחמד 13,בית חנינא
אל ספדי אחמד 17,בית חנינא
אל ספדי אחמד 4,בית חנינא
אל ספדי אחמד 5,בית חנינא
אל ספדי אחמד 6,בית חנינא
אל ספדי אחמד 7,בית חנינא
אל ספדי אחמד 9999,בית חנינא
אל ע'רבי 12,בית חנינא
אל ע'רבי 13,בית חנינא
אל ע'רבי 14,בית חנינא
אל ע'רבי 15,בית חנינא
אל ע'רבי 16,בית חנינא
אל ע'רבי 17,בית חנינא
אל ע'רבי 18,בית חנינא
אל ע'רבי 19,בית חנינא
אל ע'רבי 24,בית חנינא
אל ע'רבי 26,בית חנינא
אל ע'רבי 27,בית חנינא
אל ע'רבי 4,בית חנינא
אל ע'רבי 6,בית חנינא
אל ע'רבי 7,בית חנינא
אל ע'רבי 8,בית חנינא
אל ע'רבי סמ1 1,בית חנינא
אל ע'רבי סמ1 20,בית חנינא
אל ע'רבי סמ1 3,בית חנינא
אל ע'רבי סמ1 4,בית חנינא
אל ע'רבי סמ1 6,בית חנינא
אל ע'רבי סמ5 10,בית חנינא
אל ע'רבי סמ5 22,בית חנינא
אל ע'רבי סמ5 24,בית חנינא
אל ע'רבי סמ5 3,בית חנינא
אל ע'רבי סמ5 9999,בית חנינא
אל עבאס 10,בית חנינא
אל עבאס 3,בית חנינא
אל עבאס 4,בית חנינא
אל עבאס 5,בית חנינא
אל עבאס 8,בית חנינא
אל עבאסייה 11,סילואן
אל עבאסייה 15,סילואן
אל עבאסייה 17,סילואן
אל עבאסייה 19,סילואן
אל עבאסייה 21,סילואן
אל עבאסייה 22,סילואן
אל עבאסייה 28,סילואן
אל עבאסייה 29,סילואן
אל עבאסייה 30,סילואן
אל עבאסייה 31,סילואן
אל עבאסייה 32,סילואן
אל עבאסייה 33,סילואן
אל עבאסייה 34,סילואן
אל עבאסייה 36,סילואן
אל עבאסייה 38,סילואן
אל עבאסייה 40,סילואן
אל עבאסייה 46,סילואן
אל עבאסייה 48,סילואן
אל עבאסייה 52,סילואן
אל עבאסייה 54,סילואן
אל עבאסייה 56,סילואן
אל עבאסייה 57,סילואן
אל עבאסייה 59,סילואן
אל עבאסייה 66,סילואן
אל עבאסייה 68,סילואן
אל עבאסייה 70,סילואן
אל עבאסייה 9999,סילואן
אל עבאסייה סמ4 15,סילואן
אל עבאסייה סמ4 18,סילואן
אל עבאסייה סמ4 22,סילואן
אל עבאסייה סמ4 23,סילואן
אל עבאסייה סמ4 25,סילואן
אל עבאסייה סמ4 26,סילואן
אל עבאסייה סמ4 28,סילואן
אל עבאסייה סמ4 32,סילואן
אל עבאסייה סמ4 33,סילואן
אל עבאסייה סמ4 34,סילואן
אל עבאסייה סמ4 35,סילואן
אל עבאסייה סמ4 36,סילואן
אל עבאסייה סמ4 37,סילואן
אל עבאסייה סמ4 40,סילואן
אל עבאסייה סמ4 42,סילואן
אל עבאסייה סמ4 46,סילואן
אל עבאסייה סמ4 48,סילואן
אל עבאסייה סמ4 50,סילואן
אל עבאסייה סמ4 68,סילואן
אל עבאסייה סמ4 999,סילואן
אל עבאסייה סמ4 9999,סילואן
אל עומרי,העיר העתיקה
אל עומרי 10,העיר העתיקה
אל עומרי 12,העיר העתיקה
אל עומרי 13,העיר העתיקה
אל עומרי 14,העיר העתיקה
אל עומרי 15,העיר העתיקה
אל עומרי 16,העיר העתיקה
אל עומרי 17,העיר העתיקה
אל עומרי 19,העיר העתיקה
אל עומרי 21,העיר העתיקה
אל עומרי 22,העיר העתיקה
אל עומרי 23,העיר העתיקה
אל עומרי 25,העיר העתיקה
אל עומרי 27,העיר העתיקה
אל עומרי 3,העיר העתיקה
אל עומרי 34,העיר העתיקה
אל עומרי 50,העיר העתיקה
אל עומרי 51,העיר העתיקה
אל עומרי 57,העיר העתיקה
אל עומרי 6,העיר העתיקה
אל עומרי 61,העיר העתיקה
אל עומרי 64,העיר העתיקה
אל עומרי 65,העיר העתיקה
אל עומרי 67,העיר העתיקה
אל עומרי 69,העיר העתיקה
אל עומרי 71,העיר העתיקה
אל עומרי 73,העיר העתיקה
אל עומרי 8,העיר העתיקה
אל עומרי 83,העיר העתיקה
אל עומרי 85,העיר העתיקה
אל עומרי 89,העיר העתיקה
אל עומרי 9,העיר העתיקה
אל עומרי 93,העיר העתיקה
אל עומרי 98,העיר העתיקה
אל עומרי 9999,העיר העתיקה
אל עטאא 1,בית חנינא
אל עטאא 2,בית חנינא
אל עטאא 4,בית חנינא
אל עטאא 6,בית חנינא
אל פאראבי 1,שועפאט
אל פאראבי 14,שועפאט
אל פאראבי 15,שועפאט
אל פאראבי 16,שועפאט
אל פאראבי 17,שועפאט
אל פאראבי 18,שועפאט
אל פאראבי 2,שועפאט
אל פאראבי 20,שועפאט
אל פאראבי 22,שועפאט
אל פאראבי 23,שועפאט
אל פאראבי 24,שועפאט
אל פאראבי 26,שועפאט
אל פאראבי 28,שועפאט
אל פאראבי 4,שועפאט
אל פאראבי 5,שועפאט
אל פאראבי 6,שועפאט
אל פאראבי 7,שועפאט
אל פאראבי 8,שועפאט
אל פאראבי 9,שועפאט
אל פאראבי סמ1 10,שועפאט
אל פאראבי סמ1 12,שועפאט
אל פאראבי סמ1 14,שועפאט
אל פאראבי סמ1 2,שועפאט
אל פאראבי סמ1 5,שועפאט
אל פאראבי סמ1 6,שועפאט
אל פאראבי סמ1 8,שועפאט
אל פאראבי סמ3 1,שועפאט
אל פאראבי סמ3 2,שועפאט
אל פאראבי סמ3 5,שועפאט
אל פראבי סמ4 16,שועפאט
אל קדיסיה 10,העיר העתיקה
אל קדיסיה 13,העיר העתיקה
אל קדיסיה 2,העיר העתיקה
אל קדיסיה 24,העיר העתיקה
אל קדיסיה 25,העיר העתיקה
אל קדיסיה 27,העיר העתיקה
אל קדיסיה 28,העיר העתיקה
אל קדיסיה 30,העיר העתיקה
אל קדיסיה 31,העיר העתיקה
אל קדיסיה 32,העיר העתיקה
אל קדיסיה 34,העיר העתיקה
אל קדיסיה 40,העיר העתיקה
אל קדיסיה 42,העיר העתיקה
אל קדיסיה 50,העיר העתיקה
אל קדיסיה 6,העיר העתיקה
אל קובסא 7,א-טור
אל קוליה,בית חנינא
אל קוליה 0,בית חנינא
אל קוליה 10,בית חנינא
אל קוליה 108,בית חנינא
אל קוליה 19,בית חנינא
אל קוליה 33,בית חנינא
אל קוליה 35,בית חנינא
אל קוליה 36,בית חנינא
אל קוליה 37,בית חנינא
אל קוליה 38,בית חנינא
אל קוליה 39,בית חנינא
אל קוליה 4,בית חנינא
אל קוליה 59,בית חנינא
אל קוליה 60,בית חנינא
אל קוליה 61,בית חנינא
אל קוליה 63,בית חנינא
אל קוליה 73,בית חנינא
אל קוליה 8,בית חנינא
אל קוליה 82,בית חנינא
אל קוליה 83,בית חנינא
אל קוליה 84,בית חנינא
אל קוליה 87,בית חנינא
אל קוליה 88,בית חנינא
אל קוליה 90,בית חנינא
אל קוליה 91,בית חנינא
אל קוליה 92,בית חנינא
אל קוליה 9999,בית חנינא
אל קינדי 1,בית חנינא
אל קינדי 2,בית חנינא
אל קינדי 3,בית חנינא
אל קינדי 5,בית חנינא
אל קירמי,העיר העתיקה
אל קירמי 0,העיר העתיקה
אל קירמי 1,העיר העתיקה
אל קירמי 14,העיר העתיקה
אל קירמי 18,העיר העתיקה
אל קירמי 20,העיר העתיקה
אל קירמי 212,העיר העתיקה
אל קירמי 3,העיר העתיקה
אל קירמי 31,העיר העתיקה
אל קירמי 39,העיר העתיקה
אל קירמי 4,העיר העתיקה
אל קירמי 5,העיר העתיקה
אל קירמי 6,העיר העתיקה
אל קירמי 8,העיר העתיקה
אל קירמי 819,העיר העתיקה
אל קירמי 9,העיר העתיקה
אל קמר 10,בית חנינא
אל קמר 11,בית חנינא
אל קמר 12,בית חנינא
אל קמר 3,בית חנינא
אל קמר 4,בית חנינא
אל קמר 5,בית חנינא
אל קמר 7,בית חנינא
אל קמר 9,בית חנינא
אל קמר סמ4 2,בית חנינא
אל קמר סמ6 1,בית חנינא
אל קמר סמ6 3,בית חנינא
אל קמר סמ6 7,בית חנינא
אל קמר סמ8 11,בית חנינא
אל קמר סמ8 2,בית חנינא
אל קמר סמ8 5,בית חנינא
אל קמר סמ8 7,בית חנינא
אל קמר סמ8 8,בית חנינא
אל קמר סמ8 9,בית חנינא
אל קסר 10,בית חנינא
אל קסר 13,בית חנינא
אל קסר 23,בית חנינא
אל קסר 3,בית חנינא
אל קסר 4,בית חנינא
אל קסר 7,בית חנינא
אל קסר 8,בית חנינא
אל קצאיל 21,בית צפאפא
אל קצאיל 22,בית צפאפא
אל קצאיל 24,בית צפאפא
אל קצאיל 25,בית צפאפא
אל קצאיל 29,בית צפאפא
אל קצאיל 33,בית צפאפא
אל קצאיל 35,בית צפאפא
אל קצאיל 36,בית צפאפא
אל קצאיל 5,בית צפאפא
אל ראס 1,שועפאט
אל ראס 12,שועפאט
אל ראס 16,שועפאט
אל ראס 19,שועפאט
אל ראס 2,שועפאט
אל ראס 20,שועפאט
אל ראס 21,שועפאט
אל ראס 22,שועפאט
אל ראס 34,שועפאט
אל ראס 6,שועפאט
אל ראס 8,שועפאט
אל ראס 9999,שועפאט
אל שיפא 1,בית צפאפא
אל שיפא 10,בית צפאפא
אל שיפא 12,בית צפאפא
אל שיפא 14,בית צפאפא
אל שיפא 16,בית צפאפא
אל שיפא 19,בית צפאפא
אל שיפא 20,בית צפאפא
אל שיפא 22,בית צפאפא
אל שיפא 26,בית צפאפא
אל שיפא 27,בית צפאפא
אל שיפא 3,בית צפאפא
אל שיפא 5,בית צפאפא
אל שיפא 6,בית צפאפא
אל שיפא 7,בית צפאפא
אל שיפא 9,בית צפאפא
אל-אאמה 16,ג'בל מוכבר
אל-אאמה 17,ג'בל מוכבר
אל-אאמה 26,ג'בל מוכבר
אל-אאמה 28,ג'בל מוכבר
אל-אאמה 31,ג'בל מוכבר
אל-אאמה 32,ג'בל מוכבר
אל-אאמה 679,ג'בל מוכבר
אל-אאמה 9999,ג'בל מוכבר
אל-אאמה סמ1 5,ג'בל מוכבר
אל-אאמה סמ1 7,ג'בל מוכבר
אל-אאמה סמ1 9,ג'בל מוכבר
אל-אאמה סמ2 1,ג'בל מוכבר
אל-אאמה סמ2 18,ג'בל מוכבר
אל-אאמה סמ2 4,ג'בל מוכבר
אל-אאמה סמ2 8,ג'בל מוכבר
אל-אאמה סמ2 9999,ג'בל מוכבר
אל-אאמה סמ3 7,ג'בל מוכבר
אל-אאמה סמ3 9,ג'בל מוכבר
אל-אביאד,ראס אל-עמוד
אל-אביאד 10,ראס אל-עמוד
אל-אביאד 11,ראס אל-עמוד
אל-אביאד 12,ראס אל-עמוד
אל-אביאד 13,ראס אל-עמוד
אל-אביאד 135,ראס אל-עמוד
אל-אביאד 137,ראס אל-עמוד
אל-אביאד 143,ראס אל-עמוד
אל-אביאד 145,ראס אל-עמוד
אל-אביאד 147,ראס אל-עמוד
אל-אביאד 157,ראס אל-עמוד
אל-אביאד 158,ראס אל-עמוד
אל-אביאד 161,ראס אל-עמוד
אל-אביאד 167,ראס אל-עמוד
אל-אביאד 170,ראס אל-עמוד
אל-אביאד 176,ראס אל-עמוד
אל-אביאד 178,ראס אל-עמוד
אל-אביאד 18,ראס אל-עמוד
אל-אביאד 190,ראס אל-עמוד
אל-אביאד 196,ראס אל-עמוד
אל-אביאד 198,ראס אל-עמוד
אל-אביאד 199,ראס אל-עמוד
אל-אביאד 20,ראס אל-עמוד
אל-אביאד 200,ראס אל-עמוד
אל-אביאד 229,ראס אל-עמוד
אל-אביאד 23,ראס אל-עמוד
אל-אביאד 24,ראס אל-עמוד
אל-אביאד 27,ראס אל-עמוד
אל-אביאד 28,ראס אל-עמוד
אל-אביאד 8,ראס אל-עמוד
אל-אביאד 80,ראס אל-עמוד
אל-אביאד 89,ראס אל-עמוד
אל-אביאד 91,ראס אל-עמוד
אל-אביאד סמ13 11,ראס אל-עמוד
אל-אביאד סמ13 12,ראס אל-עמוד
אל-אביאד סמ13 13,ראס אל-עמוד
אל-אביאד סמ13 14,ראס אל-עמוד
אל-אביאד סמ13 17,ראס אל-עמוד
אל-אביאד סמ13 25,ראס אל-עמוד
אל-אביאד סמ13 28,ראס אל-עמוד
אל-אביאד סמ13 8,ראס אל-עמוד
אל-אביאד סמ5 16,ראס אל-עמוד
אל-אביאד סמ5 9999,ראס אל-עמוד
אל-אביאד סמ7 7,ראס אל-עמוד
אל-אביאד סמ9 5,ראס אל-עמוד
אל-אוסתאד' תמאם 1,א-טור
אל-אוסתאד' תמאם 10,א-טור
אל-אוסתאד' תמאם 15,א-טור
אל-אוסתאד' תמאם 16,א-טור
אל-אוסתאד' תמאם 18,א-טור
אל-אוסתאד' תמאם 20,א-טור
אל-אוסתאד' תמאם 29,א-טור
אל-אוסתאד' תמאם 39,א-טור
אל-אוסתאד' תמאם 40,א-טור
אל-אוסתאד' תמאם 41,א-טור
אל-אוסתאד' תמאם 44,א-טור
אל-אוסתאד' תמאם 46,א-טור
אל-אוסתאד' תמאם 48,א-טור
אל-אוסתאד' תמאם 51,א-טור
אל-אוסתאד' תמאם 53,א-טור
אל-אוסתאד' תמאם 55,א-טור
אל-אוסתאד' תמאם 57,א-טור
אל-אוסתאד' תמאם 59,א-טור
אל-אוסתאד' תמאם 62,א-טור
אל-אוסתאד' תמאם 65,א-טור
אל-אוסתאד' תמאם 66,א-טור
אל-אוסתאד' תמאם 68,א-טור
אל-אוסתאד' תמאם 7,א-טור
אל-אוסתאד' תמאם 76,א-טור
אל-אוסתאד' תמאם 78,א-טור
אל-אוסתאד' תמאם סמ2 10,א-טור
אל-אוסתאד' תמאם סמ2 11,א-טור
אל-אוסתאד' תמאם סמ2 13,א-טור
אל-אוסתאד' תמאם סמ2 14,א-טור
אל-אוסתאד' תמאם סמ2 15,א-טור
אל-אוסתאד' תמאם סמ2 16,א-טור
אל-אוסתאד' תמאם סמ2 17,א-טור
אל-אוסתאד' תמאם סמ2 18,א-טור
אל-אוסתאד' תמאם סמ2 19,א-טור
אל-אוסתאד' תמאם סמ2 21,א-טור
אל-אוסתאד' תמאם סמ2 23,א-טור
אל-אוסתאד' תמאם סמ2 39,א-טור
אל-אוסתאד' תמאם סמ2 4,א-טור
אל-אוסתאד' תמאם סמ2 42,א-טור
אל-אוסתאד' תמאם סמ2 669,א-טור
אל-אוסתאד' תמאם סמ2 9,א-טור
אל-אוסתאד' תמאם סמ2 9999,א-טור
אל-אוסתאד' תמאם סמ3 11,א-טור
אל-אוסתאד' תמאם סמ3 4,א-טור
אל-אוסתאד' תמאם סמ3 5,א-טור
אל-אוסתאד' תמאם סמ4 13,א-טור
אל-אוסתאד' תמאם סמ4 14,א-טור
אל-אוסתאד' תמאם סמ4 16,א-טור
אל-אוסתאד' תמאם סמ4 2,א-טור
אל-אוסתאד' תמאם סמ4 38,א-טור
אל-אוסתאד' תמאם סמ4 4,א-טור
אל-אוסתאד' תמאם סמ4 42,א-טור
אל-אוסתאד' תמאם סמ4 8,א-טור
אל-אוסתאד' תמאם סמ5 5,א-טור
אל-אוסתאד' תמאם סמ5 7,א-טור
אל-אוסתאד' תמאם סמ5 9999,א-טור
אל-אוסתאד' תמאם סמ6 2,א-טור
אל-אוסתאד' תמאם סמ6 3,א-טור
אל-אוסתאד' תמאם סמ6 97,א-טור
אל-אוסתאד' תמאם סמ6 9999,א-טור
אל-אוסתאד' תמאם סמ7 11,א-טור
אל-אוסתאד' תמאם סמ9,א-טור
אל-אוסתאד' תמאם סמ9 1,א-טור
אל-אוסתאד' תמאם סמ9 20,א-טור
אל-אוסתאד' תמאם סמ9 5,א-טור
אל-אוסתאד' תמאם סמ9 7,א-טור
אל-אוסתאד' תמאם סמ9 9999,א-טור
אל-אמג'אד 15,צור באחר
אל-אמג'אד 16,צור באחר
אל-אמג'אד 17,צור באחר
אל-אמג'אד 4,צור באחר
אל-אמג'אד 9,צור באחר
אל-אמג'אד סמ2 24,צור באחר
אל-אמג'אד סמ4 2,צור באחר
אל-אמג'אד סמ6 11,צור באחר
אל-אמג'אד סמ6 3,צור באחר
אל-אמג'אד סמ6 8,צור באחר
אל-אמג'אד סמ8 6,צור באחר
אל-אמג'אד סמ8 8,צור באחר
אל-אמג'אד סמ8 9999,צור באחר
אל-אמינה 10,ראס אל-עמוד
אל-אמינה 13,ראס אל-עמוד
אל-אמינה 16,ראס אל-עמוד
אל-אמינה 17,ראס אל-עמוד
אל-אמינה 18,ראס אל-עמוד
אל-אמינה 19,ראס אל-עמוד
אל-אמינה 2,ראס אל-עמוד
אל-אמינה 28,ראס אל-עמוד
אל-אמינה 30,ראס אל-עמוד
אל-אמינה 38,ראס אל-עמוד
אל-אמינה 4,ראס אל-עמוד
אל-אמינה 5,ראס אל-עמוד
אל-אמינה 6,ראס אל-עמוד
אל-אמינה 8,ראס אל-עמוד
אל-אמינה 9,ראס אל-עמוד
אל-אמינה 999,ראס אל-עמוד
אל-אמינה 9999,ראס אל-עמוד
אל-אנסאר 1,ראס אל-עמוד
אל-אנסאר 10,ראס אל-עמוד
אל-אנסאר 11,ראס אל-עמוד
אל-אנסאר 13,ראס אל-עמוד
אל-אנסאר 14,ראס אל-עמוד
אל-אנסאר 15,ראס אל-עמוד
אל-אנסאר 2,ראס אל-עמוד
אל-אנסאר 23,ראס אל-עמוד
אל-אנסאר 25,ראס אל-עמוד
אל-אנסאר 26,ראס אל-עמוד
אל-אנסאר 29,ראס אל-עמוד
אל-אנסאר 3,ראס אל-עמוד
אל-אנסאר 35,ראס אל-עמוד
אל-אנסאר 4,ראס אל-עמוד
אל-אנסאר 6,ראס אל-עמוד
אל-אנסאר 7,ראס אל-עמוד
אל-אנסאר 9,ראס אל-עמוד
אל-אנסאר 9999,ראס אל-עמוד
אל-אספהאני 9,באב א-זהרה
אל-ביר 17,בית צפאפא
אל-ביר 22,בית צפאפא
אל-ביר 24,בית צפאפא
אל-ביר 28,בית צפאפא
אל-ביר אל-שרקי 14,צור באחר
אל-ביר אל-שרקי 15,צור באחר
אל-ביר אל-שרקי 16,צור באחר
אל-ביר אל-שרקי 17,צור באחר
אל-ביר אל-שרקי 18,צור באחר
אל-ביר אל-שרקי 2,צור באחר
אל-ביר אל-שרקי 20,צור באחר
אל-ביר אל-שרקי 23,צור באחר
אל-ביר אל-שרקי 30,צור באחר
אל-ביר אל-שרקי 4,צור באחר
אל-ביר אל-שרקי 7,צור באחר
אל-ביר אל-שרקי 8,צור באחר
אל-ביר אל-שרקי 999,צור באחר
אל-ביר אל-שרקי סמ4 11,צור באחר
אל-ביר אל-שרקי סמ9 11,צור באחר
אל-בירכה 12,צור באחר
אל-בירכה 14,צור באחר
אל-בירכה 16,צור באחר
אל-בירכה 17,צור באחר
אל-בירכה 18,צור באחר
אל-בירכה 26,צור באחר
אל-בירכה 28,צור באחר
אל-בירכה 7,צור באחר
אל-בלוטה 1,בית צפאפא
אל-בלוטה 11,בית צפאפא
אל-בלוטה 17,בית צפאפא
אל-בלוטה 19,בית צפאפא
אל-בלוטה 21,בית צפאפא
אל-בלוטה 23,בית צפאפא
אל-בלוטה 25,בית צפאפא
אל-בלוטה 27,בית צפאפא
אל-בלוטה 3,בית צפאפא
אל-בלוטה 40,בית צפאפא
אל-בלוטה 51,בית צפאפא
אל-בלוטה 7,בית צפאפא
אל-ברא' 12,צור באחר
אל-ברא' 16,צור באחר
אל-ברא' 17,צור באחר
אל-ברא' 26,צור באחר
אל-ברא' 29,צור באחר
אל-ברא' 30,צור באחר
אל-ברא' 32,צור באחר
אל-ברא' 37,צור באחר
אל-ברא' 6,צור באחר
אל-ברא' סמ1 10,צור באחר
אל-ברא' סמ1 6,צור באחר
אל-ברא' סמ1 9999,צור באחר
אל-ברא' סמ3 12,צור באחר
אל-ברא' סמ3 16,צור באחר
אל-ברא' סמ3 6,צור באחר
אל-ברא' סמ3 7,צור באחר
אל-ברא' סמ4 5,צור באחר
אל-ברא' סמ4 8,צור באחר
אל-ג'בל,א-טור
אל-ג'בל 16,א-טור
אל-ג'בל 20,א-טור
אל-ג'בל 21,א-טור
אל-ג'בל 24,א-טור
אל-ג'בל 28,א-טור
אל-ג'בל 29,א-טור
אל-ג'בל 3,א-טור
אל-ג'בל 30,א-טור
אל-ג'בל 33,א-טור
אל-ג'בל 34,א-טור
אל-ג'בל 36,א-טור
אל-ג'בל 42,א-טור
אל-ג'בל 43,א-טור
אל-ג'בל 50,א-טור
אל-ג'בל 56,א-טור
אל-ג'בל 58,א-טור
אל-ג'בל 60,א-טור
אל-ג'בל 63,א-טור
אל-ג'בל 70,א-טור
אל-ג'בל 76,א-טור
אל-ג'בל 86,א-טור
אל-ג'בל 90,א-טור
אל-ג'בל סמ3 10,א-טור
אל-ג'בל סמ3 11,א-טור
אל-ג'בל סמ3 27,א-טור
אל-ג'בל סמ3 29,א-טור
אל-ג'בל סמ3 39,א-טור
אל-ג'בל סמ3 41,א-טור
אל-ג'בל סמ3 43,א-טור
אל-ג'בל סמ3 45,א-טור
אל-ג'בל סמ3 5,א-טור
אל-ג'בל סמ3 6,א-טור
אל-ג'בל סמ3 9999,א-טור
אל-היל 10,ג'בל מוכבר
אל-היל 12,ג'בל מוכבר
אל-היל 14,ג'בל מוכבר
אל-היל 15,ג'בל מוכבר
אל-היל 19,ג'בל מוכבר
אל-היל 20,ג'בל מוכבר
אל-היל 28,ג'בל מוכבר
אל-היל 30,ג'בל מוכבר
אל-היל 31,ג'בל מוכבר
אל-היל 36,ג'בל מוכבר
אל-היל סמ1 10,ג'בל מוכבר
אל-היל סמ1 14,ג'בל מוכבר
אל-היל סמ1 18,ג'בל מוכבר
אל-היל סמ1 22,ג'בל מוכבר
אל-היל סמ1 6,ג'בל מוכבר
אל-היל סמ1 8,ג'בל מוכבר
אל-היל סמ3 9999,ג'בל מוכבר
אל-היל סמ5 6,ג'בל מוכבר
אל-היל סמ6 10,ג'בל מוכבר
אל-היל סמ6 11,ג'בל מוכבר
אל-היל סמ7 1,ג'בל מוכבר
אל-היל סמ7 3,ג'בל מוכבר
אל-היל סמ7 5,ג'בל מוכבר
אל-היל סמ7 7,ג'בל מוכבר
אל-הרם 1,ג'בל מוכבר
אל-הרם 2,ג'בל מוכבר
אל-הרם 20,ג'בל מוכבר
אל-הרם 22,ג'בל מוכבר
אל-הרם 30,ג'בל מוכבר
אל-הרם 34,ג'בל מוכבר
אל-הרם 7,ג'בל מוכבר
אל-הרם 9999,ג'בל מוכבר
אל-הרם סמ1 5,ג'בל מוכבר
אל-הרם סמ1 7,ג'בל מוכבר
אל-הרם סמ1 9999,ג'בל מוכבר
אל-הרם סמ2 10,ג'בל מוכבר
אל-הרם סמ2 7,ג'בל מוכבר
אל-הרם סמ2 999,ג'בל מוכבר
אל-וועד 13,בית צפאפא
אל-וועד 14,בית צפאפא
אל-וועד 15,בית צפאפא
אל-וועד 16,בית צפאפא
אל-וועד 21,בית צפאפא
אל-וועד 23,בית צפאפא
אל-וועד 27,בית צפאפא
אל-וועד 29,בית צפאפא
אל-וועד 35,בית צפאפא
אל-וועד 37,בית צפאפא
אל-וועד 47,בית צפאפא
אל-וועד 51,בית צפאפא
אל-וועד 53,בית צפאפא
אל-וועד 56,בית צפאפא
אל-וועד 62,בית צפאפא
אל-וועד 64,בית צפאפא
אל-וועד 66,בית צפאפא
אל-וועד 68,בית צפאפא
אל-ופא' 10,א-טור
אל-ופא' 14,א-טור
אל-ופא' 16,א-טור
אל-ופא' 18,א-טור
אל-ופא' 19,א-טור
אל-ופא' 25,א-טור
אל-ופא' 27,א-טור
אל-ופא' 31,א-טור
אל-ופא' 6,א-טור
אל-ופא' 7,א-טור
אל-ופא' 8,א-טור
אל-ופא' סמ1 4,א-טור
אל-ופא' סמ4 1,א-טור
אל-ופא' סמ4 16,א-טור
אל-ופא' סמ4 20,א-טור
אל-ופא' סמ4 22,א-טור
אל-ופא' סמ4 4,א-טור
אל-זאוויה 15,צור באחר
אל-זאוויה 19,צור באחר
אל-זאוויה 5,צור באחר
אל-זאוויה 7,צור באחר
אל-זאוויה 9999,צור באחר
אל-זיתון 14,בית צפאפא
אל-זיתון 15,בית צפאפא
אל-זיתון 18,בית צפאפא
אל-זיתון 2,בית צפאפא
אל-זיתון 20,בית צפאפא
אל-זיתון 21,בית צפאפא
אל-זיתון 22,בית צפאפא
אל-זיתון 23,בית צפאפא
אל-זיתון 25,בית צפאפא
אל-זיתון 27,בית צפאפא
אל-זיתון 31,בית צפאפא
אל-זיתון 37,בית צפאפא
אל-זיתון 43,בית צפאפא
אל-זיתון 60,בית צפאפא
אל-זיתון 75,בית צפאפא
אל-זיתון 9,בית צפאפא
אל-חארה שרקייה 100,אבו תור
אל-חארה שרקייה 101,אבו תור
אל-חארה שרקייה 11,אבו תור
אל-חארה שרקייה 114,אבו תור
אל-חארה שרקייה 13,אבו תור
אל-חארה שרקייה 134,אבו תור
אל-חארה שרקייה 136,אבו תור
אל-חארה שרקייה 14,אבו תור
אל-חארה שרקייה 140,אבו תור
אל-חארה שרקייה 144,אבו תור
אל-חארה שרקייה 148,אבו תור
אל-חארה שרקייה 15,אבו תור
אל-חארה שרקייה 150,אבו תור
אל-חארה שרקייה 152,אבו תור
אל-חארה שרקייה 17,אבו תור
אל-חארה שרקייה 19,אבו תור
אל-חארה שרקייה 22,אבו תור
אל-חארה שרקייה 23,אבו תור
אל-חארה שרקייה 30,אבו תור
אל-חארה שרקייה 36,אבו תור
אל-חארה שרקייה 38,אבו תור
אל-חארה שרקייה 4,אבו תור
אל-חארה שרקייה 42,אבו תור
אל-חארה שרקייה 44,אבו תור
אל-חארה שרקייה 48,אבו תור
אל-חארה שרקייה 5,אבו תור
אל-חארה שרקייה 52,אבו תור
אל-חארה שרקייה 6,אבו תור
אל-חארה שרקייה 63,אבו תור
אל-חארה שרקייה 64,אבו תור
אל-חארה שרקייה 68,אבו תור
אל-חארה שרקייה 7,אבו תור
אל-חארה שרקייה 71,אבו תור
אל-חארה שרקייה 78,אבו תור
אל-חארה שרקייה 80,אבו תור
אל-חארה שרקייה 82,אבו תור
אל-חארה שרקייה 87,אבו תור
אל-חארה שרקייה 89,אבו תור
אל-חארה שרקייה 9,אבו תור
אל-חארה שרקייה 90,אבו תור
אל-חארה שרקייה 91,אבו תור
אל-חארה שרקייה 9999,אבו תור
אל-חארה שרקייה סמ1 56,אבו תור
אל-חארה שרקייה סמ2 10,אבו תור
אל-חארה שרקייה סמ2 17,אבו תור
אל-חארה שרקייה סמ2 2,אבו תור
אל-חארה שרקייה סמ2 7,אבו תור
אל-חארה שרקייה סמ2 715,אבו תור
אל-חארה שרקייה סמ2 85,אבו תור
אל-חארה שרקייה סמ2 89,אבו תור
אל-חארה שרקייה סמ2 999,אבו תור
אל-חארה שרקייה סמ3 14,אבו תור
אל-חארה שרקייה סמ3 17,אבו תור
אל-חארה שרקייה סמ3 19,אבו תור
אל-חארה שרקייה סמ3 22,אבו תור
אל-חארה שרקייה סמ3 23,אבו תור
אל-חארה שרקייה סמ3 25,אבו תור
אל-חארה שרקייה סמ3 28,אבו תור
אל-חארה שרקייה סמ3 29,אבו תור
אל-חארה שרקייה סמ4 11,אבו תור
אל-חארה שרקייה סמ4 17,אבו תור
אל-חארה שרקייה סמ4 19,אבו תור
אל-חארה שרקייה סמ4 3,אבו תור
אל-חארה שרקייה סמ4 5,אבו תור
אל-חארה שרקייה סמ4 6,אבו תור
אל-חארה שרקייה סמ4 7,אבו תור
אל-חארה שרקייה סמ5 12,אבו תור
אל-חארה שרקייה סמ5 15,אבו תור
אל-חארה שרקייה סמ5 16,אבו תור
אל-חארה שרקייה סמ5 22,אבו תור
אל-חארה שרקייה סמ5 40,אבו תור
אל-חארה שרקייה סמ6 10,אבו תור
אל-חארה שרקייה סמ6 14,אבו תור
אל-חארה שרקייה סמ6 146,אבו תור
אל-חארה שרקייה סמ6 15,אבו תור
אל-חארה שרקייה סמ6 17,אבו תור
אל-חארה שרקייה סמ6 19,אבו תור
אל-חארה שרקייה סמ6 22,אבו תור
אל-חארה שרקייה סמ6 25,אבו תור
אל-חארה שרקייה סמ6 27,אבו תור
אל-חארה שרקייה סמ6 3,אבו תור
אל-חארה שרקייה סמ6 40,אבו תור
אל-חארה שרקייה סמ6 5,אבו תור
אל-חארה שרקייה סמ6 56,אבו תור
אל-חארה שרקייה סמ6 7,אבו תור
אל-חארה שרקייה סמ6 9,אבו תור
אל-חארה שרקייה סמ6 999,אבו תור
אל-חארה שרקייה סמ6 9999,אבו תור
אל-חראיק 1,עיסוויה
אל-חראיק 11,עיסוויה
אל-חראיק 14,עיסוויה
אל-חראיק 15,עיסוויה
אל-חראיק 17,עיסוויה
אל-חראיק 21,עיסוויה
אל-חראיק 22,עיסוויה
אל-חראיק 23,עיסוויה
אל-חראיק 26,עיסוויה
אל-חראיק 3,עיסוויה
אל-חראיק 32,עיסוויה
אל-חראיק 34,עיסוויה
אל-חראיק 4,עיסוויה
אל-חראיק 7,עיסוויה
אל-חראיק 9999,עיסוויה
אל-חראיק סמ1 15,עיסוויה
אל-חראיק סמ1 17,עיסוויה
אל-חראיק סמ1 23,עיסוויה
אל-חראיק סמ1 7,עיסוויה
אל-חראיק סמ3 1,עיסוויה
אל-חראיק סמ3 12,עיסוויה
אל-חראיק סמ3 35,עיסוויה
אל-חראיק סמ3 7,עיסוויה
אל-חראיק סמ3 8,עיסוויה
אל-חראיק סמ3 9999,עיסוויה
אל-חרירי,באב א-זהרה
אל-חרירי 0,באב א-זהרה
אל-חרירי 1,באב א-זהרה
אל-חרירי 10,באב א-זהרה
אל-חרירי 11,באב א-זהרה
אל-חרירי 13,באב א-זהרה
אל-חרירי 17,באב א-זהרה
אל-חרירי 18,באב א-זהרה
אל-חרירי 21,באב א-זהרה
אל-חרירי 23,באב א-זהרה
אל-חרירי 25,באב א-זהרה
אל-חרירי 27,באב א-זהרה
אל-חרירי 3,באב א-זהרה
אל-חרירי 31,באב א-זהרה
אל-חרירי 43,באב א-זהרה
אל-חרירי 45,באב א-זהרה
אל-חרירי 51,באב א-זהרה
אל-חרירי 957,באב א-זהרה
אל-חרירי סמ1 13,באב א-זהרה
אל-חרירי סמ1 17,באב א-זהרה
אל-חרירי סמ1 19,באב א-זהרה
אל-חרירי סמ1 3,באב א-זהרה
אל-חרירי סמ1 7,באב א-זהרה
אל-ט'הרה 12,בית צפאפא
אל-ט'הרה 13,בית צפאפא
אל-ט'הרה 15,בית צפאפא
אל-ט'הרה 16,בית צפאפא
אל-ט'הרה 17,בית צפאפא
אל-ט'הרה 177,בית צפאפא
אל-ט'הרה 2,בית צפאפא
אל-ט'הרה 20,בית צפאפא
אל-ט'הרה 22,בית צפאפא
אל-ט'הרה 23,בית צפאפא
אל-ט'הרה 24,בית צפאפא
אל-ט'הרה 28,בית צפאפא
אל-ט'הרה 30,בית צפאפא
אל-ט'הרה 32,בית צפאפא
אל-ט'הרה 36,בית צפאפא
אל-ט'הרה 38,בית צפאפא
אל-ט'הרה 40,בית צפאפא
אל-ט'הרה 46,בית צפאפא
אל-ט'הרה 48,בית צפאפא
אל-ט'הרה 53,בית צפאפא
אל-ט'הרה 55,בית צפאפא
אל-ט'הרה 56,בית צפאפא
אל-ט'הרה 6,בית צפאפא
אל-ט'הרה 68,בית צפאפא
אל-ט'הרה 70,בית צפאפא
אל-ט'הרה 74,בית צפאפא
אל-ט'הרה 77,בית צפאפא
אל-ט'הרה 78,בית צפאפא
אל-ט'הרה סמ1 5,בית צפאפא
אל-ט'הרה סמ2 6,בית צפאפא
אל-ט'הרה סמ2 8,בית צפאפא
אל-ט'הרה סמ3 1,בית צפאפא
אל-ט'הרה סמ3 2,בית צפאפא
אל-ט'הרה סמ3 3,בית צפאפא
אל-ט'הרה סמ4 10,בית צפאפא
אל-ט'הרה סמ4 14,בית צפאפא
אל-ט'הרה סמ4 4,בית צפאפא
אל-ט'הרה סמ4 5,בית צפאפא
אל-ט'הרה סמ4 7,בית צפאפא
אל-ט'הרה סמ4 9999,בית צפאפא
אל-ט'הרה סמ7 14,בית צפאפא
אל-ט'הרה סמ7 18,בית צפאפא
אל-ט'הרה סמ7 4,בית צפאפא
אל-טנטור 10,בית צפאפא
אל-טנטור 11,בית צפאפא
אל-טנטור 13,בית צפאפא
אל-טנטור 15,בית צפאפא
אל-טנטור 17,בית צפאפא
אל-טנטור 19,בית צפאפא
אל-טנטור 21,בית צפאפא
אל-טנטור 25,בית צפאפא
אל-טנטור 27,בית צפאפא
אל-טנטור 29,בית צפאפא
אל-טנטור 31,בית צפאפא
אל-טנטור 317,בית צפאפא
אל-טנטור 32,בית צפאפא
אל-טנטור 35,בית צפאפא
אל-טנטור 5,בית צפאפא
אל-טנטור 6,בית צפאפא
אל-טנטור 7,בית צפאפא
אל-טנטור 8,בית צפאפא
אל-יעקובי 13,באב א-זהרה
אל-יעקובי 2,באב א-זהרה
אל-יעקובי 3,באב א-זהרה
אל-יעקובי 7,באב א-זהרה
אל-יעקובי 8,באב א-זהרה
אל-יעקובי 9,באב א-זהרה
אל-יעקובי 9999,באב א-זהרה
אל-כורמא' 10,ג'בל מוכבר
אל-כורמא' 13,ג'בל מוכבר
אל-כורמא' 18,ג'בל מוכבר
אל-כורמא' 19,ג'בל מוכבר
אל-כורמא' 2,ג'בל מוכבר
אל-כורמא' 21,ג'בל מוכבר
אל-כורמא' 23,ג'בל מוכבר
אל-כורמא' 27,ג'בל מוכבר
אל-כורמא' 34,ג'בל מוכבר
אל-כורמא' 38,ג'בל מוכבר
אל-כורמא' 40,ג'בל מוכבר
אל-כורמא' 43,ג'בל מוכבר
אל-כורמא' 44,ג'בל מוכבר
אל-כורמא' 46,ג'בל מוכבר
אל-כורמא' 49,ג'בל מוכבר
אל-כורמא' 5,ג'בל מוכבר
אל-כורמא' 50,ג'בל מוכבר
אל-כורמא' 6,ג'בל מוכבר
אל-כורמא' 61,ג'בל מוכבר
אל-כורמא' 63,ג'בל מוכבר
אל-כורמא' 65,ג'בל מוכבר
אל-כורמא' 67,ג'בל מוכבר
אל-כורמא' 676,ג'בל מוכבר
אל-כורמא' 68,ג'בל מוכבר
אל-כורמא' 70,ג'בל מוכבר
אל-כורמא' 75,ג'בל מוכבר
אל-כורמא' 8,ג'בל מוכבר
אל-כורמא' 9999,ג'בל מוכבר
אל-כורמא' סמ1 1,ג'בל מוכבר
אל-כורמא' סמ1 15,ג'בל מוכבר
אל-כורמא' סמ1 19,ג'בל מוכבר
אל-כורמא' סמ1 21,ג'בל מוכבר
אל-כורמא' סמ1 23,ג'בל מוכבר
אל-כורמא' סמ1 25,ג'בל מוכבר
אל-כורמא' סמ1 9999,ג'בל מוכבר
אל-כורמא' סמ10 3,ג'בל מוכבר
אל-כורמא' סמ2 1,ג'בל מוכבר
אל-כורמא' סמ2 12,ג'בל מוכבר
אל-כורמא' סמ2 17,ג'בל מוכבר
אל-כורמא' סמ2 19,ג'בל מוכבר
אל-כורמא' סמ2 25,ג'בל מוכבר
אל-כורמא' סמ2 8,ג'בל מוכבר
אל-כורמא' סמ2 9,ג'בל מוכבר
אל-כורמא' סמ2 9999,ג'בל מוכבר
אל-כורמא' סמ3 15,ג'בל מוכבר
אל-כורמא' סמ3 5,ג'בל מוכבר
אל-כורמא' סמ3 9,ג'בל מוכבר
אל-כורמא' סמ4 3,ג'בל מוכבר
אל-כורמא' סמ4 5,ג'בל מוכבר
אל-כורמא' סמ4 7,ג'בל מוכבר
אל-כורמא' סמ4 9999,ג'בל מוכבר
אל-כורמא' סמ5 11,ג'בל מוכבר
אל-כורמא' סמ5 4,ג'בל מוכבר
אל-כורמא' סמ5 9999,ג'בל מוכבר
אל-כורמא' סמ6 13,ג'בל מוכבר
אל-כורמא' סמ6 5,ג'בל מוכבר
אל-כורמא' סמ6 676,ג'בל מוכבר
אל-כורמא' סמ6 9999,ג'בל מוכבר
אל-כורמא' סמ7 12,ג'בל מוכבר
אל-כורמא' סמ7 19,ג'בל מוכבר
אל-כורמא' סמ7 2,ג'בל מוכבר
אל-כורמא' סמ7 6,ג'בל מוכבר
אל-כורמא' סמ7 9,ג'בל מוכבר
אל-כורמא' סמ7 9999,ג'בל מוכבר
אל-כורמא' סמ8 11,ג'בל מוכבר
אל-כורמא' סמ8 2,ג'בל מוכבר
אל-כורמא' סמ8 4,ג'בל מוכבר
אל-כורמא' סמ8 5,ג'בל מוכבר
אל-כורמא' סמ8 6,ג'בל מוכבר
אל-כורמא' סמ8 8,ג'בל מוכבר
אל-כורמא' סמ8 9,ג'בל מוכבר
אל-כורמא' סמ9 12,ג'בל מוכבר
אל-כורמא' סמ9 9999,ג'בל מוכבר
אל-לימון 6,בית צפאפא
אל-לימון 8,בית צפאפא
אל-מא'ד'ון 94,כפר עקב
אל-מא'ד'ון 999,כפר עקב
אל-מא'ד'ון סמ10 6,כפר עקב
אל-מא'ד'ון סמ5 39,כפר עקב
אל-מג'לס 18,כפר עקב
אל-מג'לס 27,כפר עקב
אל-מג'לס 34,כפר עקב
אל-מג'לס 4,כפר עקב
אל-מג'לס 6,כפר עקב
אל-מג'לס 61,כפר עקב
אל-מג'לס 8,כפר עקב
אל-מג'לס 80,כפר עקב
אל-מג'לס 999,כפר עקב
אל-מג'לס סמ1 7,כפר עקב
אל-מג'לס סמ2 61,כפר עקב
אל-מג'לס סמ2 9999,כפר עקב
אל-מג'לס סמ4 3,כפר עקב
אל-מוולוויה 1,העיר העתיקה
אל-מוולוויה 10,העיר העתיקה
אל-מוולוויה 11,העיר העתיקה
אל-מוולוויה 12,העיר העתיקה
אל-מוולוויה 13,העיר העתיקה
אל-מוולוויה 14,העיר העתיקה
אל-מוולוויה 15,העיר העתיקה
אל-מוולוויה 16,העיר העתיקה
אל-מוולוויה 17,העיר העתיקה
אל-מוולוויה 18,העיר העתיקה
אל-מוולוויה 19,העיר העתיקה
אל-מוולוויה 20,העיר העתיקה
אל-מוולוויה 21,העיר העתיקה
אל-מוולוויה 215,העיר העתיקה
אל-מוולוויה 26,העיר העתיקה
אל-מוולוויה 27,העיר העתיקה
אל-מוולוויה 28,העיר העתיקה
אל-מוולוויה 29,העיר העתיקה
אל-מוולוויה 31,העיר העתיקה
אל-מוולוויה 4,העיר העתיקה
אל-מוולוויה 5,העיר העתיקה
אל-מוולוויה 6,העיר העתיקה
אל-מוולוויה 7,העיר העתיקה
אל-מוולוויה 9,העיר העתיקה
אל-מוולוויה 999,העיר העתיקה
אל-מוולוויה 9999,העיר העתיקה
אל-מוח'תאר 21,כפר עקב
אל-מוח'תאר 23,כפר עקב
אל-מוח'תאר 5,כפר עקב
אל-מוח'תאר 9,כפר עקב
אל-מונתזה,אבו תור
אל-מונתזה 13,אבו תור
אל-מונתזה 17,אבו תור
אל-מונתזה 2,אבו תור
אל-מונתזה 20,אבו תור
אל-מונתזה 25,אבו תור
אל-מונתזה 29,אבו תור
אל-מונתזה 38,אבו תור
אל-מונתזה 4,אבו תור
אל-מונתזה 43,אבו תור
אל-מונתזה 48,אבו תור
אל-מונתזה 5,אבו תור
אל-מונתזה 58,אבו תור
אל-מונתזה 6,אבו תור
אל-מונתזה 66,אבו תור
אל-מונתזה 72,אבו תור
אל-מונתזה 8,אבו תור
אל-מונתזה 80,אבו תור
אל-מונתזה סמ1 1,אבו תור
אל-מונתזה סמ1 10,אבו תור
אל-מונתזה סמ1 2,אבו תור
אל-מונתזה סמ1 5,אבו תור
אל-מונתזה סמ1 53,אבו תור
אל-מונתזה סמ1 6,אבו תור
אל-מונתזה סמ1 9,אבו תור
אל-מונתזה סמ10 1,אבו תור
אל-מונתזה סמ10 2,אבו תור
אל-מונתזה סמ10 5,אבו תור
אל-מונתזה סמ10 9,אבו תור
אל-מונתזה סמ12 1,אבו תור
אל-מונתזה סמ12 194,אבו תור
אל-מונתזה סמ12 4,אבו תור
אל-מונתזה סמ12 5,אבו תור
אל-מונתזה סמ12 7,אבו תור
אל-מונתזה סמ12 8,אבו תור
אל-מונתזה סמ12 9999,אבו תור
אל-מונתזה סמ2 11,אבו תור
אל-מונתזה סמ4 6,אבו תור
אל-מונתזה סמ6 10,אבו תור
אל-מונתזה סמ6 11,אבו תור
אל-מונתזה סמ6 12,אבו תור
אל-מונתזה סמ6 6,אבו תור
אל-מונתזה סמ6 8,אבו תור
אל-מונתזה סמ6 9,אבו תור
אל-מונתזה סמ6 9999,אבו תור
אל-מונתזה סמ8 1,אבו תור
אל-מונתזה סמ8 3,אבו תור
אל-מונתזה סמ8 34,אבו תור
אל-מונתזה סמ8 66,אבו תור
אל-מזאר,בית צפאפא
אל-מזאר 15,בית צפאפא
אל-מזאר 16,בית צפאפא
אל-מזאר 17,בית צפאפא
אל-מזאר 4,בית צפאפא
אל-מזאר 8,בית צפאפא
אל-מזאר 9999,בית צפאפא
אל-מטאר 27,כפר עקב
אל-מטאר 39,כפר עקב
אל-מטאר 43,כפר עקב
אל-מטאר 45,כפר עקב
אל-מטאר 6,כפר עקב
אל-מטאר 9999,כפר עקב
אל-מטאר סמ1 29,כפר עקב
אל-מטאר סמ1 47,כפר עקב
אל-מטאר סמ3 12,כפר עקב
אל-מטאר סמ3 14,כפר עקב
אל-מטאר סמ3 34,כפר עקב
אל-מטאר סמ3 999,כפר עקב
אל-מטאר סמ3 9999,כפר עקב
אל-מטאר סמ5 12,כפר עקב
אל-מטאר סמ5 21,כפר עקב
אל-מטאר סמ5 31,כפר עקב
אל-מטאר סמ5 39,כפר עקב
אל-מטאר סמ5 41,כפר עקב
אל-מטאר סמ5 81,כפר עקב
אל-מיעראג' 10,ראס אל-עמוד
אל-מיעראג' 13,ראס אל-עמוד
אל-מיעראג' 15,ראס אל-עמוד
אל-מיעראג' 16,ראס אל-עמוד
אל-מיעראג' 17,ראס אל-עמוד
אל-מיעראג' 2,ראס אל-עמוד
אל-מיעראג' 21,ראס אל-עמוד
אל-מיעראג' 25,ראס אל-עמוד
אל-מיעראג' 3,ראס אל-עמוד
אל-מיעראג' 32,ראס אל-עמוד
אל-מיעראג' 36,ראס אל-עמוד
אל-מיעראג' 39,ראס אל-עמוד
אל-מיעראג' 41,ראס אל-עמוד
אל-מיעראג' 42,ראס אל-עמוד
אל-מיעראג' 43,ראס אל-עמוד
אל-מיעראג' 6,ראס אל-עמוד
אל-מיעראג' 61,ראס אל-עמוד
אל-מיעראג' 72,ראס אל-עמוד
אל-מיעראג' 76,ראס אל-עמוד
אל-מיעראג' 82,ראס אל-עמוד
אל-מיעראג' 88,ראס אל-עמוד
אל-מיעראג' 999,ראס אל-עמוד
אל-מיעראג' סמ1 11,ראס אל-עמוד
אל-מיעראג' סמ1 12,ראס אל-עמוד
אל-מיעראג' סמ1 14,ראס אל-עמוד
אל-מיעראג' סמ1 16,ראס אל-עמוד
אל-מיעראג' סמ1 5,ראס אל-עמוד
אל-מיעראג' סמ1 7,ראס אל-עמוד
אל-מיעראג' סמ3 9,ראס אל-עמוד
אל-מיעראג' סמ4 17,ראס אל-עמוד
אל-מיעראג' סמ4 7,ראס אל-עמוד
אל-מיעראג' סמ4 9,ראס אל-עמוד
אל-מיעראג' סמ6 10,ראס אל-עמוד
אל-מיעראג' סמ6 4,ראס אל-עמוד
אל-מיעראג' סמ6 7,ראס אל-עמוד
אל-מיעראג' סמ6 8,ראס אל-עמוד
אל-מיעראג' סמ7 14,ראס אל-עמוד
אל-מסעודי,באב א-זהרה
אל-מסעודי 1,באב א-זהרה
אל-מסעודי 14,באב א-זהרה
אל-מסעודי 16,באב א-זהרה
אל-מסעודי סמ1 2,באב א-זהרה
אל-מעהד 16,כפר עקב
אל-מעהד 18,כפר עקב
אל-מעהד 31,כפר עקב
אל-מעהד 49,כפר עקב
אל-מעהד 7,כפר עקב
אל-מעהד 999,כפר עקב
אל-מעהד 9999,כפר עקב
אל-מעהד סמ1 15,כפר עקב
אל-מעהד סמ1 25,כפר עקב
אל-מעהד סמ1 28,כפר עקב
אל-מעהד סמ1 5,כפר עקב
אל-מעהד סמ1 53,כפר עקב
אל-מעהד סמ3 15,כפר עקב
אל-מעהד סמ3 39,כפר עקב
אל-מעהד סמ7 16,כפר עקב
אל-מעהד סמ7 9999,כפר עקב
אל-מעהד סמ9 9,כפר עקב
אל-מקפה סמ1 10,צור באחר
אל-מקפה סמ1 16,צור באחר
אל-מקפה סמ1 3,צור באחר
אל-מקפה סמ10 2,צור באחר
אל-מקפה סמ10 7,צור באחר
אל-מקפה סמ10 8,צור באחר
אל-מקפה סמ10 9,צור באחר
אל-מקפה סמ12 4,צור באחר
אל-מקפה סמ12 5,צור באחר
אל-מקפה סמ12 6,צור באחר
אל-מקפה סמ12 7,צור באחר
אל-מקפה סמ12 8,צור באחר
אל-מקפה סמ12 9999,צור באחר
אל-מקפה סמ14 12,צור באחר
אל-מקפה סמ14 4,צור באחר
אל-מקפה סמ14 5,צור באחר
אל-מקפה סמ14 6,צור באחר
אל-מקפה סמ14 7,צור באחר
אל-מקפה סמ14 9,צור באחר
אל-מקפה סמ16 11,צור באחר
אל-מקפה סמ16 8,צור באחר
אל-מקפה סמ3 12,צור באחר
אל-מקפה סמ5 6,צור באחר
אל-מקפה סמ5 8,צור באחר
אל-מקפה סמ6 16,צור באחר
אל-מקפה סמ6 18,צור באחר
אל-מקפה סמ6 3,צור באחר
אל-מקפה סמ6 35,צור באחר
אל-מקפה סמ8 16,צור באחר
אל-מקפה סמ8 18,צור באחר
אל-מקפה סמ8 7,צור באחר
אל-מקפה סמ8 9,צור באחר
אל-מקפה סמ9 1,צור באחר
אל-מקפה סמ9 2,צור באחר
אל-מקפה סמ9 3,צור באחר
אל-מקפה סמ9 5,צור באחר
אל-מקפה סמ9 7,צור באחר
אל-מראבטין 100,צור באחר
אל-מראבטין 102,צור באחר
אל-מראבטין 115,צור באחר
אל-מראבטין 116,צור באחר
אל-מראבטין 16,צור באחר
אל-מראבטין 17,צור באחר
אל-מראבטין 21,צור באחר
אל-מראבטין 22,צור באחר
אל-מראבטין 26,צור באחר
אל-מראבטין 27,צור באחר
אל-מראבטין 28,צור באחר
אל-מראבטין 35,צור באחר
אל-מראבטין 37,צור באחר
אל-מראבטין 38,צור באחר
אל-מראבטין 39,צור באחר
אל-מראבטין 42,צור באחר
אל-מראבטין 48,צור באחר
אל-מראבטין 54,צור באחר
אל-מראבטין 56,צור באחר
אל-מראבטין 60,צור באחר
אל-מראבטין 62,צור באחר
אל-מראבטין 69,צור באחר
אל-מראבטין 72,צור באחר
אל-מראבטין 78,צור באחר
אל-מראבטין 8,צור באחר
אל-מראבטין 80,צור באחר
אל-מראבטין 84,צור באחר
אל-מראבטין 85,צור באחר
אל-מראבטין 86,צור באחר
אל-מראבטין 88,צור באחר
אל-מראבטין 90,צור באחר
אל-מראבטין 91,צור באחר
אל-מראבטין 92,צור באחר
אל-מראבטין 94,צור באחר
אל-מראבטין 98,צור באחר
אל-מראבטין סמ1 20,צור באחר
אל-מראבטין סמ1 3,צור באחר
אל-מראבטין סמ1 5,צור באחר
אל-מראבטין סמ1 6,צור באחר
אל-מראבטין סמ2 10,צור באחר
אל-מראבטין סמ2 20,צור באחר
אל-מראבטין סמ2 22,צור באחר
אל-מראבטין סמ2 4,צור באחר
אל-מראבטין סמ2 8,צור באחר
אל-מראבטין סמ2 9999,צור באחר
אל-מראבטין סמ3,צור באחר
אל-מראבטין סמ3 1,צור באחר
אל-מראבטין סמ3 17,צור באחר
אל-מראבטין סמ3 20,צור באחר
אל-מראבטין סמ3 4,צור באחר
אל-מראבטין סמ4 1,צור באחר
אל-מראבטין סמ4 10,צור באחר
אל-מראבטין סמ4 11,צור באחר
אל-מראבטין סמ4 13,צור באחר
אל-מראבטין סמ4 14,צור באחר
אל-מראבטין סמ4 146,צור באחר
אל-מראבטין סמ4 15,צור באחר
אל-מראבטין סמ4 18,צור באחר
אל-מראבטין סמ4 20,צור באחר
אל-מראבטין סמ4 23,צור באחר
אל-מראבטין סמ4 25,צור באחר
אל-מראבטין סמ4 4,צור באחר
אל-מראבטין סמ4 5,צור באחר
אל-מראבטין סמ4 9,צור באחר
אל-מראבטין סמ4 9999,צור באחר
אל-מראבטין סמ5 2,צור באחר
אל-מראבטין סמ5 4,צור באחר
אל-מראבטין סמ5 8,צור באחר
אל-מראבטין סמ6 1,צור באחר
אל-מראבטין סמ6 3,צור באחר
אל-מראבטין סמ6 5,צור באחר
אל-מראבטין סמ6 9999,צור באחר
אל-מראבטין סמ7 1,צור באחר
אל-מראבטין סמ7 15,צור באחר
אל-מראבטין סמ7 2,צור באחר
אל-מראבטין סמ7 3,צור באחר
אל-מראבטין סמ7 37,צור באחר
אל-מראבטין סמ7 5,צור באחר
אל-מראבטין סמ7 9,צור באחר
אל-מראבטין סמ7 9999,צור באחר
אל-מרוג' 1,ג'בל מוכבר
אל-מרוג' 10,ג'בל מוכבר
אל-מרוג' 15,ג'בל מוכבר
אל-מרוג' 16,ג'בל מוכבר
אל-מרוג' 18,ג'בל מוכבר
אל-מרוג' 23,ג'בל מוכבר
אל-מרוג' 24,ג'בל מוכבר
אל-מרוג' 25,ג'בל מוכבר
אל-מרוג' 3,ג'בל מוכבר
אל-מרוג' 33,ג'בל מוכבר
אל-מרוג' 35,ג'בל מוכבר
אל-מרוג' 49,ג'בל מוכבר
אל-מרוג' 5,ג'בל מוכבר
אל-מרוג' 50,ג'בל מוכבר
אל-מרוג' 51,ג'בל מוכבר
אל-מרוג' 57,ג'בל מוכבר
אל-מרוג' 6,ג'בל מוכבר
אל-מרוג' 60,ג'בל מוכבר
אל-מרוג' 67,ג'בל מוכבר
אל-מרוג' 7,ג'בל מוכבר
אל-מרוג' 73,ג'בל מוכבר
אל-מרוג' 75,ג'בל מוכבר
אל-מרוג' 77,ג'בל מוכבר
אל-מרוג' 79,ג'בל מוכבר
אל-מרוג' 8,ג'בל מוכבר
אל-מרוג' 80,ג'בל מוכבר
אל-מרוג' 81,ג'בל מוכבר
אל-מרוג' 999,ג'בל מוכבר
אל-מרוג' סמ1 5,ג'בל מוכבר
אל-מרוג' סמ1 7,ג'בל מוכבר
אל-מרוג' סמ1 9999,ג'בל מוכבר
אל-מרוג' סמ2 3,ג'בל מוכבר
אל-מרוג' סמ2 5,ג'בל מוכבר
אל-מרוג' סמ2 7,ג'בל מוכבר
אל-מרוג' סמ3 11,ג'בל מוכבר
אל-מרוג' סמ3 13,ג'בל מוכבר
אל-מרוג' סמ3 14,ג'בל מוכבר
אל-מרוג' סמ3 5,ג'בל מוכבר
אל-מרוג' סמ3 6,ג'בל מוכבר
אל-מרוג' סמ3 8,ג'בל מוכבר
אל-מרוג' סמ3 9,ג'בל מוכבר
אל-מרוג' סמ4 15,ג'בל מוכבר
אל-מרוג' סמ4 2,ג'בל מוכבר
אל-מרוג' סמ4 7,ג'בל מוכבר
אל-מרוג' סמ5 1,ג'בל מוכבר
אל-מרוג' סמ5 2,ג'בל מוכבר
אל-מרוג' סמ5 20,ג'בל מוכבר
אל-מרוג' סמ5 3,ג'בל מוכבר
אל-מרוג' סמ5 999,ג'בל מוכבר
אל-מרוג' סמ6 10,ג'בל מוכבר
אל-מרוג' סמ6 30,ג'בל מוכבר
אל-מרוג' סמ6 32,ג'בל מוכבר
אל-מרוג' סמ6 40,ג'בל מוכבר
אל-משאהד,צור באחר
אל-משאהד 1,צור באחר
אל-משאהד 10,צור באחר
אל-משאהד 100,צור באחר
אל-משאהד 101,צור באחר
אל-משאהד 103,צור באחר
אל-משאהד 105,צור באחר
אל-משאהד 106,צור באחר
אל-משאהד 107,צור באחר
אל-משאהד 109,צור באחר
אל-משאהד 11,צור באחר
אל-משאהד 12,צור באחר
אל-משאהד 17,צור באחר
אל-משאהד 18,צור באחר
אל-משאהד 19,צור באחר
אל-משאהד 25,צור באחר
אל-משאהד 44,צור באחר
אל-משאהד 5,צור באחר
אל-משאהד 6,צור באחר
אל-משאהד 61,צור באחר
אל-משאהד 72,צור באחר
אל-משאהד 86,צור באחר
אל-משאהד 89,צור באחר
אל-משאהד 90,צור באחר
אל-משאהד 94,צור באחר
אל-משאהד 99,צור באחר
אל-משאהד סמ1 10,צור באחר
אל-משאהד סמ1 17,צור באחר
אל-משאהד סמ1 22,צור באחר
אל-משאהד סמ1 3,צור באחר
אל-משאהד סמ1 999,צור באחר
אל-משאהד סמ1 9999,צור באחר
אל-משאהד סמ2 11,צור באחר
אל-משאהד סמ2 4,צור באחר
אל-משאהד סמ2 6,צור באחר
אל-משאהד סמ2 7,צור באחר
אל-משאהד סמ2 8,צור באחר
אל-משאהד סמ3,צור באחר
אל-משאהד סמ3 10,צור באחר
אל-משאהד סמ3 12,צור באחר
אל-משאהד סמ3 14,צור באחר
אל-משאהד סמ3 17,צור באחר
אל-משאהד סמ3 20,צור באחר
אל-משאהד סמ3 5,צור באחר
אל-משאהד סמ3 7,צור באחר
אל-משאהד סמ3 9,צור באחר
אל-משאהד סמ3 9999,צור באחר
אל-משאהד סמ4 3,צור באחר
אל-משאהד סמ4 7,צור באחר
אל-משאהד סמ5 1,צור באחר
אל-משאהד סמ5 3,צור באחר
אל-משאהד סמ6 13,צור באחר
אל-משאהד סמ6 19,צור באחר
אל-משאהד סמ6 3,צור באחר
אל-משאהד סמ6 4,צור באחר
אל-משאהד סמ6 5,צור באחר
אל-משאהד סמ6 7,צור באחר
אל-משאהד סמ6 9,צור באחר
אל-משאהד סמ7 6,צור באחר
אל-משאהד סמ8,צור באחר
אל-משאהד סמ8 13,צור באחר
אל-משאהד סמ8 15,צור באחר
אל-משאהד סמ8 5,צור באחר
אל-משאהד סמ8 6,צור באחר
אל-משאהד סמ8 7,צור באחר
אל-משאהד סמ8 9999,צור באחר
אל-משרק 10,א-טור
אל-משרק 13,א-טור
אל-משרק 14,א-טור
אל-משרק 29,א-טור
אל-משרק 31,א-טור
אל-משרק 7,א-טור
אל-משרק 8,א-טור
אל-משרק סמ1 10,א-טור
אל-משרק סמ1 14,א-טור
אל-משרק סמ1 16,א-טור
אל-משרק סמ1 20,א-טור
אל-משרק סמ1 24,א-טור
אל-משרק סמ1 26,א-טור
אל-משרק סמ1 28,א-טור
אל-משרק סמ2 1,א-טור
אל-משרק סמ2 2,א-טור
אל-משרק סמ2 4,א-טור
אל-משרק סמ2 5,א-טור
אל-משרק סמ2 9,א-טור
אל-נאדי 10,ג'בל מוכבר
אל-נאדי 14,ג'בל מוכבר
אל-נאדי 16,ג'בל מוכבר
אל-נאדי 17,ג'בל מוכבר
אל-נאדי 2,ג'בל מוכבר
אל-נאדי 21,ג'בל מוכבר
אל-נאדי 25,ג'בל מוכבר
אל-נאדי 27,ג'בל מוכבר
אל-נאדי 3,ג'בל מוכבר
אל-נאדי 30,ג'בל מוכבר
אל-נאדי 31,ג'בל מוכבר
אל-נאדי 35,ג'בל מוכבר
אל-נאדי 40,ג'בל מוכבר
אל-נאדי 44,ג'בל מוכבר
אל-נאדי 50,ג'בל מוכבר
אל-נאדי 54,ג'בל מוכבר
אל-נאדי 55,ג'בל מוכבר
אל-נאדי 56,ג'בל מוכבר
אל-נאדי 57,ג'בל מוכבר
אל-נאדי 58,ג'בל מוכבר
אל-נאדי 60,ג'בל מוכבר
אל-נאדי 61,ג'בל מוכבר
אל-נאדי 63,ג'בל מוכבר
אל-נאדי 66,ג'בל מוכבר
אל-נאדי 68,ג'בל מוכבר
אל-נאדי 69,ג'בל מוכבר
אל-נאדי 70,ג'בל מוכבר
אל-נאדי 73,ג'בל מוכבר
אל-נאדי 77,ג'בל מוכבר
אל-נאדי 79,ג'בל מוכבר
אל-נאדי 9999,ג'בל מוכבר
אל-נאדי סמ1,ג'בל מוכבר
אל-נאדי סמ1 11,ג'בל מוכבר
אל-נאדי סמ1 12,ג'בל מוכבר
אל-נאדי סמ1 13,ג'בל מוכבר
אל-נאדי סמ1 14,ג'בל מוכבר
אל-נאדי סמ1 15,ג'בל מוכבר
אל-נאדי סמ1 19,ג'בל מוכבר
אל-נאדי סמ1 6,ג'בל מוכבר
אל-נאדי סמ1 9,ג'בל מוכבר
אל-נאדי סמ3 4,ג'בל מוכבר
אל-נאדי סמ3 5,ג'בל מוכבר
אל-נאדי סמ5 1,ג'בל מוכבר
אל-נאדי סמ5 29,ג'בל מוכבר
אל-נאדי סמ5 3,ג'בל מוכבר
אל-נאדי סמ5 5,ג'בל מוכבר
אל-נאדי סמ5 6,ג'בל מוכבר
אל-נאדי סמ5 7,ג'בל מוכבר
אל-נאדי סמ5 8,ג'בל מוכבר
אל-נבי יונס 12,בית צפאפא
אל-נבי יונס 17,בית צפאפא
אל-נבי יונס 18,בית צפאפא
אל-נבי יונס 19,בית צפאפא
אל-נבי יונס 20,בית צפאפא
אל-נבי יונס 21,בית צפאפא
אל-נבי יונס 22,בית צפאפא
אל-נבי יונס 33,בית צפאפא
אל-נבי יונס 34,בית צפאפא
אל-נבי יונס 37,בית צפאפא
אל-נבי יונס 38,בית צפאפא
אל-נבי יונס 79,בית צפאפא
אל-נבי יונס 81,בית צפאפא
אל-נבי יונס 83,בית צפאפא
אל-נבי יונס 9,בית צפאפא
אל-נבי יונס 9999,בית צפאפא
אל-נג'ום 3,וואדי אל-ג'וז
אל-נובלא' 12,צור באחר
אל-נובלא' 14,צור באחר
אל-נובלא' 16,צור באחר
אל-נובלא' 18,צור באחר
אל-נובלא' 22,צור באחר
אל-נובלא' 23,צור באחר
אל-נובלא' 34,צור באחר
אל-נובלא' 36,צור באחר
אל-נובלא' 38,צור באחר
אל-נובלא' 40,צור באחר
אל-נובלא' 8,צור באחר
אל-נובלא' סמ2 12,צור באחר
אל-נובלא' סמ2 14,צור באחר
אל-נובלא' סמ2 16,צור באחר
אל-נוורס,ג'בל מוכבר
אל-נוורס 12,ג'בל מוכבר
אל-נוורס 14,ג'בל מוכבר
אל-נוורס 15,ג'בל מוכבר
אל-נוורס 28,ג'בל מוכבר
אל-נוורס 30,ג'בל מוכבר
אל-נוורס 34,ג'בל מוכבר
אל-נוורס 36,ג'בל מוכבר
אל-נוורס 40,ג'בל מוכבר
אל-נוורס 42,ג'בל מוכבר
אל-נוורס 44,ג'בל מוכבר
אל-נוורס 46,ג'בל מוכבר
אל-נוורס 48,ג'בל מוכבר
אל-נוורס 50,ג'בל מוכבר
אל-נוורס 54,ג'בל מוכבר
אל-נוורס 67,ג'בל מוכבר
אל-נוורס 9999,ג'בל מוכבר
אל-סאלחין 10,ראס אל-עמוד
אל-סאלחין 130,ראס אל-עמוד
אל-סאלחין 19,ראס אל-עמוד
אל-סאלחין 21,ראס אל-עמוד
אל-סאלחין 32,ראס אל-עמוד
אל-סאלחין 36,ראס אל-עמוד
אל-סאלחין 42,ראס אל-עמוד
אל-סאלחין 48,ראס אל-עמוד
אל-סאלחין 5,ראס אל-עמוד
אל-סאלחין 58,ראס אל-עמוד
אל-סאלחין 60,ראס אל-עמוד
אל-סאלחין 61,ראס אל-עמוד
אל-סאלחין 64,ראס אל-עמוד
אל-סאלחין 70,ראס אל-עמוד
אל-סאלחין 73,ראס אל-עמוד
אל-סאלחין 74,ראס אל-עמוד
אל-סאלחין סמ2 11,ראס אל-עמוד
אל-סאלחין סמ2 5,ראס אל-עמוד
אל-סאלחין סמ3 14,ראס אל-עמוד
אל-סאלחין סמ3 16,ראס אל-עמוד
אל-סאלחין סמ5 1,ראס אל-עמוד
אל-סאלחין סמ5 3,ראס אל-עמוד
אל-סאלחין סמ5 9999,ראס אל-עמוד
אל-סביל,צור באחר
אל-סביל 100,צור באחר
אל-סביל 108,צור באחר
אל-סביל 109,צור באחר
אל-סביל 110,צור באחר
אל-סביל 114,צור באחר
אל-סביל 126,צור באחר
אל-סביל 15,צור באחר
אל-סביל 16,צור באחר
אל-סביל 17,צור באחר
אל-סביל 18,צור באחר
אל-סביל 20,צור באחר
אל-סביל 22,צור באחר
אל-סביל 24,צור באחר
אל-סביל 30,צור באחר
אל-סביל 31,צור באחר
אל-סביל 32,צור באחר
אל-סביל 34,צור באחר
אל-סביל 35,צור באחר
אל-סביל 36,צור באחר
אל-סביל 38,צור באחר
אל-סביל 47,צור באחר
אל-סביל 5,צור באחר
אל-סביל 58,צור באחר
אל-סביל 59,צור באחר
אל-סביל 6,צור באחר
אל-סביל 64,צור באחר
אל-סביל 67,צור באחר
אל-סביל 68,צור באחר
אל-סביל 7,צור באחר
אל-סביל 8,צור באחר
אל-סביל 81,צור באחר
אל-סביל 86,צור באחר
אל-סביל 88,צור באחר
אל-סביל 91,צור באחר
אל-סביל 93,צור באחר
אל-סביל 94,צור באחר
אל-סביל 98,צור באחר
אל-סביל 9999,צור באחר
אל-סביל סמ3 4,צור באחר
אל-סביל סמ4 1,צור באחר
אל-סביל סמ4 12,צור באחר
אל-סביל סמ4 17,צור באחר
אל-סביל סמ4 5,צור באחר
אל-סביל סמ4 7,צור באחר
אל-סביל סמ4 9999,צור באחר
אל-סביל סמ5 1,צור באחר
אל-סביל סמ5 4,צור באחר
אל-סביל סמ5 5,צור באחר
אל-סביל סמ5 6,צור באחר
אל-סביל סמ6,צור באחר
אל-סביל סמ6 16,צור באחר
אל-סביל סמ6 17,צור באחר
אל-סביל סמ6 18,צור באחר
אל-סביל סמ6 27,צור באחר
אל-סביל סמ6 4,צור באחר
אל-סביל סמ6 7,צור באחר
אל-סביל סמ6 999,צור באחר
אל-סהל אל-ג'דיד 1,א-טור
אל-סהל אל-ג'דיד 10,א-טור
אל-סהל אל-ג'דיד 100,א-טור
אל-סהל אל-ג'דיד 13,א-טור
אל-סהל אל-ג'דיד 14,א-טור
אל-סהל אל-ג'דיד 15,א-טור
אל-סהל אל-ג'דיד 16,א-טור
אל-סהל אל-ג'דיד 19,א-טור
אל-סהל אל-ג'דיד 24,א-טור
אל-סהל אל-ג'דיד 26,א-טור
אל-סהל אל-ג'דיד 28,א-טור
אל-סהל אל-ג'דיד 3,א-טור
אל-סהל אל-ג'דיד 33,א-טור
אל-סהל אל-ג'דיד 38,א-טור
אל-סהל אל-ג'דיד 4,א-טור
אל-סהל אל-ג'דיד 40,א-טור
אל-סהל אל-ג'דיד 42,א-טור
אל-סהל אל-ג'דיד 48,א-טור
אל-סהל אל-ג'דיד 52,א-טור
אל-סהל אל-ג'דיד 55,א-טור
אל-סהל אל-ג'דיד 56,א-טור
אל-סהל אל-ג'דיד 57,א-טור
אל-סהל אל-ג'דיד 64,א-טור
אל-סהל אל-ג'דיד 65,א-טור
אל-סהל אל-ג'דיד 7,א-טור
אל-סהל אל-ג'דיד 72,א-טור
אל-סהל אל-ג'דיד 79,א-טור
אל-סהל אל-ג'דיד 80,א-טור
אל-סהל אל-ג'דיד 81,א-טור
אל-סהל אל-ג'דיד 85,א-טור
אל-סהל אל-ג'דיד 86,א-טור
אל-סהל אל-ג'דיד 88,א-טור
אל-סהל אל-ג'דיד 89,א-טור
אל-סהל אל-ג'דיד 9,א-טור
אל-סהל אל-ג'דיד 91,א-טור
אל-סהל אל-ג'דיד 98,א-טור
אל-סהל אל-ג'דיד 999,א-טור
אל-סהל אל-ג'דיד 9999,א-טור
אל-סהל אל-ג'דיד סמ2 2,א-טור
אל-סהל אל-ג'דיד סמ2 3,א-טור
אל-סהל אל-ג'דיד סמ2 4,א-טור
אל-סהל אל-ג'דיד סמ2 5,א-טור
אל-סהל אל-ג'דיד סמ2 55,א-טור
אל-סהל אל-ג'דיד סמ4 1,א-טור
אל-סהל אל-ג'דיד סמ4 10,א-טור
אל-סהל אל-ג'דיד סמ4 15,א-טור
אל-סהל אל-ג'דיד סמ4 16,א-טור
אל-סהל אל-ג'דיד סמ4 18,א-טור
אל-סהל אל-ג'דיד סמ4 21,א-טור
אל-סהל אל-ג'דיד סמ4 4,א-טור
אל-סהל אל-ג'דיד סמ4 8,א-טור
אל-סהל אל-ג'דיד סמ4 9999,א-טור
אל-סהל אל-ג'דיד סמ5 3,א-טור
אל-סהל אל-ג'דיד סמ5 9,א-טור
אל-סהל אל-ג'דיד סמ6 10,א-טור
אל-סהל אל-ג'דיד סמ6 23,א-טור
אל-סהל אל-ג'דיד סמ6 30,א-טור
אל-סהל אל-ג'דיד סמ6 57,א-טור
אל-סהל אל-ג'דיד סמ6 7,א-טור
אל-סהל אל-ג'דיד סמ6 78,א-טור
אל-סהל אל-ג'דיד סמ6 999,א-טור
אל-סהל אל-ג'דיד סמ7 1,א-טור
אל-סהל אל-ג'דיד סמ8 1,א-טור
אל-סהל אל-ג'דיד סמ8 10,א-טור
אל-סהל אל-ג'דיד סמ8 3,א-טור
אל-סהל אל-ג'דיד סמ8 8,א-טור
אל-סוויח 17,סילואן
אל-סוויח 19,סילואן
אל-סוויח 23,סילואן
אל-סוויח 33,סילואן
אל-סוויח 37,סילואן
אל-סוויח 39,סילואן
אל-סוויח 43,סילואן
אל-סוויח 44,סילואן
אל-סוויח 48,סילואן
אל-סוויח 49,סילואן
אל-סוויח 51,סילואן
אל-סוויח 52,סילואן
אל-סוויח 55,סילואן
אל-סוויח 56,סילואן
אל-סווסנה 15,ג'בל מוכבר
אל-סווסנה 19,ג'בל מוכבר
אל-סווסנה 2,ג'בל מוכבר
אל-סווסנה 4,ג'בל מוכבר
אל-סווסנה 6,ג'בל מוכבר
אל-סולטאן 101,צור באחר
אל-סולטאן 21,צור באחר
אל-סולטאן 27,צור באחר
אל-סולטאן 31,צור באחר
אל-סולטאן 35,צור באחר
אל-סולטאן 4,צור באחר
אל-סולטאן 5,צור באחר
אל-סולטאן 55,צור באחר
אל-סולטאן 57,צור באחר
אל-סולטאן 65,צור באחר
אל-סולטאן 7,צור באחר
אל-סולטאן 71,צור באחר
אל-סולטאן 73,צור באחר
אל-סולטאן 75,צור באחר
אל-סולטאן 87,צור באחר
אל-סולטאן 9,צור באחר
אל-סולטאן 93,צור באחר
אל-סולטאן 97,צור באחר
אל-סולטאן 999,צור באחר
אל-סולטאן סמ1 17,צור באחר
אל-סולטאן סמ1 19,צור באחר
אל-סולטאן סמ1 2,צור באחר
אל-סולטאן סמ1 5,צור באחר
אל-סולטאן סמ1 9,צור באחר
אל-סולטאן סמ2 5,צור באחר
אל-סולטאן סמ4 7,צור באחר
אל-סולטאן סמ5 6,צור באחר
אל-סולטאן סמ6 7,צור באחר
אל-סולטאן סמ6 8,צור באחר
אל-סלאם 12,בית צפאפא
אל-סלאם 2,בית צפאפא
אל-סלאם 7,בית צפאפא
אל-סלאם 8,בית צפאפא
אל-סלאם 9,בית צפאפא
אל-עדל 100,ג'בל מוכבר
אל-עדל 105,ג'בל מוכבר
אל-עדל 107,ג'בל מוכבר
אל-עדל 109,ג'בל מוכבר
אל-עדל 111,ג'בל מוכבר
אל-עדל 113,ג'בל מוכבר
אל-עדל 115,ג'בל מוכבר
אל-עדל 118,ג'בל מוכבר
אל-עדל 120,ג'בל מוכבר
אל-עדל 149,ג'בל מוכבר
אל-עדל 22,ג'בל מוכבר
אל-עדל 31,ג'בל מוכבר
אל-עדל 32,ג'בל מוכבר
אל-עדל 36,ג'בל מוכבר
אל-עדל 4,ג'בל מוכבר
אל-עדל 45,ג'בל מוכבר
אל-עדל 50,ג'בל מוכבר
אל-עדל 52,ג'בל מוכבר
אל-עדל 6,ג'בל מוכבר
אל-עדל 63,ג'בל מוכבר
אל-עדל 65,ג'בל מוכבר
אל-עדל 67,ג'בל מוכבר
אל-עדל 7,ג'בל מוכבר
אל-עדל 70,ג'בל מוכבר
אל-עדל 72,ג'בל מוכבר
אל-עדל 75,ג'בל מוכבר
אל-עדל 78,ג'בל מוכבר
אל-עדל 8,ג'בל מוכבר
אל-עדל 81,ג'בל מוכבר
אל-עדל 82,ג'בל מוכבר
אל-עדל 87,ג'בל מוכבר
אל-עדל 9,ג'בל מוכבר
אל-עדל 95,ג'בל מוכבר
אל-עדל 97,ג'בל מוכבר
אל-עדל 9999,ג'בל מוכבר
אל-עדל סמ1,ג'בל מוכבר
אל-עדל סמ1 1,ג'בל מוכבר
אל-עדל סמ1 2,ג'בל מוכבר
אל-עדל סמ1 5,ג'בל מוכבר
אל-עדל סמ1 9999,ג'בל מוכבר
אל-עדל סמ5 10,ג'בל מוכבר
אל-עדל סמ5 5,ג'בל מוכבר
אל-עדל סמ5 6,ג'בל מוכבר
אל-עדל סמ5 8,ג'בל מוכבר
אל-עדל סמ7 12,ג'בל מוכבר
אל-עדל סמ7 3,ג'בל מוכבר
אל-עדל סמ7 5,ג'בל מוכבר
אל-עומרי 10,צור באחר
אל-עומרי 100,צור באחר
אל-עומרי 15,צור באחר
אל-עומרי 33,צור באחר
אל-עומרי 35,צור באחר
אל-עומרי 39,צור באחר
אל-עומרי 47,צור באחר
אל-עומרי 56,צור באחר
אל-עומרי 61,צור באחר
אל-עומרי 63,צור באחר
אל-עומרי 77,צור באחר
אל-עומרי 87,צור באחר
אל-עומרי 89,צור באחר
אל-עומרי 93,צור באחר
אל-עומרי סמ3 10,צור באחר
אל-עומרי סמ3 12,צור באחר
אל-עומרי סמ3 4,צור באחר
אל-עומרי סמ3 8,צור באחר
אל-עומריין 15,ג'בל מוכבר
אל-עומריין 17,ג'בל מוכבר
אל-עומריין 22,ג'בל מוכבר
אל-עומריין 30,ג'בל מוכבר
אל-עומריין 34,ג'בל מוכבר
אל-עומריין 36,ג'בל מוכבר
אל-עומריין 40,ג'בל מוכבר
אל-עומריין 42,ג'בל מוכבר
אל-עומריין 6,ג'בל מוכבר
אל-עומריין סמ1 10,ג'בל מוכבר
אל-עומריין סמ1 14,ג'בל מוכבר
אל-עומריין סמ2 1,ג'בל מוכבר
אל-עומריין סמ2 11,ג'בל מוכבר
אל-עומריין סמ2 13,ג'בל מוכבר
אל-עומריין סמ2 21,ג'בל מוכבר
אל-עומריין סמ2 23,ג'בל מוכבר
אל-עומריין סמ2 25,ג'בל מוכבר
אל-עומריין סמ2 26,ג'בל מוכבר
אל-עומריין סמ2 27,ג'בל מוכבר
אל-עומריין סמ2 29,ג'בל מוכבר
אל-עומריין סמ2 3,ג'בל מוכבר
אל-עומריין סמ2 37,ג'בל מוכבר
אל-עומריין סמ2 43,ג'בל מוכבר
אל-עומריין סמ2 9,ג'בל מוכבר
אל-פארוק 1,ג'בל מוכבר
אל-פארוק 107,ג'בל מוכבר
אל-פארוק 109,ג'בל מוכבר
אל-פארוק 11,ג'בל מוכבר
אל-פארוק 111,ג'בל מוכבר
אל-פארוק 113,ג'בל מוכבר
אל-פארוק 117,ג'בל מוכבר
אל-פארוק 121,ג'בל מוכבר
אל-פארוק 124,ג'בל מוכבר
אל-פארוק 126,ג'בל מוכבר
אל-פארוק 127,ג'בל מוכבר
אל-פארוק 130,ג'בל מוכבר
אל-פארוק 134,ג'בל מוכבר
אל-פארוק 136,ג'בל מוכבר
אל-פארוק 142,ג'בל מוכבר
אל-פארוק 143,ג'בל מוכבר
אל-פארוק 144,ג'בל מוכבר
אל-פארוק 155,ג'בל מוכבר
אל-פארוק 17,ג'בל מוכבר
אל-פארוק 175,ג'בל מוכבר
אל-פארוק 177,ג'בל מוכבר
אל-פארוק 179,ג'בל מוכבר
אל-פארוק 181,ג'בל מוכבר
אל-פארוק 2,ג'בל מוכבר
אל-פארוק 35,ג'בל מוכבר
אל-פארוק 51,ג'בל מוכבר
אל-פארוק 65,ג'בל מוכבר
אל-פארוק 69,ג'בל מוכבר
אל-פארוק 71,ג'בל מוכבר
אל-פארוק 73,ג'בל מוכבר
אל-פארוק 79,ג'בל מוכבר
אל-פארוק 81,ג'בל מוכבר
אל-פארוק 9,ג'בל מוכבר
אל-פארוק 95,ג'בל מוכבר
אל-פארוק 97,ג'בל מוכבר
אל-פארוק סמ1 11,ג'בל מוכבר
אל-פארוק סמ1 12,ג'בל מוכבר
אל-פארוק סמ1 125,ג'בל מוכבר
אל-פארוק סמ1 14,ג'בל מוכבר
אל-פארוק סמ1 2,ג'בל מוכבר
אל-פארוק סמ1 20,ג'בל מוכבר
אל-פארוק סמ1 25,ג'בל מוכבר
אל-פארוק סמ1 31,ג'בל מוכבר
אל-פארוק סמ1 4,ג'בל מוכבר
אל-פארוק סמ1 8,ג'בל מוכבר
אל-פארוק סמ2 11,ג'בל מוכבר
אל-פארוק סמ2 17,ג'בל מוכבר
אל-פארוק סמ2 19,ג'בל מוכבר
אל-פארוק סמ2 23,ג'בל מוכבר
אל-פארוק סמ2 29,ג'בל מוכבר
אל-פארוק סמ2 33,ג'בל מוכבר
אל-פארוק סמ2 35,ג'בל מוכבר
אל-פארוק סמ2 9999,ג'בל מוכבר
אל-פארוק סמ3 19,ג'בל מוכבר
אל-פארוק סמ3 20,ג'בל מוכבר
אל-פארוק סמ3 21,ג'בל מוכבר
אל-פארוק סמ3 22,ג'בל מוכבר
אל-פארוק סמ3 26,ג'בל מוכבר
אל-פארוק סמ3 27,ג'בל מוכבר
אל-פארוק סמ3 30,ג'בל מוכבר
אל-פארוק סמ3 37,ג'בל מוכבר
אל-פארוק סמ3 39,ג'בל מוכבר
אל-פאתח 10,ראס אל-עמוד
אל-פאתח 18,ראס אל-עמוד
אל-פאתח 20,ראס אל-עמוד
אל-פאתח 23,ראס אל-עמוד
אל-פאתח 28,ראס אל-עמוד
אל-פאתח 36,ראס אל-עמוד
אל-פאתח 38,ראס אל-עמוד
אל-פאתח 8,ראס אל-עמוד
אל-פאתח 9999,ראס אל-עמוד
אל-פורקאן 12,כפר עקב
אל-פרסאן,ג'בל מוכבר
אל-פרסאן 10,ג'בל מוכבר
אל-פרסאן 11,ג'בל מוכבר
אל-פרסאן 12,ג'בל מוכבר
אל-פרסאן 14,ג'בל מוכבר
אל-פרסאן 148,ג'בל מוכבר
אל-פרסאן 16,ג'בל מוכבר
אל-פרסאן 17,ג'בל מוכבר
אל-פרסאן 19,ג'בל מוכבר
אל-פרסאן 2,ג'בל מוכבר
אל-פרסאן 201,ג'בל מוכבר
אל-פרסאן 203,ג'בל מוכבר
אל-פרסאן 207,ג'בל מוכבר
אל-פרסאן 211,ג'בל מוכבר
אל-פרסאן 215,ג'בל מוכבר
אל-פרסאן 225,ג'בל מוכבר
אל-פרסאן 23,ג'בל מוכבר
אל-פרסאן 243,ג'בל מוכבר
אל-פרסאן 269,ג'בל מוכבר
אל-פרסאן 3,ג'בל מוכבר
אל-פרסאן 30,ג'בל מוכבר
אל-פרסאן 32,ג'בל מוכבר
אל-פרסאן 34,ג'בל מוכבר
אל-פרסאן 35,ג'בל מוכבר
אל-פרסאן 4,ג'בל מוכבר
אל-פרסאן 40,ג'בל מוכבר
אל-פרסאן 47,ג'בל מוכבר
אל-פרסאן 48,ג'בל מוכבר
אל-פרסאן 5,ג'בל מוכבר
אל-פרסאן 52,ג'בל מוכבר
אל-פרסאן 54,ג'בל מוכבר
אל-פרסאן 57,ג'בל מוכבר
אל-פרסאן 63,ג'בל מוכבר
אל-פרסאן 67,ג'בל מוכבר
אל-פרסאן 68,ג'בל מוכבר
אל-פרסאן 7,ג'בל מוכבר
אל-פרסאן 70,ג'בל מוכבר
אל-פרסאן 72,ג'בל מוכבר
אל-פרסאן 76,ג'בל מוכבר
אל-פרסאן 999,ג'בל מוכבר
אל-פרסאן סמ2 24,ג'בל מוכבר
אל-פרסאן סמ3 2,ג'בל מוכבר
אל-פרסאן סמ3 8,ג'בל מוכבר
אל-פרסאן סמ4 12,ג'בל מוכבר
אל-פרסאן סמ4 14,ג'בל מוכבר
אל-פרסאן סמ4 16,ג'בל מוכבר
אל-פרסאן סמ4 20,ג'בל מוכבר
אל-פרסאן סמ6 13,ג'בל מוכבר
אל-פרסאן סמ6 14,ג'בל מוכבר
אל-פרסאן סמ6 16,ג'בל מוכבר
אל-פרסאן סמ6 17,ג'בל מוכבר
אל-פרסאן סמ6 30,ג'בל מוכבר
אל-פרסאן סמ6 31,ג'בל מוכבר
אל-פרסאן סמ6 32,ג'בל מוכבר
אל-פרסאן סמ6 34,ג'בל מוכבר
אל-פרסאן סמ6 38,ג'בל מוכבר
אל-פרסאן סמ6 43,ג'בל מוכבר
אל-פרסאן סמ6 45,ג'בל מוכבר
אל-פרסאן סמ6 46,ג'בל מוכבר
אל-פרסאן סמ6 999,ג'בל מוכבר
אל-פרסאן סמ6 9999,ג'בל מוכבר
אל-פרסאן סמ8 108,ג'בל מוכבר
אל-פרסאן סמ8 17,ג'בל מוכבר
אל-פרסאן סמ8 19,ג'בל מוכבר
אל-פרסאן סמ8 23,ג'בל מוכבר
אל-פרסאן סמ8 7,ג'בל מוכבר
אל-פרסאן סמ8 8,ג'בל מוכבר
אל-צפא 107,בית צפאפא
אל-צפא 12,בית צפאפא
אל-צפא 13,בית צפאפא
אל-צפא 143,בית צפאפא
אל-צפא 153,בית צפאפא
אל-צפא 157,בית צפאפא
אל-צפא 165,בית צפאפא
אל-צפא 17,בית צפאפא
אל-צפא 171,בית צפאפא
אל-צפא 19,בית צפאפא
אל-צפא 23,בית צפאפא
אל-צפא 24,בית צפאפא
אל-צפא 26,בית צפאפא
אל-צפא 28,בית צפאפא
אל-צפא 29,בית צפאפא
אל-צפא 31,בית צפאפא
אל-צפא 35,בית צפאפא
אל-צפא 39,בית צפאפא
אל-צפא 42,בית צפאפא
אל-צפא 45,בית צפאפא
אל-צפא 49,בית צפאפא
אל-צפא 53,בית צפאפא
אל-צפא 57,בית צפאפא
אל-צפא 61,בית צפאפא
אל-צפא 62,בית צפאפא
אל-צפא 63,בית צפאפא
אל-צפא 64,בית צפאפא
אל-צפא 65,בית צפאפא
אל-צפא 66,בית צפאפא
אל-צפא 67,בית צפאפא
אל-צפא 68,בית צפאפא
אל-צפא 69,בית צפאפא
אל-צפא 70,בית צפאפא
אל-צפא 75,בית צפאפא
אל-צפא 77,בית צפאפא
אל-צפא 79,בית צפאפא
אל-צפא 83,בית צפאפא
אל-צפא סמ2 105,בית צפאפא
אל-צפא סמ2 9999,בית צפאפא
אל-צפא סמ4 10,בית צפאפא
אל-צפא סמ4 4,בית צפאפא
אל-צפא סמ4 6,בית צפאפא
אל-קאדי אל-פאדל,צור באחר
אל-קאדי אל-פאדל 12,צור באחר
אל-קאדי אל-פאדל 13,צור באחר
אל-קאדי אל-פאדל 16,צור באחר
אל-קאדי אל-פאדל 17,צור באחר
אל-קאדי אל-פאדל 19,צור באחר
אל-קאדי אל-פאדל 21,צור באחר
אל-קאדי אל-פאדל 22,צור באחר
אל-קאדי אל-פאדל 25,צור באחר
אל-קאדי אל-פאדל 4,צור באחר
אל-קאדי אל-פאדל 5,צור באחר
אל-קאעה 1,בית צפאפא
אל-קאעה 14,בית צפאפא
אל-קאעה 16,בית צפאפא
אל-קאעה 18,בית צפאפא
אל-קאעה 22,בית צפאפא
אל-קאעה 24,בית צפאפא
אל-קאעה 25,בית צפאפא
אל-קאעה 47,בית צפאפא
אל-קאעה 80,בית צפאפא
אל-קאעה 9,בית צפאפא
אל-קאעה סמ1 11,בית צפאפא
אל-קאעה סמ1 2,בית צפאפא
אל-קאעה סמ1 9,בית צפאפא
אל-קימה 11,א-טור
אל-קימה 5,א-טור
אל-קלעה 10,בית צפאפא
אל-קלעה 11,בית צפאפא
אל-קלעה 13,בית צפאפא
אל-קלעה 15,בית צפאפא
אל-קלעה 16,בית צפאפא
אל-קלעה 19,בית צפאפא
אל-קלעה 5,בית צפאפא
אל-קלעה 6,בית צפאפא
אל-קלעה 8,בית צפאפא
אל-קצר,בית צפאפא
אל-קצר 10,בית צפאפא
אל-קצר 12,בית צפאפא
אל-קצר 14,בית צפאפא
אל-קצר 15,בית צפאפא
אל-קצר 17,בית צפאפא
אל-קצר 18,בית צפאפא
אל-קצר 19,בית צפאפא
אל-קצר 2,בית צפאפא
אל-קצר 21,בית צפאפא
אל-קצר 22,בית צפאפא
אל-קצר 23,בית צפאפא
אל-קצר 28,בית צפאפא
אל-קצר 38,בית צפאפא
אל-קצר 42,בית צפאפא
אל-קצר 48,בית צפאפא
אל-קצר 50,בית צפאפא
אל-קצר 52,בית צפאפא
אל-קצר 56,בית צפאפא
אל-קצר 58,בית צפאפא
אל-קצר 64,בית צפאפא
אל-קצר 8,בית צפאפא
אל-קצר 9999,בית צפאפא
אל-קש 11,בית צפאפא
אל-קש 13,בית צפאפא
אל-קש 14,בית צפאפא
אל-קש 15,בית צפאפא
אל-קש 2,בית צפאפא
אל-קש 20,בית צפאפא
אל-קש 21,בית צפאפא
אל-קש 24,בית צפאפא
אל-קש 25,בית צפאפא
אל-קש 26,בית צפאפא
אל-קש 7,בית צפאפא
אל-ראביא 12,בית צפאפא
אל-ראביא 14,בית צפאפא
אל-ראביא 23,בית צפאפא
אל-ראביא 24,בית צפאפא
אל-ראביא 25,בית צפאפא
אל-ראביא 26,בית צפאפא
אל-ראביא 28,בית צפאפא
אל-ראביא 35,בית צפאפא
אל-רחמה,בית צפאפא
אל-רחמה 14,בית צפאפא
אל-רחמה 16,בית צפאפא
אל-רחמה 18,בית צפאפא
אל-רחמה 667,בית צפאפא
אל-רחמה 980,בית צפאפא
אל-רחמה 9999,בית צפאפא
אל-רחמה סמ2 12,בית צפאפא
אל-ריחאן 10,בית צפאפא
אל-ריחאן 21,בית צפאפא
אל-ריחאן 3,בית צפאפא
אל-ריחאן 36,בית צפאפא
אל-ריחאן 5,בית צפאפא
אל-ריחאן 7,בית צפאפא
אל-ריחאן 8,בית צפאפא
אל-ריחאן 9999,בית צפאפא
אל-שיאח,א-טור
אל-שיאח 10,א-טור
אל-שיאח 101,א-טור
אל-שיאח 105,א-טור
אל-שיאח 107,א-טור
אל-שיאח 109,א-טור
אל-שיאח 116,א-טור
אל-שיאח 118,א-טור
אל-שיאח 12,א-טור
אל-שיאח 120,א-טור
אל-שיאח 122,א-טור
אל-שיאח 126,א-טור
אל-שיאח 127,א-טור
אל-שיאח 128,א-טור
אל-שיאח 130,א-טור
אל-שיאח 136,א-טור
אל-שיאח 139,א-טור
אל-שיאח 140,א-טור
אל-שיאח 141,א-טור
אל-שיאח 142,א-טור
אל-שיאח 148,א-טור
אל-שיאח 15,א-טור
אל-שיאח 150,א-טור
אל-שיאח 151,א-טור
אל-שיאח 155,א-טור
אל-שיאח 16,א-טור
אל-שיאח 166,א-טור
אל-שיאח 168,א-טור
אל-שיאח 172,א-טור
אל-שיאח 18,א-טור
אל-שיאח 184,א-טור
אל-שיאח 19,א-טור
אל-שיאח 195,א-טור
אל-שיאח 20,א-טור
אל-שיאח 22,א-טור
אל-שיאח 26,א-טור
אל-שיאח 27,א-טור
אל-שיאח 30,א-טור
אל-שיאח 31,א-טור
אל-שיאח 36,א-טור
אל-שיאח 37,א-טור
אל-שיאח 43,א-טור
אל-שיאח 45,א-טור
אל-שיאח 47,א-טור
אל-שיאח 49,א-טור
אל-שיאח 50,א-טור
אל-שיאח 52,א-טור
אל-שיאח 54,א-טור
אל-שיאח 58,א-טור
אל-שיאח 59,א-טור
אל-שיאח 60,א-טור
אל-שיאח 68,א-טור
אל-שיאח 7,א-טור
אל-שיאח 74,א-טור
אל-שיאח 79,א-טור
אל-שיאח 82,א-טור
אל-שיאח 83,א-טור
אל-שיאח 85,א-טור
אל-שיאח 87,א-טור
אל-שיאח 9,א-טור
אל-שיאח 95,א-טור
אל-שיאח 99,א-טור
אל-שיאח 999,א-טור
אל-שיח' ענבר 101,א-טור
אל-שיח' ענבר 110,א-טור
אל-שיח' ענבר 114,א-טור
אל-שיח' ענבר 116,א-טור
אל-שיח' ענבר 12,א-טור
אל-שיח' ענבר 128,א-טור
אל-שיח' ענבר 137,א-טור
אל-שיח' ענבר 141,א-טור
אל-שיח' ענבר 153,א-טור
אל-שיח' ענבר 156,א-טור
אל-שיח' ענבר 158,א-טור
אל-שיח' ענבר 16,א-טור
אל-שיח' ענבר 160,א-טור
אל-שיח' ענבר 161,א-טור
אל-שיח' ענבר 163,א-טור
אל-שיח' ענבר 34,א-טור
אל-שיח' ענבר 40,א-טור
אל-שיח' ענבר 42,א-טור
אל-שיח' ענבר 50,א-טור
אל-שיח' ענבר 56,א-טור
אל-שיח' ענבר 6,א-טור
אל-שיח' ענבר 64,א-טור
אל-שיח' ענבר 65,א-טור
אל-שיח' ענבר 66,א-טור
אל-שיח' ענבר 68,א-טור
אל-שיח' ענבר 7,א-טור
אל-שיח' ענבר 75,א-טור
אל-שיח' ענבר 8,א-טור
אל-שיח' ענבר 80,א-טור
אל-שיח' ענבר 85,א-טור
אל-שיח' ענבר 92,א-טור
אל-שיח' ענבר 94,א-טור
אל-שיח' ענבר סמ10 13,א-טור
אל-שיח' ענבר סמ10 18,א-טור
אל-שיח' ענבר סמ10 6,א-טור
אל-שיח' ענבר סמ10 8,א-טור
אל-שיח' ענבר סמ11 13,א-טור
אל-שיח' ענבר סמ11 15,א-טור
אל-שיח' ענבר סמ11 16,א-טור
אל-שיח' ענבר סמ11 18,א-טור
אל-שיח' ענבר סמ11 26,א-טור
אל-שיח' ענבר סמ11 3,א-טור
אל-שיח' ענבר סמ11 4,א-טור
אל-שיח' ענבר סמ11 6,א-טור
אל-שיח' ענבר סמ11 7,א-טור
אל-שיח' ענבר סמ11 8,א-טור
אל-שיח' ענבר סמ12 11,א-טור
אל-שיח' ענבר סמ12 118,א-טור
אל-שיח' ענבר סמ12 120,א-טור
אל-שיח' ענבר סמ12 14,א-טור
אל-שיח' ענבר סמ12 16,א-טור
אל-שיח' ענבר סמ12 20,א-טור
אל-שיח' ענבר סמ12 21,א-טור
אל-שיח' ענבר סמ12 23,א-טור
אל-שיח' ענבר סמ2,א-טור
אל-שיח' ענבר סמ2 100,א-טור
אל-שיח' ענבר סמ2 5,א-טור
אל-שיח' ענבר סמ6 10,א-טור
אל-שיח' ענבר סמ6 14,א-טור
אל-שיח' ענבר סמ6 16,א-טור
אל-שיח' ענבר סמ6 3,א-טור
אל-שיח' ענבר סמ6 4,א-טור
אל-שיח' ענבר סמ6 6,א-טור
אל-שיח' ענבר סמ6 669,א-טור
אל-שיח' ענבר סמ6 9999,א-טור
אל-שיח' ענבר סמ7 4,א-טור
אל-שיח' ענבר סמ7 9,א-טור
אל-שיח' ענבר סמ8 13,א-טור
אל-שיח' ענבר סמ8 14,א-טור
אל-שיח' ענבר סמ8 669,א-טור
אל-שיח' ענבר סמ8 8,א-טור
אל-שיח' ענבר סמ8 9999,א-טור
אל-שיח' ענבר סמ9 4,א-טור
אל-שיח' ענבר סמ9 6,א-טור
אל-שיח' ענבר סמ9 9,א-טור
אל-ת'ורי 114,אבו תור
אל-ת'ורי 120,אבו תור
אל-ת'ורי 122,אבו תור
אל-ת'ורי 124,אבו תור
אל-ת'ורי 131,אבו תור
אל-ת'ורי 149,אבו תור
אל-ת'ורי 150,אבו תור
אל-ת'ורי 156,אבו תור
אל-ת'ורי 166,אבו תור
אל-ת'ורי 182,אבו תור
אל-ת'ורי 196,אבו תור
אל-ת'ורי 206,אבו תור
אל-ת'ורי 210,אבו תור
אל-ת'ורי 212,אבו תור
אל-ת'ורי 216,אבו תור
אל-ת'ורי 220,אבו תור
אל-ת'ורי 26,אבו תור
אל-ת'ורי 28,אבו תור
אל-ת'ורי 280,אבו תור
אל-ת'ורי 30,אבו תור
אל-ת'ורי 31,אבו תור
אל-ת'ורי 38,אבו תור
אל-ת'ורי 52,אבו תור
אל-ת'ורי 7,אבו תור
אל-ת'ורי 74,אבו תור
אל-ת'ורי 84,אבו תור
אל-ת'ורי 90,אבו תור
אל-ת'ורי 96,אבו תור
אל-ת'ורי סמ10 3,אבו תור
אל-ת'ורי סמ2 2,אבו תור
אל-ת'ורי סמ2 8,אבו תור
אל-ת'ורי סמ3 24,אבו תור
אל-ת'ורי סמ4 1,אבו תור
אל-ת'ורי סמ4 5,אבו תור
אל-ת'ורי סמ5 1,אבו תור
אל-ת'ורי סמ5 17,אבו תור
אל-ת'ורי סמ5 5,אבו תור
אל-ת'ורי סמ5 9999,אבו תור
אל-ת'ורי סמ6 10,אבו תור
אל-ת'ורי סמ6 12,אבו תור
אל-ת'ורי סמ6 14,אבו תור
אל-ת'ורי סמ6 23,אבו תור
אל-ת'ורי סמ6 6,אבו תור
אל-ת'ורי סמ6 68,אבו תור
אל-ת'ורי סמ7 12,אבו תור
אל-ת'ורי סמ7 13,אבו תור
אל-ת'ורי סמ7 17,אבו תור
אל-ת'ורי סמ7 20,אבו תור
אל-ת'ורי סמ7 22,אבו תור
אל-ת'ורי סמ7 24,אבו תור
אל-ת'ורי סמ7 6,אבו תור
אל-ת'ורי סמ7 7,אבו תור
אל-ת'ורי סמ8 12,אבו תור
אל-ת'ורי סמ8 2,אבו תור
אל-ת'ורי סמ8 22,אבו תור
אל-ת'ורי סמ8 4,אבו תור
אל-ת'ורי סמ9 4,אבו תור
אל-ת'ורי סמ9 7,אבו תור
אל-ת'ורי סמ9 9,אבו תור
אל-תין אל-ע'רבי 18,צור באחר
אל-תין אל-ע'רבי 2,צור באחר
אל-תין אל-ע'רבי 21,צור באחר
אל-תין אל-ע'רבי 25,צור באחר
אל-תין אל-ע'רבי 26,צור באחר
אל-תין אל-ע'רבי 31,צור באחר
אל-תין אל-ע'רבי 34,צור באחר
אל-תין אל-ע'רבי 35,צור באחר
אל-תין אל-ע'רבי 37,צור באחר
אל-תין אל-ע'רבי 4,צור באחר
אל-תין אל-ע'רבי 40,צור באחר
אל-תין אל-ע'רבי 44,צור באחר
אל-תין אל-ע'רבי 46,צור באחר
אל-תין אל-ע'רבי 9,צור באחר
אל-תין אל-ע'רבי 9999,צור באחר
אלאימאן 1,בית צפאפא
אלאימאן 2,בית צפאפא
אלאימאן 4,בית צפאפא
אלאימאן 5,בית צפאפא
אלאימאן 6,בית צפאפא
אלאימאן 8,בית צפאפא
אלאסראא 1,שועפאט
אלאסראא 10,שועפאט
אלאסראא 12,שועפאט
אלאסראא 15,שועפאט
אלאסראא 3,שועפאט
אלאסראא 4,שועפאט
אלאסראא 5,שועפאט
אלאסראא 6,שועפאט
אלאסראא 7,שועפאט
אלאסראא 8,שועפאט
אלביאן 1,שועפאט
אלביאן 18,שועפאט
אלביאן 3,שועפאט
אלביאן 4,שועפאט
אלביאן 5,שועפאט
אלביאן 7,שועפאט
אלבירוני,בית חנינא
אלבירוני 11,בית חנינא
אלבירוני 18,בית חנינא
אלבירוני 26,בית חנינא
אלבירוני 28,בית חנינא
אלבירוני 33,בית חנינא
אלבירוני 35,בית חנינא
אלבירוני 4,בית חנינא
אלבירוני 8,בית חנינא
אלבירוני 999,בית חנינא
אלבירוני 9999,בית חנינא
אלבירוני סמ10,בית חנינא
אלבירוני סמ10 10,בית חנינא
אלבירוני סמ10 2,בית חנינא
אלבירוני סמ10 4,בית חנינא
אלבירוני סמ10 5,בית חנינא
אלבירוני סמ10 6,בית חנינא
אלבירוני סמ10 8,בית חנינא
אלבירוני סמ10 9999,בית חנינא
אלבירוני סמ4,בית חנינא
אלבירוני סמ4 10,בית חנינא
אלבירוני סמ4 2,בית חנינא
אלבירוני סמ4 4,בית חנינא
אלבירוני סמ4 5,בית חנינא
אלבירוני סמ4 6,בית חנינא
אלבירוני סמ4 7,בית חנינא
אלבירוני סמ4 9999,בית חנינא
אלבירוני סמ8,בית חנינא
אלבירוני סמ8 10,בית חנינא
אלבירוני סמ8 11,בית חנינא
אלבירוני סמ8 12,בית חנינא
אלבירוני סמ8 19,בית חנינא
אלבירוני סמ8 22,בית חנינא
אלבירוני סמ8 25,בית חנינא
אלבירוני סמ8 27,בית חנינא
אלבירוני סמ8 3,בית חנינא
אלבירוני סמ8 8,בית חנינא
אלבירוני סמ8 99,בית חנינא
אלבירוני סמ8 999,בית חנינא
אלבירוני סמ8 9999,בית חנינא
אלבק חנוך 11,אבו תור
אלבק חנוך 12,אבו תור
אלבק חנוך 13,אבו תור
אלבק חנוך 14,תלפיות
אלבק חנוך 16,אבו תור
אלבק חנוך 17,אבו תור
אלבק חנוך 20,אבו תור
אלבק חנוך 22,תלפיות
אלבק חנוך 25,תלפיות
אלבק חנוך 27,תלפיות
אלבק חנוך 9,אבו תור
אלגזי 1,גאולה
אלגזי 10,גאולה
אלגזי 12,גאולה
אלגזי 14,גאולה
אלגזי 16,גאולה
אלגזי 18,גאולה
אלגזי 26,גאולה
אלגזי 28,גאולה
אלגזי 3,גאולה
אלגזי 4,גאולה
אלגזי 6,גאולה
אלגזי 7,גאולה
אלגזי 8,גאולה
אלגניד,שועפאט
אלגניד 10,שועפאט
אלגניד 16,שועפאט
אלגניד 3,שועפאט
אלגניד 4,שועפאט
אלגניד 6,שועפאט
אלהג'רה,בית חנינא
אלהג'רה 1,בית חנינא
אלהג'רה 11,בית חנינא
אלהג'רה 13,בית חנינא
אלהג'רה 2,בית חנינא
אלהג'רה 24,בית חנינא
אלהג'רה 3,בית חנינא
אלהג'רה 30,בית חנינא
אלהג'רה 5,בית חנינא
אלהג'רה 9,בית חנינא
אלהג'רה 9999,בית חנינא
אלהיג'רה סמ1 1,בית חנינא
אלהיג'רה סמ1 13,בית חנינא
אלהיג'רה סמ1 2,בית חנינא
אלהיג'רה סמ1 3,בית חנינא
אלהיג'רה סמ1 4,בית חנינא
אלהיג'רה סמ1 5,בית חנינא
אלהיג'רה סמ1 9,בית חנינא
אלהיג'רה סמ1 9999,בית חנינא
אלוף יוחאי בן נון 11,בית הכרם
אלוף יוחאי בן נון 12,בית הכרם
אלוף יוחאי בן נון 13,בית הכרם
אלוף יוחאי בן נון 2,בית הכרם
אלוף יוחאי בן נון 6,בית הכרם
אלוף יוחאי בן נון 7,בית הכרם
אלוף יוחאי בן נון 8,בית הכרם
אלוף שמחוני 10,טלביה
אלוף שמחוני 12,טלביה
אלוף שמחוני 14,טלביה
אלוף שמחוני 2,טלביה
אלוף שמחוני 4,טלביה
אלוף שמחוני 6,טלביה
אלזבייר בן אלעוואם 1,שועפאט
אלזבייר בן אלעוואם 2,שועפאט
אלזבייר בן אלעוואם 3,שועפאט
אלזבייר בן אלעוואם 4,שועפאט
אלזבייר בן אלעוואם 6,שועפאט
אלזה 1,ניות
אלזה 10,ניות
אלזה 12,ניות
אלזה 2,ניות
אלזה 3,ניות
אלזה 4,ניות
אלזה 5,ניות
אלזה 6,ניות
אלזה 7,ניות
אלזה 8,ניות
אלזה 9,ניות
אלזיתונה 1,בית חנינא
אלזיתונה 11,בית חנינא
אלזיתונה 15,בית חנינא
אלזיתונה 19,בית חנינא
אלזיתונה 20,בית חנינא
אלזיתונה 21,בית חנינא
אלזיתונה 211,בית חנינא
אלזיתונה 27,בית חנינא
אלזיתונה 30,בית חנינא
אלזיתונה 31,בית חנינא
אלזיתונה 32,בית חנינא
אלזיתונה 34,בית חנינא
אלזיתונה 35,בית חנינא
אלזיתונה 36,בית חנינא
אלזיתונה 40,בית חנינא
אלזיתונה 45,בית חנינא
אלזיתונה 49,בית חנינא
אלזיתונה 5,בית חנינא
אלזיתונה 51,בית חנינא
אלזיתונה 54,בית חנינא
אלזיתונה 59,בית חנינא
אלזיתונה 6,בית חנינא
אלזיתונה 63,בית חנינא
אלזיתונה 69,בית חנינא
אלזיתונה 7,בית חנינא
אלזיתונה 8,בית חנינא
אלזיתונה סמ10 1,בית חנינא
אלזיתונה סמ10 3,בית חנינא
אלזיתונה סמ10 5,בית חנינא
אלזיתונה סמ10 7,בית חנינא
אלזיתונה סמ11 1,בית חנינא
אלזיתונה סמ11 10,בית חנינא
אלזיתונה סמ11 12,בית חנינא
אלזיתונה סמ11 14,בית חנינא
אלזיתונה סמ11 16,בית חנינא
אלזיתונה סמ11 5,בית חנינא
אלזיתונה סמ12 10,בית חנינא
אלזיתונה סמ12 12,בית חנינא
אלזיתונה סמ12 16,בית חנינא
אלזיתונה סמ12 6,בית חנינא
אלזיתונה סמ12 7,בית חנינא
אלזיתונה סמ12 8,בית חנינא
אלזיתונה סמ12 9999,בית חנינא
אלזיתונה סמ5 1,בית חנינא
אלזיתונה סמ5 2,בית חנינא
אלזיתונה סמ5 3,בית חנינא
אלזיתונה סמ5 4,בית חנינא
אלזיתונה סמ5 5,בית חנינא
אלזיתונה סמ7 1,בית חנינא
אלזיתונה סמ7 3,בית חנינא
אלזיתונה סמ7 5,בית חנינא
אלזיתונה סמ8 12,בית חנינא
אלזיתונה סמ8 4,בית חנינא
אלזיתונה סמ9 1,בית חנינא
אלזיתונה סמ9 3,בית חנינא
אלזיתונה סמ9 5,בית חנינא
אלזיתונה סמ9 6,בית חנינא
אלזיתונה סמ9 8,בית חנינא
אלזיתונה סמ9 9,בית חנינא
אלזיתונה סמ9 9999,בית חנינא
אלח'יר 10,בית חנינא
אלח'יר 11,בית חנינא
אלח'יר 12,בית חנינא
אלח'יר 13,בית חנינא
אלח'יר 14,בית חנינא
אלח'יר 15,בית חנינא
אלח'יר 16,בית חנינא
אלח'יר 17,בית חנינא
אלח'יר 18,בית חנינא
אלח'יר 19,בית חנינא
אלח'יר 2,בית חנינא
אלח'יר 21,בית חנינא
אלח'יר 23,בית חנינא
אלח'יר 3,בית חנינא
אלח'יר 4,בית חנינא
אלח'יר 5,בית חנינא
אלח'יר 6,בית חנינא
אלח'יר 8,בית חנינא
אלח'יר 9,בית חנינא
אלח'יר 999,בית חנינא
אלח'יר 9999,בית חנינא
אלחארה אלווסטא 12,סילואן
אלחארה אלווסטא 16,סילואן
אלחארה אלווסטא 17,סילואן
אלחארה אלווסטא 18,סילואן
אלחארה אלווסטא 2,סילואן
אלחארה אלווסטא 27,סילואן
אלחארה אלווסטא 29,סילואן
אלחארה אלווסטא 31,סילואן
אלחארה אלווסטא 33,סילואן
אלחארה אלווסטא 36,סילואן
אלחארה אלווסטא 38,סילואן
אלחארה אלווסטא 39,סילואן
אלחארה אלווסטא 4,סילואן
אלחארה אלווסטא 42,סילואן
אלחארה אלווסטא 44,סילואן
אלחארה אלווסטא 48,סילואן
אלחארה אלווסטא 51,סילואן
אלחארה אלווסטא 52,סילואן
אלחארה אלווסטא 55,סילואן
אלחארה אלווסטא 58,סילואן
אלחארה אלווסטא 64,סילואן
אלחארה אלווסטא 70,סילואן
אלחארה אלווסטא 78,סילואן
אלחארה אלווסטא 8,סילואן
אלחארה אלווסטא 9,סילואן
אלחארה אלווסטא 91,סילואן
אלחארה אלווסטא 92,סילואן
אלחארה אלווסטא 9999,סילואן
אלחארה אלווסטא סמ2 25,סילואן
אלחארה אלווסטא סמ2 3,סילואן
אלחארה אלווסטא סמ2 5,סילואן
אלחארה אלווסטא סמ2 9,סילואן
אלחארה אלווסטא סמ4 21,סילואן
אלחארה אלווסטא סמ4 39,סילואן
אלחארה אלווסטא סמ4 40,סילואן
אלחארה אלווסטא סמ4 46,סילואן
אלחארה אלווסטא סמ4 59,סילואן
אלחארה אלווסטא סמ4 63,סילואן
אלחארה אלווסטא סמ4 9999,סילואן
אלחדיביה 10,בית חנינא
אלחדיביה 12,בית חנינא
אלחדיביה 13,בית חנינא
אלחדיביה 16,בית חנינא
אלחדיביה 17,בית חנינא
אלחדיביה 18,בית חנינא
אלחדיביה 2,בית חנינא
אלחדיביה 21,בית חנינא
אלחדיביה 22,בית חנינא
אלחדיביה 28,בית חנינא
אלחדיביה 5,בית חנינא
אלחדיביה 6,בית חנינא
אלחדיביה 8,בית חנינא
אלחדיביה סמ3 11,בית חנינא
אלחדיביה סמ3 2,בית חנינא
אלחדיביה סמ3 26,בית חנינא
אלחדיביה סמ3 7,בית חנינא
אלחדיביה סמ5 1,בית חנינא
אלחדיביה סמ5 10,בית חנינא
אלחדיביה סמ5 3,בית חנינא
אלחדיביה סמ5 4,בית חנינא
אלחדיביה סמ5 5,בית חנינא
אלחדיביה סמ5 9,בית חנינא
אלחריזי 10,רחביה
אלחריזי 11,רחביה
אלחריזי 16,רחביה
אלחריזי 19,רחביה
אלחריזי 2,רחביה
אלחריזי 20,רחביה
אלחריזי 21,רחביה
אלחריזי 22,רחביה
אלחריזי 25,רחביה
אלחריזי 26,רחביה
אלחריזי 28,רחביה
אלחריזי 3,רחביה
אלחריזי 30,רחביה
אלחריזי 34,רחביה
אלחריזי 36,רחביה
אלחריזי 6,רחביה
אלחריזי 7,רחביה
אלחריזי 8,רחביה
אלטמן אריה 10,פסגת זאב
אלטמן אריה 11,פסגת זאב
אלטמן אריה 12,פסגת זאב
אלטמן אריה 13,פסגת זאב
אלטמן אריה 15,פסגת זאב
אלטמן אריה 16,פסגת זאב
אלטמן אריה 17,פסגת זאב
אלטמן אריה 18,פסגת זאב
אלטמן אריה 19,פסגת זאב
אלטמן אריה 2,פסגת זאב
אלטמן אריה 20,פסגת זאב
אלטמן אריה 21,פסגת זאב
אלטמן אריה 22,פסגת זאב
אלטמן אריה 23,פסגת זאב
אלטמן אריה 24,פסגת זאב
אלטמן אריה 25,פסגת זאב
אלטמן אריה 26,פסגת זאב
אלטמן אריה 27,פסגת זאב
אלטמן אריה 29,פסגת זאב
אלטמן אריה 4,פסגת זאב
אלטמן אריה 6,פסגת זאב
אלטמן אריה 8,פסגת זאב
אלי כהן 1,קטמון
אלי כהן 3,קטמון
אלי כהן 4,קטמון
אלי כהן 5,קטמון
אליאך יוסף 1,נווה יעקב
אליאך יוסף 3,נווה יעקב
אליאשברג 3,המושבה הגרמנית
אליעזר הגדול 10,גוננים
אליעזר הגדול 12,גוננים
אליעזר הגדול 14,גוננים
אליעזר הגדול 3,גוננים
אליעזר הגדול 8,גוננים
אליעזר שילוני 4,קרית מנחם
אליעזרוב 1,רוממה
אליעזרוב 10,רוממה
אליעזרוב 11,רוממה
אליעזרוב 3,רוממה
אליעזרוב 4,רוממה
אליעזרוב 6,רוממה
אליעזרוב 7,רוממה
אליעזרוב 9,רוממה
אליצור יהודה 1,פסגת זאב
אליצור יהודה 10,פסגת זאב
אליצור יהודה 11,פסגת זאב
אליצור יהודה 12,פסגת זאב
אליצור יהודה 13,פסגת זאב
אליצור יהודה 14,פסגת זאב
אליצור יהודה 15,פסגת זאב
אליצור יהודה 16,פסגת זאב
אליצור יהודה 17,פסגת זאב
אליצור יהודה 19,פסגת זאב
אליצור יהודה 2,פסגת זאב
אליצור יהודה 21,פסגת זאב
אליצור יהודה 23,פסגת זאב
אליצור יהודה 25,פסגת זאב
אליצור יהודה 27,פסגת זאב
אליצור יהודה 29,פסגת זאב
אליצור יהודה 31,פסגת זאב
אליצור יהודה 33,פסגת זאב
אליצור יהודה 4,פסגת זאב
אליצור יהודה 5,פסגת זאב
אליצור יהודה 6,פסגת זאב
אליצור יהודה 7,פסגת זאב
אליצור יהודה 8,פסגת זאב
אליצור יהודה 9,פסגת זאב
אלישע 11,מוסררה
אלישע 14,מוסררה
אלישע 16,מוסררה
אלישע 2,מוסררה
אלישע 3,מוסררה
אלישע 4,מוסררה
אלישע 6,מוסררה
אלכסנדר אל ח'ורי 1,בית חנינא
אלכסנדר אל ח'ורי 13,בית חנינא
אלכסנדר אל ח'ורי 15,בית חנינא
אלכסנדר אל ח'ורי 18,בית חנינא
אלכסנדר אל ח'ורי 20,בית חנינא
אלכסנדר אל ח'ורי 21,בית חנינא
אלכסנדר אל ח'ורי 23,בית חנינא
אלכסנדר אל ח'ורי 24,בית חנינא
אלכסנדר אל ח'ורי 34,בית חנינא
אלכסנדר אל ח'ורי 36,בית חנינא
אלכסנדר אל ח'ורי 38,בית חנינא
אלכסנדר אל ח'ורי 4,בית חנינא
אלכסנדר אל ח'ורי 40,בית חנינא
אלכסנדר אל ח'ורי 5,בית חנינא
אלכסנדר אל ח'ורי 6,בית חנינא
אלכסנדר אל ח'ורי 7,בית חנינא
אלכסנדר אל ח'ורי 8,בית חנינא
אלכסנדריון 1,גוננים
אלכסנדריון 10,גוננים
אלכסנדריון 11,גוננים
אלכסנדריון 12,גוננים
אלכסנדריון 13,גוננים
אלכסנדריון 14,גוננים
אלכסנדריון 15,גוננים
אלכסנדריון 16,גוננים
אלכסנדריון 17,גוננים
אלכסנדריון 18,גוננים
אלכסנדריון 20,גוננים
אלכסנדריון 22,גוננים
אלכסנדריון 24,גוננים
אלכסנדריון 25,גוננים
אלכסנדריון 26,גוננים
אלכסנדריון 27,גוננים
אלכסנדריון 28,גוננים
אלכסנדריון 3,גוננים
אלכסנדריון 30,גוננים
אלכסנדריון 4,גוננים
אלכסנדריון 5,גוננים
אלכסנדריון 6,גוננים
אלכסנדריון 7,גוננים
אלכסנדריון 8,גוננים
אלכסנדריון 9,גוננים
אלמדינה מונורה 100,צור באחר
אלמדינה מונורה 107,צור באחר
אלמדינה מונורה 121,צור באחר
אלמדינה מונורה 125,צור באחר
אלמדינה מונורה 128,צור באחר
אלמדינה מונורה 136,צור באחר
אלמדינה מונורה 142,צור באחר
אלמדינה מונורה 144,צור באחר
אלמדינה מונורה 145,צור באחר
אלמדינה מונורה 152,צור באחר
אלמדינה מונורה 154,צור באחר
אלמדינה מונורה 157,צור באחר
אלמדינה מונורה 158,צור באחר
אלמדינה מונורה 163,צור באחר
אלמדינה מונורה 165,צור באחר
אלמדינה מונורה 19,צור באחר
אלמדינה מונורה 191,צור באחר
אלמדינה מונורה 193,צור באחר
אלמדינה מונורה 197,צור באחר
אלמדינה מונורה 199,צור באחר
אלמדינה מונורה 2,צור באחר
אלמדינה מונורה 217,צור באחר
אלמדינה מונורה 219,צור באחר
אלמדינה מונורה 221,צור באחר
אלמדינה מונורה 225,צור באחר
אלמדינה מונורה 229,צור באחר
אלמדינה מונורה 231,צור באחר
אלמדינה מונורה 233,צור באחר
אלמדינה מונורה 237,צור באחר
אלמדינה מונורה 245,צור באחר
אלמדינה מונורה 247,צור באחר
אלמדינה מונורה 249,צור באחר
אלמדינה מונורה 33,צור באחר
אלמדינה מונורה 37,צור באחר
אלמדינה מונורה 39,צור באחר
אלמדינה מונורה 53,צור באחר
אלמדינה מונורה 55,צור באחר
אלמדינה מונורה 60,צור באחר
אלמדינה מונורה 68,צור באחר
אלמדינה מונורה 80,צור באחר
אלמדינה מונורה סמ15 3,צור באחר
אלמדינה מונורה סמ15 9,צור באחר
אלמדינה מונורה סמ5 10,צור באחר
אלמדינה מונורה סמ5 11,צור באחר
אלמדינה מונורה סמ5 16,צור באחר
אלמדינה מונורה סמ5 21,צור באחר
אלמדינה מונורה סמ5 23,צור באחר
אלמדינה מונורה סמ5 3,צור באחר
אלמדינה מונורה סמ5 6,צור באחר
אלמדינה מונורה סמ5 8,צור באחר
אלמדינה מונורה סמ7 11,צור באחר
אלמדינה מונורה סמ7 12,צור באחר
אלמדינה מונורה סמ7 4,צור באחר
אלמדינה מונורה סמ7 5,צור באחר
אלמדינה מונורה סמ7 8,צור באחר
אלמדינה מונורה סמ7 9,צור באחר
אלמדינה מונורה סמ8 11,צור באחר
אלמדינה מונורה סמ8 12,צור באחר
אלמדינה מונורה סמ8 16,צור באחר
אלמדינה מונורה סמ8 18,צור באחר
אלמדינה מונורה סמ8 4,צור באחר
אלמדינה מונורה סמ8 5,צור באחר
אלמדינה מונורה סמ8 6,צור באחר
אלמדינה מונורה סמ8 7,צור באחר
אלמדינה מונורה סמ8 8,צור באחר
אלמדינה מונורה סמ8 9,צור באחר
אלמדינה מונורה סמ9 2,צור באחר
אלמדינה מונורה סמ9 7,צור באחר
אלמוג 210,גילה
אלמוג 211,גילה
אלמוג 212,גילה
אלמוג 213,גילה
אלמוג 214,גילה
אלמות'ינא בן חארת'א 10,שועפאט
אלמות'ינא בן חארת'א 11,שועפאט
אלמות'ינא בן חארת'א 12,שועפאט
אלמות'ינא בן חארת'א 13,שועפאט
אלמות'ינא בן חארת'א 15,שועפאט
אלמות'ינא בן חארת'א 17,שועפאט
אלמות'ינא בן חארת'א 19,שועפאט
אלמות'ינא בן חארת'א 4,שועפאט
אלמות'ינא בן חארת'א 6,שועפאט
אלמות'ינא בן חארת'א 7,שועפאט
אלמות'ינא בן חארת'א 8,שועפאט
אלמזדלפה 10,שועפאט
אלמזדלפה 122,שועפאט
אלמזדלפה 3,שועפאט
אלמזדלפה 4,שועפאט
אלמזדלפה 5,שועפאט
אלמזדלפה 6,שועפאט
אלמזדלפה 8,שועפאט
אלמזדלפה 999,שועפאט
אלמזדלפה 9999,שועפאט
אלמליח אברהם 143,גוננים
אלמליח אברהם 144,גוננים
אלמליח אברהם 145,גוננים
אלמליח אברהם 27,גוננים
אלמליח אברהם 31,גוננים
אלמליח אברהם 32,גוננים
אלמסק 1,שועפאט
אלמסק 2,שועפאט
אלמסק 4,שועפאט
אלמרוחה 11,בית חנינא
אלמרוחה 13,בית חנינא
אלמרוחה 19,בית חנינא
אלמרוחה 2,בית חנינא
אלמרוחה 21,בית חנינא
אלמרוחה 22,בית חנינא
אלמרוחה 23,בית חנינא
אלמרוחה 24,בית חנינא
אלמרוחה 25,בית חנינא
אלמרוחה 26,בית חנינא
אלמרוחה 27,בית חנינא
אלמרוחה 29,בית חנינא
אלמרוחה 3,בית חנינא
אלמרוחה 30,בית חנינא
אלמרוחה 31,בית חנינא
אלמרוחה 32,בית חנינא
אלמרוחה 34,בית חנינא
אלמרוחה 36,בית חנינא
אלמרוחה 38,בית חנינא
אלמרוחה 4,בית חנינא
אלמרוחה 40,בית חנינא
אלמרוחה 43,בית חנינא
אלמרוחה 47,בית חנינא
אלמרוחה 6,בית חנינא
אלמרוחה 7,בית חנינא
אלמרוחה 8,בית חנינא
אלמרוחה סמ10 1,בית חנינא
אלמרוחה סמ10 16,בית חנינא
אלמרוחה סמ10 2,בית חנינא
אלמרוחה סמ11 1,בית חנינא
אלמרוחה סמ11 10,בית חנינא
אלמרוחה סמ11 11,בית חנינא
אלמרוחה סמ11 4,בית חנינא
אלמרוחה סמ11 6,בית חנינא
אלמרוחה סמ11 8,בית חנינא
אלמרוחה סמ12 11,בית חנינא
אלמרוחה סמ12 14,בית חנינא
אלמרוחה סמ12 20,בית חנינא
אלמרוחה סמ12 24,בית חנינא
אלמרוחה סמ12 9999,בית חנינא
אלמרוחה סמ13 10,בית חנינא
אלמרוחה סמ13 14,בית חנינא
אלמרוחה סמ13 15,בית חנינא
אלמרוחה סמ13 4,בית חנינא
אלמרוחה סמ13 6,בית חנינא
אלמרוחה סמ13 8,בית חנינא
אלמרוחה סמ15 1,בית חנינא
אלמרוחה סמ15 3,בית חנינא
אלמרוחה סמ15 5,בית חנינא
אלמרוחה סמ15 7,בית חנינא
אלמרוחה סמ3 16,בית חנינא
אלמרוחה סמ3 2,בית חנינא
אלמרוחה סמ3 20,בית חנינא
אלמרוחה סמ3 22,בית חנינא
אלמרוחה סמ3 23,בית חנינא
אלמרוחה סמ3 3,בית חנינא
אלמרוחה סמ3 7,בית חנינא
אלמרוחה סמ3 9999,בית חנינא
אלמרוחה סמ5 999,בית חנינא
אלמרוחה סמ7 18,בית חנינא
אלמרוחה סמ7 2,בית חנינא
אלמרוחה סמ7 4,בית חנינא
אלמרוחה סמ7 6,בית חנינא
אלמרוחה סמ7 8,בית חנינא
אלמרוחה סמ7 9999,בית חנינא
אלמרוחה סמ8 2,בית חנינא
אלמרוחה סמ8 3,בית חנינא
אלמרוחה סמ8 5,בית חנינא
אלמרוחה סמ8 6,בית חנינא
אלמרוחה סמ8 7,בית חנינא
אלמרוחה סמ8 8,בית חנינא
אלמרוחה סמ9,בית חנינא
אלמרוחה סמ9 1,בית חנינא
אלמרוחה סמ9 13,בית חנינא
אלמרוחה סמ9 15,בית חנינא
אלמרוחה סמ9 2,בית חנינא
אלמרוחה סמ9 3,בית חנינא
אלמרוחה סמ9 4,בית חנינא
אלמרוחה סמ9 6,בית חנינא
אלמרוחה סמ9 7,בית חנינא
אלמרוחה סמ9 9,בית חנינא
אלמרוחה סמ9 9999,בית חנינא
אלמרכז 25,בית חנינא
אלמרכז 3,בית חנינא
אלמרכז 4,בית חנינא
אלמרכז 6,בית חנינא
אלנור 16,בית חנינא
אלנור 18,בית חנינא
אלנור 2,בית חנינא
אלנור 20,בית חנינא
אלסבר 10,בית חנינא
אלסבר 11,בית חנינא
אלסבר 14,בית חנינא
אלסבר 16,בית חנינא
אלסבר 18,בית חנינא
אלסבר 2,בית חנינא
אלסבר 20,בית חנינא
אלסבר 22,בית חנינא
אלסבר 4,בית חנינא
אלסבר 5,בית חנינא
אלסבר 6,בית חנינא
אלסבר 7,בית חנינא
אלסבר 8,בית חנינא
אלסבר 9,בית חנינא
אלסדאקה 1,בית חנינא
אלסדאקה 2,בית חנינא
אלסדאקה 28,בית חנינא
אלסדאקה 3,בית חנינא
אלסדאקה 30,בית חנינא
אלסדאקה 32,בית חנינא
אלסדאקה 34,בית חנינא
אלסדאקה 38,בית חנינא
אלסדאקה 4,בית חנינא
אלסדאקה 40,בית חנינא
אלסדאקה 42,בית חנינא
אלסדאקה 44,בית חנינא
אלסדאקה 46,בית חנינא
אלסדאקה 48,בית חנינא
אלסדאקה 5,בית חנינא
אלסדאקה 6,בית חנינא
אלסדאקה 7,בית חנינא
אלסדאקה 8,בית חנינא
אלסדאקה 9,בית חנינא
אלסדאקה 999,בית חנינא
אלסדאקה 9999,בית חנינא
אלסדאקה סמ10 1,בית חנינא
אלסדאקה סמ10 3,בית חנינא
אלסדאקה סמ12 1,בית חנינא
אלסדאקה סמ5 13,בית חנינא
אלסדאקה סמ5 9999,בית חנינא
אלסהל אלאח'דר,ראס אל-עמוד
אלסהל אלאח'דר 10,ראס אל-עמוד
אלסהל אלאח'דר 13,ראס אל-עמוד
אלסהל אלאח'דר 16,ראס אל-עמוד
אלסהל אלאח'דר 20,ראס אל-עמוד
אלסהל אלאח'דר 21,ראס אל-עמוד
אלסהל אלאח'דר 22,ראס אל-עמוד
אלסהל אלאח'דר 24,ראס אל-עמוד
אלסהל אלאח'דר 26,ראס אל-עמוד
אלסהל אלאח'דר 31,ראס אל-עמוד
אלסהל אלאח'דר 33,ראס אל-עמוד
אלסהל אלאח'דר 37,ראס אל-עמוד
אלסהל אלאח'דר 38,ראס אל-עמוד
אלסהל אלאח'דר 40,ראס אל-עמוד
אלסהל אלאח'דר 43,ראס אל-עמוד
אלסהל אלאח'דר 50,ראס אל-עמוד
אלסהל אלאח'דר 54,ראס אל-עמוד
אלסהל אלאח'דר 6,ראס אל-עמוד
אלסהל אלאח'דר 62,ראס אל-עמוד
אלסהל אלאח'דר 66,ראס אל-עמוד
אלסהל אלאח'דר 675,ראס אל-עמוד
אלסהל אלאח'דר 68,ראס אל-עמוד
אלסהל אלאח'דר 7,ראס אל-עמוד
אלסהל אלאח'דר 75,ראס אל-עמוד
אלסהל אלאח'דר 77,ראס אל-עמוד
אלסהל אלאח'דר 789,ראס אל-עמוד
אלסהל אלאח'דר 79,ראס אל-עמוד
אלסהל אלאח'דר 8,ראס אל-עמוד
אלסהל אלאח'דר 85,ראס אל-עמוד
אלסהל אלאח'דר 87,ראס אל-עמוד
אלסהל אלאח'דר 89,ראס אל-עמוד
אלסהל אלאח'דר 9,ראס אל-עמוד
אלסהל אלאח'דר 92,ראס אל-עמוד
אלסהל אלאח'דר 96,ראס אל-עמוד
אלסהל אלאח'דר 999,ראס אל-עמוד
אלסהל אלאח'דר 9999,ראס אל-עמוד
אלסהל אלאח'דר סמ10 5,ראס אל-עמוד
אלסהל אלאח'דר סמ10 9,ראס אל-עמוד
אלסהל אלאח'דר סמ12 7,ראס אל-עמוד
אלסהל אלאח'דר סמ12 9,ראס אל-עמוד
אלסהל אלאח'דר סמ2 14,ראס אל-עמוד
אלסהל אלאח'דר סמ2 19,ראס אל-עמוד
אלסהל אלאח'דר סמ2 6,ראס אל-עמוד
אלסהל אלאח'דר סמ4,ראס אל-עמוד
אלסהל אלאח'דר סמ4 2,ראס אל-עמוד
אלסהל אלאח'דר סמ4 3,ראס אל-עמוד
אלסהל אלאח'דר סמ4 4,ראס אל-עמוד
אלסהל אלאח'דר סמ4 999,ראס אל-עמוד
אלסהל אלאח'דר סמ4 9999,ראס אל-עמוד
אלסהל אלאח'דר סמ6 15,ראס אל-עמוד
אלסהל אלאח'דר סמ6 17,ראס אל-עמוד
אלסהל אלאח'דר סמ6 2,ראס אל-עמוד
אלסהל אלאח'דר סמ6 5,ראס אל-עמוד
אלסהל אלאח'דר סמ7 2,ראס אל-עמוד
אלסהל אלאח'דר סמ7 3,ראס אל-עמוד
אלסהל אלאח'דר סמ7 6,ראס אל-עמוד
אלסנאבל 11,בית חנינא
אלסנאבל 3,בית חנינא
אלסנאבל 5,בית חנינא
אלסנאבל 9,בית חנינא
אלסעאדה 1,בית חנינא
אלסעאדה 21,בית חנינא
אלסעאדה 23,בית חנינא
אלסעאדה 25,בית חנינא
אלסעאדה 27,בית חנינא
אלסעאדה 3,בית חנינא
אלסעאדה 31,בית חנינא
אלסעאדה 5,בית חנינא
אלסעאדה 7,בית חנינא
אלעזר המודעי 12,המושבה הגרמנית
אלעזר המודעי 14,קטמון
אלעזר המודעי 3,המושבה הגרמנית
אלעזר המודעי 4,המושבה הגרמנית
אלעזר המודעי 5,המושבה הגרמנית
אלעזר המודעי 7,המושבה הגרמנית
אלעזר המכבי 10,מקור ברוך
אלעזר המכבי 8,מקור ברוך
אלעלם 11,שועפאט
אלעלם 12,שועפאט
אלעלם 16,שועפאט
אלעלם 19,שועפאט
אלעלם 3,שועפאט
אלעלם 32,שועפאט
אלעלם 5,שועפאט
אלעלם 6,שועפאט
אלעלם 8,שועפאט
אלעלם 999,שועפאט
אלעלם סמ3 17,שועפאט
אלעלם סמ3 2,שועפאט
אלעלם סמ3 5,שועפאט
אלעלם סמ3 7,שועפאט
אלעקבה 11,בית חנינא
אלעקבה 12,בית חנינא
אלעקבה 14,בית חנינא
אלעקבה 16,בית חנינא
אלעקבה 19,בית חנינא
אלעקבה 23,בית חנינא
אלעקבה 24,בית חנינא
אלעקבה 25,בית חנינא
אלעקבה 26,בית חנינא
אלעקבה 27,בית חנינא
אלעקבה 28,בית חנינא
אלעקבה 33,בית חנינא
אלעקבה 34,בית חנינא
אלעקבה 35,בית חנינא
אלעקבה 39,בית חנינא
אלעקבה 4,בית חנינא
אלעקבה 41,בית חנינא
אלעקבה 42,בית חנינא
אלעקבה 43,בית חנינא
אלעקבה 44,בית חנינא
אלעקבה 53,בית חנינא
אלעקבה 54,בית חנינא
אלעקבה 57,בית חנינא
אלעקבה 58,בית חנינא
אלעקבה 6,בית חנינא
אלעקבה 60,בית חנינא
אלעקבה 61,בית חנינא
אלעקבה 65,בית חנינא
אלעקבה 68,בית חנינא
אלעקבה 999,בית חנינא
אלעקבה סמ2 2,בית חנינא
אלעקבה סמ2 4,בית חנינא
אלעקבה סמ2 6,בית חנינא
אלעקבה סמ2 8,בית חנינא
אלעקבה סמ5 2,בית חנינא
אלעקבה סמ5 4,בית חנינא
אלעקבה סמ5 5,בית חנינא
אלעקבה סמ5 6,בית חנינא
אלעקבה סמ5 8,בית חנינא
אלעקבה סמ7 2,בית חנינא
אלעקבה סמ7 3,בית חנינא
אלעקבה סמ7 4,בית חנינא
אלעקבה סמ7 5,בית חנינא
אלעקבה סמ7 6,בית חנינא
אלעקבה סמ8 2,בית חנינא
אלעקבה סמ8 3,בית חנינא
אלעקבה סמ8 4,בית חנינא
אלעקבה סמ8 6,בית חנינא
אלעשה 2,סנהדריה
אלעשה 3,סנהדריה
אלעשה 4,סנהדריה
אלעשה 6,סנהדריה
אלפג'ר 3,שועפאט
אלפג'ר 6,שועפאט
אלפנדרי 11,מקור ברוך
אלפנדרי 12,מקור ברוך
אלפנדרי 13,מקור ברוך
אלפנדרי 14,מקור ברוך
אלפנדרי 15,מקור ברוך
אלפנדרי 17,מקור ברוך
אלפנדרי 18,מקור ברוך
אלפנדרי 2,מקור ברוך
אלפנדרי 23,מקור ברוך
אלפנדרי 25,מקור ברוך
אלפנדרי 27,מקור ברוך
אלפנדרי 28,מקור ברוך
אלפנדרי 29,מקור ברוך
אלפנדרי 30,מקור ברוך
אלפנדרי 31,מקור ברוך
אלפנדרי 33,מקור ברוך
אלפנדרי 34,מקור ברוך
אלפנדרי 36,מקור ברוך
אלפנדרי 38,מקור ברוך
אלפנדרי 4,מקור ברוך
אלפנדרי 5,מקור ברוך
אלפנדרי 6,מקור ברוך
אלפנדרי 7,מקור ברוך
אלפנדרי 8,מקור ברוך
אלפנדרי 9,מקור ברוך
אלפסי 10,רחביה
אלפסי 11,רחביה
אלפסי 12,רחביה
אלפסי 13,רחביה
אלפסי 14,רחביה
אלפסי 15,רחביה
אלפסי 16,רחביה
אלפסי 17,רחביה
אלפסי 18,רחביה
אלפסי 20,רחביה
אלפסי 21,רחביה
אלפסי 23,רחביה
אלפסי 24,רחביה
אלפסי 25,רחביה
אלפסי 26,רחביה
אלפסי 27,רחביה
אלפסי 28,רחביה
אלפסי 29,רחביה
אלפסי 3,רחביה
אלפסי 30,רחביה
אלפסי 32,רחביה
אלפסי 33,רחביה
אלפסי 34,רחביה
אלפסי 35,רחביה
אלפסי 37,רחביה
אלפסי 6,רחביה
אלפסי 7,רחביה
אלפסי 9,רחביה
אלפרדוס 17,שועפאט
אלפרדוס 30,שועפאט
אלפרדוס 6,שועפאט
אלקבץ 12,גבעת שאול
אלקבץ 14,גבעת שאול
אלקבץ 16,גבעת שאול
אלקבץ 24,גבעת שאול
אלקבץ 26,גבעת שאול
אלקבץ 29,גבעת שאול
אלקבץ 31,גבעת שאול
אלקבץ 33,גבעת שאול
אלקבץ 36,גבעת שאול
אלקבץ 38,גבעת שאול
אלקבץ 42,גבעת שאול
אלקבץ 44,גבעת שאול
אלקבץ 8,גבעת שאול
אלקחי מרדכי 10,תלפיות מזרח
אלקחי מרדכי 11,תלפיות מזרח
אלקחי מרדכי 12,תלפיות מזרח
אלקחי מרדכי 13,תלפיות מזרח
אלקחי מרדכי 14,תלפיות מזרח
אלקחי מרדכי 15,תלפיות מזרח
אלקחי מרדכי 16,תלפיות מזרח
אלקחי מרדכי 18,תלפיות מזרח
אלקחי מרדכי 19,תלפיות מזרח
אלקחי מרדכי 20,תלפיות מזרח
אלקחי מרדכי 21,תלפיות מזרח
אלקחי מרדכי 22,תלפיות מזרח
אלקחי מרדכי 23,תלפיות מזרח
אלקחי מרדכי 24,תלפיות מזרח
אלקחי מרדכי 25,תלפיות מזרח
אלקחי מרדכי 27,תלפיות מזרח
אלקחי מרדכי 29,תלפיות מזרח
אלקחי מרדכי 32,תלפיות מזרח
אלקחי מרדכי 33,תלפיות מזרח
אלקחי מרדכי 34,תלפיות מזרח
אלקחי מרדכי 35,תלפיות מזרח
אלקחי מרדכי 36,תלפיות מזרח
אלקחי מרדכי 37,תלפיות מזרח
אלקחי מרדכי 38,תלפיות מזרח
אלקחי מרדכי 40,תלפיות מזרח
אלקחי מרדכי 43,תלפיות מזרח
אלקחי מרדכי 45,תלפיות מזרח
אלקחי מרדכי 47,תלפיות מזרח
אלקחי מרדכי 49,תלפיות מזרח
אלקחי מרדכי 51,תלפיות מזרח
אלקחי מרדכי 517,תלפיות מזרח
אלקחי מרדכי 528,תלפיות מזרח
אלקחי מרדכי 530,תלפיות מזרח
אלקחי מרדכי 532,תלפיות מזרח
אלקחי מרדכי 534,תלפיות מזרח
אלקחי מרדכי 535,תלפיות מזרח
אלקחי מרדכי 541,תלפיות מזרח
אלקחי מרדכי 55,תלפיות מזרח
אלקחי מרדכי 57,תלפיות מזרח
אלקחי מרדכי 59,תלפיות מזרח
אלקחי מרדכי 6,תלפיות מזרח
אלקחי מרדכי 65,תלפיות מזרח
אלקחי מרדכי 8,תלפיות מזרח
אלקלעי 10,טלביה
אלקלעי 11,טלביה
אלקלעי 12,טלביה
אלקלעי 4,טלביה
אלקלעי 6,טלביה
אלקלעי 8,טלביה
אלקנה 1,רוממה
אלקנה 11,רוממה
אלקנה 13,רוממה
אלקנה 14,רוממה
אלקנה 15,רוממה
אלקנה 17,רוממה
אלקנה 19,רוממה
אלקנה 2,רוממה
אלקנה 21,רוממה
אלקנה 23,רוממה
אלקנה 5,רוממה
אלקנה 6,רוממה
אלקנה 7,רוממה
אלקנה 9,רוממה
אלקעקאע 5,שועפאט
אלקעקאע 7,שועפאט
אלרדואן 10,בית חנינא
אלרדואן 13,בית חנינא
אלרדואן 15,בית חנינא
אלרדואן 17,בית חנינא
אלרדואן 2,בית חנינא
אלרדואן 3,בית חנינא
אלרדואן 5,בית חנינא
אלרדואן 8,בית חנינא
אלרדואן 9,בית חנינא
אלרדואן סמ3 12,בית חנינא
אלרדואן סמ3 14,בית חנינא
אלרואי דוד 3,קטמון
אלרסאלה 1,שועפאט
אלרסאלה 10,שועפאט
אלרסאלה 11,שועפאט
אלרסאלה 12,שועפאט
אלרסאלה 13,שועפאט
אלרסאלה 14,שועפאט
אלרסאלה 17,שועפאט
אלרסאלה 2,שועפאט
אלרסאלה 21,שועפאט
אלרסאלה 23,שועפאט
אלרסאלה 4,שועפאט
אלרסאלה 9999,שועפאט
אלרסאלה סמ3 1,שועפאט
אלרסאלה סמ3 2,שועפאט
אלרסאלה סמ3 6,שועפאט
אלשיך 1,גאולה
אלשיך 10,גאולה
אלשיך 4,גאולה
אלשיך 8,גאולה
אלשימאא 3,שועפאט
אלשימאא 4,שועפאט
אלשימאא 5,שועפאט
אלשימאא 6,שועפאט
אלתון 12,צור באחר
אלתון 14,צור באחר
אלתון 46,צור באחר
אלתון 6,צור באחר
אלתון 64,צור באחר
אלתון סמ2 14,צור באחר
אלתון סמ2 3,צור באחר
אלתון סמ4 2,צור באחר
אלתון סמ4 3,צור באחר
אלתון סמ4 4,צור באחר
אלתון סמ5 12,צור באחר
אלתקווא 1,שועפאט
אלתקווא 2,שועפאט
אלתקווא 3,שועפאט
אלתקווא 5,שועפאט
אלתקווא 999,שועפאט
אלתקווא 9999,שועפאט
אם הבנים 1,רמות
אם הבנים 2,רמות
אם הבנים 3,רמות
אם הבנים 4,רמות
אם הבנים 5,רמות
אם הבנים 6,רמות
אם הבנים 7,רמות
אם הבנים 8,רמות
אמאם אלבוח'ארי 11,בית חנינא
אמאם אלבוח'ארי 14,בית חנינא
אמאם אלבוח'ארי 15,בית חנינא
אמאם אלבוח'ארי 16,בית חנינא
אמאם אלבוח'ארי 17,בית חנינא
אמאם אלבוח'ארי 3,בית חנינא
אמאם אלבוח'ארי 9,בית חנינא
אמאם אלבוח'ארי 999,בית חנינא
אמאם אלבוח'ארי סמ3 0,בית חנינא
אמאם אלבוח'ארי סמ3 2,בית חנינא
אמאם אלבוח'ארי סמ3 3,בית חנינא
אמאם אלבוח'ארי סמ3 4,בית חנינא
אמאם אלבוח'ארי סמ3 9999,בית חנינא
אמיל זולא 1,המושבה הגרמנית
אמיל זולא 3,המושבה הגרמנית
אמיל זולא 5,המושבה הגרמנית
אמיל זולא 6,המושבה הגרמנית
אמיל זולא 8,המושבה הגרמנית
אמציה 14,המושבה הגרמנית
אמציה 3,המושבה הגרמנית
אמציה 7,המושבה הגרמנית
אמציה 8,המושבה הגרמנית
אמציה 9,המושבה הגרמנית
אמרי בינה 1,קרית צאנז
אמרי בינה 11,קרית צאנז
אמרי בינה 13,קרית צאנז
אמרי בינה 15,קרית צאנז
אמרי בינה 16,קרית צאנז
אמרי בינה 18,קרית צאנז
אמרי בינה 20,קרית צאנז
אמרי בינה 22,קרית צאנז
אמרי בינה 24,קרית צאנז
אמרי בינה 26,קרית צאנז
אמרי בינה 28,קרית צאנז
אמרי בינה 30,קרית צאנז
אמרי בינה 5,קרית צאנז
אמרי קלמן 10,פסגת זאב
אמרי קלמן 2,פסגת זאב
אמרי קלמן 4,פסגת זאב
אמרי קלמן 6,פסגת זאב
אמרי קלמן 8,פסגת זאב
אמת ליעקב 12,מאה שערים
אמת ליעקב 2,מאה שערים
אנוסי משהד 1,תלפיות מזרח
אנוסי משהד 11,תלפיות מזרח
אנוסי משהד 13,תלפיות מזרח
אנוסי משהד 14,תלפיות מזרח
אנוסי משהד 15,תלפיות מזרח
אנוסי משהד 16,תלפיות מזרח
אנוסי משהד 17,תלפיות מזרח
אנוסי משהד 19,תלפיות מזרח
אנוסי משהד 20,תלפיות מזרח
אנוסי משהד 21,תלפיות מזרח
אנוסי משהד 22,תלפיות מזרח
אנוסי משהד 23,תלפיות מזרח
אנוסי משהד 24,תלפיות מזרח
אנוסי משהד 25,תלפיות מזרח
אנוסי משהד 26,תלפיות מזרח
אנוסי משהד 27,תלפיות מזרח
אנוסי משהד 3,תלפיות מזרח
אנוסי משהד 30,תלפיות מזרח
אנוסי משהד 5,תלפיות מזרח
אנוסי משהד 7,תלפיות מזרח
אנוסי משהד 9,תלפיות מזרח
אנוסי משהד 999,תלפיות מזרח
אנטיגנוס 1,גוננים
אנטיגנוס 10,גוננים
אנטיגנוס 11,גוננים
אנטיגנוס 13,גוננים
אנטיגנוס 15,גוננים
אנטיגנוס 16,גוננים
אנטיגנוס 17,גוננים
אנטיגנוס 19,גוננים
אנטיגנוס 2,גוננים
אנטיגנוס 20,גוננים
אנטיגנוס 21,גוננים
אנטיגנוס 22,גוננים
אנטיגנוס 23,גוננים
אנטיגנוס 25,גוננים
אנטיגנוס 26,גוננים
אנטיגנוס 27,גוננים
אנטיגנוס 29,גוננים
אנטיגנוס 30,גוננים
אנטיגנוס 31,גוננים
אנטיגנוס 32,גוננים
אנטיגנוס 35,גוננים
אנטיגנוס 4,גוננים
אנטיגנוס 40,גוננים
אנטיגנוס 405,גוננים
אנטיגנוס 44,גוננים
אנטיגנוס 5,גוננים
אנטיגנוס 6,גוננים
אנטיגנוס 7,גוננים
אנטיגנוס 8,גוננים
אנטיגנוס 9,גוננים
אנילביץ 10,קרית היובל
אנילביץ 12,קרית היובל
אנילביץ 14,קרית היובל
אנילביץ 16,קרית היובל
אנילביץ 18,קרית היובל
אנילביץ 2,קרית היובל
אנילביץ 20,קרית היובל
אנילביץ 22,קרית היובל
אנילביץ 24,קרית היובל
אנילביץ 26,קרית היובל
אנילביץ 28,קרית היובל
אנילביץ 30,קרית היובל
אנילביץ 32,קרית היובל
אנילביץ 34,קרית היובל
אנילביץ 36,קרית היובל
אנילביץ 38,קרית היובל
אנילביץ 4,קרית היובל
אנילביץ 40,קרית היובל
אנילביץ 42,קרית היובל
אנילביץ 44,קרית היובל
אנילביץ 46,קרית היובל
אנילביץ 48,קרית היובל
אנילביץ 50,קרית היובל
אנילביץ 52,קרית היובל
אנילביץ 54,קרית היובל
אנילביץ 56,קרית היובל
אנילביץ 58,קרית היובל
אנילביץ 6,קרית היובל
אנילביץ 60,קרית היובל
אנילביץ 62,קרית היובל
אנילביץ 64,קרית היובל
אנילביץ 66,קרית היובל
אנילביץ 68,קרית היובל
אנילביץ 70,קרית היובל
אנילביץ 72,קרית היובל
אנילביץ 8,קרית היובל
אנסארי חסן בן ת'אבת 1,שועפאט
אנסארי חסן בן ת'אבת 5,שועפאט
אנסארי חסן בן ת'אבת 8,שועפאט
אסא 2,המושבה הגרמנית
אסא 4,המושבה הגרמנית
אסא 8,המושבה הגרמנית
אסא 9,המושבה הגרמנית
אסטורה 121,נווה יעקב
אסטורה 122,נווה יעקב
אסטורה 123,נווה יעקב
אסתר המלכה 2,בקעה
אסתר המלכה 3,בקעה
אסתר המלכה 4,בקעה
אסתר המלכה 673,בקעה
אסתר המלכה 784,בקעה
אסתר המלכה 786,בקעה
אסתר המלכה 790,בקעה
אסתר המלכה 905,בקעה
אפודי 3,רחביה
אפרים 11,בקעה
אפרים 16,בקעה
אפרים 4,בקעה
אפרים 7,בקעה
אפרים 8,בקעה
אפרסמון 10,גילה
אפרסמון 12,גילה
אפרסמון 13,גילה
אפרסמון 14,גילה
אפרסמון 15,גילה
אפרסמון 16,גילה
אפרסמון 17,גילה
אפרסמון 18,גילה
אפרסמון 19,גילה
אפרסמון 2,גילה
אפרסמון 20,גילה
אפרסמון 22,גילה
אפרסמון 23,גילה
אפרסמון 24,גילה
אפרסמון 25,גילה
אפרסמון 26,גילה
אפרסמון 27,גילה
אפרסמון 29,גילה
אפרסמון 3,גילה
אפרסמון 31,גילה
אפרסמון 33,גילה
אפרסמון 35,גילה
אפרסמון 46,גילה
אפרסמון 5,גילה
אפרסמון 6,גילה
אפרסמון 7,גילה
אפרסמון 8,גילה
אפרסמון 9,גילה
אפרתה 1,תלפיות
אפרתה 10,תלפיות
אפרתה 11,תלפיות
אפרתה 13,תלפיות
אפרתה 14,תלפיות
אפרתה 16,תלפיות
אפרתה 17,תלפיות
אפרתה 19,תלפיות
אפרתה 20,תלפיות
אפרתה 21,תלפיות
אפרתה 22,תלפיות
אפרתה 24,תלפיות
אפרתה 25,תלפיות
אפרתה 26,תלפיות
אפרתה 27,תלפיות
אפרתה 28,תלפיות
אפרתה 29,תלפיות
אפרתה 3,תלפיות
אפרתה 30,תלפיות
אפרתה 31,תלפיות
אפרתה 33,תלפיות
אפרתה 34,תלפיות
אפרתה 5,תלפיות
אפרתה 6,תלפיות
אפרתה 7,תלפיות
אפרתה 8,תלפיות
אפרתה 9,תלפיות
אפשטיין יעקב נחום 1,קרית היובל
אפשטיין יעקב נחום 2,קרית היובל
אפשטיין יעקב נחום 3,קרית היובל
אצל 11,הגבעה הצרפתית
אצל 12,הגבעה הצרפתית
אצל 13,הגבעה הצרפתית
אצל 14,הגבעה הצרפתית
אצל 15,הגבעה הצרפתית
אצל 16,הגבעה הצרפתית
אצל 17,הגבעה הצרפתית
אצל 19,הגבעה הצרפתית
אצל 20,הגבעה הצרפתית
אצל 21,הגבעה הצרפתית
אצל 22,הגבעה הצרפתית
אצל 26,הגבעה הצרפתית
אצל 3,הגבעה הצרפתית
אצל 4,הגבעה הצרפתית
אצל 5,הגבעה הצרפתית
אצל 6,הגבעה הצרפתית
אצל 7,הגבעה הצרפתית
אצל 8,הגבעה הצרפתית
ארגוב אליעזר 10,רמת שרת
ארגוב אליעזר 12,רמת שרת
ארגוב אליעזר 15,רמת שרת
ארד א סמר,וואדי אל-ג'וז
ארד א סמר 1,וואדי אל-ג'וז
ארד א סמר 28,וואדי אל-ג'וז
ארזי הבירה 45,בית ישראל
ארזי הבירה 50,בית ישראל
ארזי ראובן 1,פסגת זאב
ארזי ראובן 11,פסגת זאב
ארזי ראובן 13,פסגת זאב
ארזי ראובן 15,פסגת זאב
ארזי ראובן 17,פסגת זאב
ארזי ראובן 18,פסגת זאב
ארזי ראובן 19,פסגת זאב
ארזי ראובן 20,פסגת זאב
ארזי ראובן 21,פסגת זאב
ארזי ראובן 22,פסגת זאב
ארזי ראובן 23,פסגת זאב
ארזי ראובן 24,פסגת זאב
ארזי ראובן 25,פסגת זאב
ארזי ראובן 26,פסגת זאב
ארזי ראובן 28,פסגת זאב
ארזי ראובן 3,פסגת זאב
ארזי ראובן 30,פסגת זאב
ארזי ראובן 32,פסגת זאב
ארזי ראובן 34,פסגת זאב
ארזי ראובן 5,פסגת זאב
ארזי ראובן 9,פסגת זאב
אריאל 10,רוממה
אריאל 12,רוממה
אריאל 4,רוממה
אריאל 5,רוממה
אריסטובלוס 1,מרכז העיר
ארלוזורוב 10,טלביה
ארלוזורוב 11,טלביה
ארלוזורוב 13,טלביה
ארלוזורוב 15,טלביה
ארלוזורוב 16,טלביה
ארלוזורוב 17,טלביה
ארלוזורוב 18,טלביה
ארלוזורוב 19,טלביה
ארלוזורוב 20,טלביה
ארלוזורוב 21,טלביה
ארלוזורוב 24,טלביה
ארלוזורוב 26,טלביה
ארלוזורוב 5,טלביה
ארלוזורוב 8,טלביה
ארלוזורוב 9,טלביה
ארנון יעקב 3,בית הכרם
ארנון יעקב 4,בית הכרם
ארנון יעקב 6,בית הכרם
ארסט אברהם 5,גוננים
ארסט אברהם 6,גוננים
ארץ חפץ 102,שמואל הנביא
ארץ חפץ 109,שמואל הנביא
ארץ חפץ 112,שמואל הנביא
ארץ חפץ 113,שמואל הנביא
ארץ חפץ 114,שמואל הנביא
ארץ חפץ 115,שמואל הנביא
ארץ חפץ 12,שמואל הנביא
אררט 1,העיר העתיקה
אררט 10,העיר העתיקה
אררט 11,העיר העתיקה
אררט 12,העיר העתיקה
אררט 13,העיר העתיקה
אררט 14,העיר העתיקה
אררט 15,העיר העתיקה
אררט 19,העיר העתיקה
אררט 2,העיר העתיקה
אררט 21,העיר העתיקה
אררט 23,העיר העתיקה
אררט 231,העיר העתיקה
אררט 25,העיר העתיקה
אררט 28,העיר העתיקה
אררט 29,העיר העתיקה
אררט 3,העיר העתיקה
אררט 40,העיר העתיקה
אררט 6,העיר העתיקה
אררט 71,העיר העתיקה
אררט 8,העיר העתיקה
אררט 825,העיר העתיקה
אררט 999,העיר העתיקה
אררט 9999,העיר העתיקה
אשכולי אהרון 10,רמות
אשכולי אהרון 102,רמות
אשכולי אהרון 103,רמות
אשכולי אהרון 104,רמות
אשכולי אהרון 105,רמות
אשכולי אהרון 107,רמות
אשכולי אהרון 109,רמות
אשכולי אהרון 11,רמות
אשכולי אהרון 110,רמות
אשכולי אהרון 112,רמות
אשכולי אהרון 113,רמות
אשכולי אהרון 115,רמות
אשכולי אהרון 12,רמות
אשכולי אהרון 123,רמות
אשכולי אהרון 124,רמות
אשכולי אהרון 125,רמות
אשכולי אהרון 13,רמות
אשכולי אהרון 14,רמות
אשכולי אהרון 16,רמות
אשכולי אהרון 17,רמות
אשכולי אהרון 18,רמות
אשכולי אהרון 19,רמות
אשכולי אהרון 20,רמות
אשכולי אהרון 21,רמות
אשכולי אהרון 22,רמות
אשכולי אהרון 24,רמות
אשכולי אהרון 26,רמות
אשכולי אהרון 28,רמות
אשכולי אהרון 3,רמות
אשכולי אהרון 30,רמות
אשכולי אהרון 32,רמות
אשכולי אהרון 36,רמות
אשכולי אהרון 4,רמות
אשכולי אהרון 5,רמות
אשכולי אהרון 6,רמות
אשכולי אהרון 7,רמות
אשכולי אהרון 8,רמות
אשכולי אהרון 9,רמות
אשכנזי 11,בית ישראל
אשכנזי 13,בית ישראל
אשכנזי 17,בית ישראל
אשכנזי 23,בית ישראל
אשכנזי 25,בית ישראל
אשכנזי 26,בית ישראל
אשכנזי 28,בית ישראל
אשכנזי 32,בית ישראל
אשכנזי 34,בית ישראל
אשכנזי 4,בית ישראל
אשכנזי 40,בית ישראל
אשכנזי 42,בית ישראל
אשכנזי 44,בית ישראל
אשכנזי 7,בית ישראל
אשכנזי 9,בית ישראל
אשר 12,בקעה
אשר 16,בקעה
אשר 18,בקעה
אשר 2,בקעה
אשר 20,בקעה
אשר 22,בקעה
אשר 4,בקעה
אשר 5,בקעה
אשר 7,בקעה
אתיופיה 11,מרכז העיר
אתיופיה 13,מרכז העיר
אתיופיה 15,מרכז העיר
אתיופיה 17,מרכז העיר
אתיופיה 3,מרכז העיר
אתיופיה 4,מרכז העיר
אתיופיה 5,מרכז העיר
אתיופיה 7,מרכז העיר
אתיופיה 8,מרכז העיר
אתיופיה 9,מרכז העיר
ב אונגר מאה שערים 1,מאה שערים
ב אונגר מאה שערים 101,מאה שערים
ב אונגר מאה שערים 103,מאה שערים
ב אונגר מאה שערים 104,מאה שערים
ב אונגר מאה שערים 106,מאה שערים
ב אונגר מאה שערים 109,מאה שערים
ב אונגר מאה שערים 11,מאה שערים
ב אונגר מאה שערים 112,מאה שערים
ב אונגר מאה שערים 113,מאה שערים
ב אונגר מאה שערים 115,מאה שערים
ב אונגר מאה שערים 117,מאה שערים
ב אונגר מאה שערים 119,מאה שערים
ב אונגר מאה שערים 12,מאה שערים
ב אונגר מאה שערים 120,מאה שערים
ב אונגר מאה שערים 121,מאה שערים
ב אונגר מאה שערים 122,מאה שערים
ב אונגר מאה שערים 124,מאה שערים
ב אונגר מאה שערים 125,מאה שערים
ב אונגר מאה שערים 126,מאה שערים
ב אונגר מאה שערים 127,מאה שערים
ב אונגר מאה שערים 128,מאה שערים
ב אונגר מאה שערים 129,מאה שערים
ב אונגר מאה שערים 13,מאה שערים
ב אונגר מאה שערים 131,מאה שערים
ב אונגר מאה שערים 132,מאה שערים
ב אונגר מאה שערים 133,מאה שערים
ב אונגר מאה שערים 134,מאה שערים
ב אונגר מאה שערים 135,מאה שערים
ב אונגר מאה שערים 136,מאה שערים
ב אונגר מאה שערים 138,מאה שערים
ב אונגר מאה שערים 139,מאה שערים
ב אונגר מאה שערים 14,מאה שערים
ב אונגר מאה שערים 140,מאה שערים
ב אונגר מאה שערים 142,מאה שערים
ב אונגר מאה שערים 143,מאה שערים
ב אונגר מאה שערים 145,מאה שערים
ב אונגר מאה שערים 146,מאה שערים
ב אונגר מאה שערים 147,מאה שערים
ב אונגר מאה שערים 149,מאה שערים
ב אונגר מאה שערים 15,מאה שערים
ב אונגר מאה שערים 150,מאה שערים
ב אונגר מאה שערים 151,מאה שערים
ב אונגר מאה שערים 154,מאה שערים
ב אונגר מאה שערים 155,מאה שערים
ב אונגר מאה שערים 156,מאה שערים
ב אונגר מאה שערים 157,מאה שערים
ב אונגר מאה שערים 16,מאה שערים
ב אונגר מאה שערים 160,מאה שערים
ב אונגר מאה שערים 162,מאה שערים
ב אונגר מאה שערים 163,מאה שערים
ב אונגר מאה שערים 164,מאה שערים
ב אונגר מאה שערים 165,מאה שערים
ב אונגר מאה שערים 167,מאה שערים
ב אונגר מאה שערים 17,מאה שערים
ב אונגר מאה שערים 172,מאה שערים
ב אונגר מאה שערים 174,מאה שערים
ב אונגר מאה שערים 176,מאה שערים
ב אונגר מאה שערים 177,מאה שערים
ב אונגר מאה שערים 178,מאה שערים
ב אונגר מאה שערים 179,מאה שערים
ב אונגר מאה שערים 18,מאה שערים
ב אונגר מאה שערים 180,מאה שערים
ב אונגר מאה שערים 182,מאה שערים
ב אונגר מאה שערים 185,מאה שערים
ב אונגר מאה שערים 186,מאה שערים
ב אונגר מאה שערים 187,מאה שערים
ב אונגר מאה שערים 189,מאה שערים
ב אונגר מאה שערים 19,מאה שערים
ב אונגר מאה שערים 191,מאה שערים
ב אונגר מאה שערים 192,מאה שערים
ב אונגר מאה שערים 193,מאה שערים
ב אונגר מאה שערים 194,מאה שערים
ב אונגר מאה שערים 195,מאה שערים
ב אונגר מאה שערים 197,מאה שערים
ב אונגר מאה שערים 198,מאה שערים
ב אונגר מאה שערים 2,מאה שערים
ב אונגר מאה שערים 200,מאה שערים
ב אונגר מאה שערים 201,מאה שערים
ב אונגר מאה שערים 202,מאה שערים
ב אונגר מאה שערים 203,מאה שערים
ב אונגר מאה שערים 204,מאה שערים
ב אונגר מאה שערים 205,מאה שערים
ב אונגר מאה שערים 207,מאה שערים
ב אונגר מאה שערים 208,מאה שערים
ב אונגר מאה שערים 210,מאה שערים
ב אונגר מאה שערים 211,מאה שערים
ב אונגר מאה שערים 212,מאה שערים
ב אונגר מאה שערים 213,מאה שערים
ב אונגר מאה שערים 214,מאה שערים
ב אונגר מאה שערים 216,מאה שערים
ב אונגר מאה שערים 217,מאה שערים
ב אונגר מאה שערים 218,מאה שערים
ב אונגר מאה שערים 219,מאה שערים
ב אונגר מאה שערים 221,מאה שערים
ב אונגר מאה שערים 223,מאה שערים
ב אונגר מאה שערים 224,מאה שערים
ב אונגר מאה שערים 235,מאה שערים
ב אונגר מאה שערים 237,מאה שערים
ב אונגר מאה שערים 239,מאה שערים
ב אונגר מאה שערים 24,מאה שערים
ב אונגר מאה שערים 240,מאה שערים
ב אונגר מאה שערים 242,מאה שערים
ב אונגר מאה שערים 243,מאה שערים
ב אונגר מאה שערים 245,מאה שערים
ב אונגר מאה שערים 248,מאה שערים
ב אונגר מאה שערים 25,מאה שערים
ב אונגר מאה שערים 250,מאה שערים
ב אונגר מאה שערים 251,מאה שערים
ב אונגר מאה שערים 252,מאה שערים
ב אונגר מאה שערים 254,מאה שערים
ב אונגר מאה שערים 256,מאה שערים
ב אונגר מאה שערים 257,מאה שערים
ב אונגר מאה שערים 27,מאה שערים
ב אונגר מאה שערים 28,מאה שערים
ב אונגר מאה שערים 283,מאה שערים
ב אונגר מאה שערים 284,מאה שערים
ב אונגר מאה שערים 286,מאה שערים
ב אונגר מאה שערים 288,מאה שערים
ב אונגר מאה שערים 289,מאה שערים
ב אונגר מאה שערים 29,מאה שערים
ב אונגר מאה שערים 290,מאה שערים
ב אונגר מאה שערים 291,מאה שערים
ב אונגר מאה שערים 294,מאה שערים
ב אונגר מאה שערים 295,מאה שערים
ב אונגר מאה שערים 297,מאה שערים
ב אונגר מאה שערים 299,מאה שערים
ב אונגר מאה שערים 3,מאה שערים
ב אונגר מאה שערים 30,מאה שערים
ב אונגר מאה שערים 301,מאה שערים
ב אונגר מאה שערים 302,מאה שערים
ב אונגר מאה שערים 303,מאה שערים
ב אונגר מאה שערים 304,מאה שערים
ב אונגר מאה שערים 305,מאה שערים
ב אונגר מאה שערים 306,מאה שערים
ב אונגר מאה שערים 307,מאה שערים
ב אונגר מאה שערים 31,מאה שערים
ב אונגר מאה שערים 313,מאה שערים
ב אונגר מאה שערים 32,מאה שערים
ב אונגר מאה שערים 34,מאה שערים
ב אונגר מאה שערים 35,מאה שערים
ב אונגר מאה שערים 36,מאה שערים
ב אונגר מאה שערים 37,מאה שערים
ב אונגר מאה שערים 39,מאה שערים
ב אונגר מאה שערים 4,מאה שערים
ב אונגר מאה שערים 40,מאה שערים
ב אונגר מאה שערים 401,מאה שערים
ב אונגר מאה שערים 402,מאה שערים
ב אונגר מאה שערים 403,מאה שערים
ב אונגר מאה שערים 404,מאה שערים
ב אונגר מאה שערים 405,מאה שערים
ב אונגר מאה שערים 406,מאה שערים
ב אונגר מאה שערים 407,מאה שערים
ב אונגר מאה שערים 408,מאה שערים
ב אונגר מאה שערים 409,מאה שערים
ב אונגר מאה שערים 410,מאה שערים
ב אונגר מאה שערים 42,מאה שערים
ב אונגר מאה שערים 43,מאה שערים
ב אונגר מאה שערים 45,מאה שערים
ב אונגר מאה שערים 46,מאה שערים
ב אונגר מאה שערים 47,מאה שערים
ב אונגר מאה שערים 48,מאה שערים
ב אונגר מאה שערים 49,מאה שערים
ב אונגר מאה שערים 5,מאה שערים
ב אונגר מאה שערים 50,מאה שערים
ב אונגר מאה שערים 501,מאה שערים
ב אונגר מאה שערים 502,מאה שערים
ב אונגר מאה שערים 503,מאה שערים
ב אונגר מאה שערים 504,מאה שערים
ב אונגר מאה שערים 505,מאה שערים
ב אונגר מאה שערים 506,מאה שערים
ב אונגר מאה שערים 507,מאה שערים
ב אונגר מאה שערים 508,מאה שערים
ב אונגר מאה שערים 51,מאה שערים
ב אונגר מאה שערים 6,מאה שערים
ב אונגר מאה שערים 601,מאה שערים
ב אונגר מאה שערים 602,מאה שערים
ב אונגר מאה שערים 603,מאה שערים
ב אונגר מאה שערים 604,מאה שערים
ב אונגר מאה שערים 605,מאה שערים
ב אונגר מאה שערים 606,מאה שערים
ב אונגר מאה שערים 607,מאה שערים
ב אונגר מאה שערים 608,מאה שערים
ב אונגר מאה שערים 609,מאה שערים
ב אונגר מאה שערים 610,מאה שערים
ב אונגר מאה שערים 611,מאה שערים
ב אונגר מאה שערים 612,מאה שערים
ב אונגר מאה שערים 613,מאה שערים
ב אונגר מאה שערים 614,מאה שערים
ב אונגר מאה שערים 615,מאה שערים
ב אונגר מאה שערים 616,מאה שערים
ב אונגר מאה שערים 617,מאה שערים
ב אונגר מאה שערים 618,מאה שערים
ב אונגר מאה שערים 619,מאה שערים
ב אונגר מאה שערים 620,מאה שערים
ב אונגר מאה שערים 621,מאה שערים
ב אונגר מאה שערים 622,מאה שערים
ב אונגר מאה שערים 623,מאה שערים
ב אונגר מאה שערים 624,מאה שערים
ב אונגר מאה שערים 66,מאה שערים
ב אונגר מאה שערים 67,מאה שערים
ב אונגר מאה שערים 68,מאה שערים
ב אונגר מאה שערים 69,מאה שערים
ב אונגר מאה שערים 7,מאה שערים
ב אונגר מאה שערים 70,מאה שערים
ב אונגר מאה שערים 71,מאה שערים
ב אונגר מאה שערים 72,מאה שערים
ב אונגר מאה שערים 73,מאה שערים
ב אונגר מאה שערים 74,מאה שערים
ב אונגר מאה שערים 75,מאה שערים
ב אונגר מאה שערים 77,מאה שערים
ב אונגר מאה שערים 78,מאה שערים
ב אונגר מאה שערים 79,מאה שערים
ב אונגר מאה שערים 8,מאה שערים
ב אונגר מאה שערים 80,מאה שערים
ב אונגר מאה שערים 82,מאה שערים
ב אונגר מאה שערים 83,מאה שערים
ב אונגר מאה שערים 84,מאה שערים
ב אונגר מאה שערים 85,מאה שערים
ב אונגר מאה שערים 86,מאה שערים
ב אונגר מאה שערים 87,מאה שערים
ב אונגר מאה שערים 9,מאה שערים
ב אונגר מאה שערים 90,מאה שערים
ב אונגר מאה שערים 91,מאה שערים
ב אונגר מאה שערים 92,מאה שערים
ב אונגר מאה שערים 94,מאה שערים
ב אונגר מאה שערים 96,מאה שערים
ב אונגר מאה שערים 99,מאה שערים
ב חנינה קלנדיה 16,בית חנינא
ב חנינה קלנדיה 2,בית חנינא
ב חנינה קלנדיה 3,בית חנינא
ב חנינה קלנדיה 4,בית חנינא
ב חנינה קלנדיה 5,בית חנינא
ב חנינה קלנדיה 610,בית חנינא
ב חנינה קלנדיה 7,בית חנינא
ב חנינה קלנדיה 81,בית חנינא
ב מילנר שכ ב 15,מאה שערים
ב מילנר שכ ב 2,מאה שערים
באב א זהרה 114,באב א-זהרה
באב א מגרבה 8,סילואן
באב אל חדיד,העיר העתיקה
באב אל חדיד 10,העיר העתיקה
באב אל חדיד 11,העיר העתיקה
באב אל חדיד 12,העיר העתיקה
באב אל חדיד 13,העיר העתיקה
באב אל חדיד 131,העיר העתיקה
באב אל חדיד 14,העיר העתיקה
באב אל חדיד 18,העיר העתיקה
באב אל חדיד 2,העיר העתיקה
באב אל חדיד 313,העיר העתיקה
באב אל חדיד 4,העיר העתיקה
באב אל חדיד 5,העיר העתיקה
באב אל חדיד 513,העיר העתיקה
באב אל חדיד 6,העיר העתיקה
באב אל חדיד 7,העיר העתיקה
באב אל חדיד 8,העיר העתיקה
באב אל חדיד 9,העיר העתיקה
באב אל חדיד 9999,העיר העתיקה
באום שלמה 1,הר חומה
באום שלמה 11,הר חומה
באום שלמה 13,הר חומה
באום שלמה 15,הר חומה
באום שלמה 17,הר חומה
באום שלמה 2,הר חומה
באום שלמה 4,הר חומה
באום שלמה 7,הר חומה
באום שלמה 9,הר חומה
באזוב דוד 1,רמות
באזוב דוד 10,רמות
באזוב דוד 11,רמות
באזוב דוד 13,רמות
באזוב דוד 14,רמות
באזוב דוד 15,רמות
באזוב דוד 16,רמות
באזוב דוד 17,רמות
באזוב דוד 18,רמות
באזוב דוד 19,רמות
באזוב דוד 2,רמות
באזוב דוד 20,רמות
באזוב דוד 21,רמות
באזוב דוד 23,רמות
באזוב דוד 25,רמות
באזוב דוד 27,רמות
באזוב דוד 29,רמות
באזוב דוד 3,רמות
באזוב דוד 31,רמות
באזוב דוד 4,רמות
באזוב דוד 5,רמות
באזוב דוד 6,רמות
באזוב דוד 7,רמות
באזוב דוד 8,רמות
באזוב דוד 9,רמות
באכר זאב 10,המושבה הגרמנית
באכר זאב 2,המושבה הגרמנית
באכר זאב 3,המושבה הגרמנית
באכר זאב 4,המושבה הגרמנית
באכר זאב 6,המושבה הגרמנית
באר שבע 10,נחלאות
באר שבע 11,נחלאות
באר שבע 12,נחלאות
באר שבע 13,נחלאות
באר שבע 14,נחלאות
באר שבע 15,נחלאות
באר שבע 16,נחלאות
באר שבע 18,נחלאות
באר שבע 19,נחלאות
באר שבע 20,נחלאות
באר שבע 21,נחלאות
באר שבע 23,נחלאות
באר שבע 24,נחלאות
באר שבע 26,נחלאות
באר שבע 27,נחלאות
באר שבע 28,נחלאות
באר שבע 29,נחלאות
באר שבע 31,נחלאות
באר שבע 32,נחלאות
באר שבע 33,נחלאות
באר שבע 34,נחלאות
באר שבע 35,נחלאות
באר שבע 36,נחלאות
באר שבע 37,נחלאות
באר שבע 38,נחלאות
באר שבע 39,נחלאות
באר שבע 4,נחלאות
באר שבע 41,נחלאות
באר שבע 43,נחלאות
באר שבע 45,נחלאות
באר שבע 47,נחלאות
באר שבע 5,נחלאות
באר שבע 6,נחלאות
באר שבע 8,נחלאות
בב חוטה 10,העיר העתיקה
בב חוטה 12,העיר העתיקה
בב חוטה 13,העיר העתיקה
בב חוטה 14,העיר העתיקה
בב חוטה 16,העיר העתיקה
בב חוטה 17,העיר העתיקה
בב חוטה 2,העיר העתיקה
בב חוטה 23,העיר העתיקה
בב חוטה 31,העיר העתיקה
בב חוטה 32,העיר העתיקה
בב חוטה 4,העיר העתיקה
בב חוטה 400,העיר העתיקה
בב חוטה 48,העיר העתיקה
בב חוטה 55,העיר העתיקה
בב חוטה 57,העיר העתיקה
בב חוטה 59,העיר העתיקה
בב חוטה 6,העיר העתיקה
בב חוטה 61,העיר העתיקה
בב חוטה 8,העיר העתיקה
בב חוטה 80,העיר העתיקה
בב חוטה 82,העיר העתיקה
בב חוטה 84,העיר העתיקה
בב חוטה 859,העיר העתיקה
בב חוטה 9,העיר העתיקה
בבלי חנה 1,פסגת זאב
בבלי חנה 10,פסגת זאב
בבלי חנה 11,פסגת זאב
בבלי חנה 12,פסגת זאב
בבלי חנה 13,פסגת זאב
בבלי חנה 14,פסגת זאב
בבלי חנה 15,פסגת זאב
בבלי חנה 16,פסגת זאב
בבלי חנה 17,פסגת זאב
בבלי חנה 18,פסגת זאב
בבלי חנה 19,פסגת זאב
בבלי חנה 2,פסגת זאב
בבלי חנה 20,פסגת זאב
בבלי חנה 21,פסגת זאב
בבלי חנה 22,פסגת זאב
בבלי חנה 23,פסגת זאב
בבלי חנה 24,פסגת זאב
בבלי חנה 25,פסגת זאב
בבלי חנה 26,פסגת זאב
בבלי חנה 27,פסגת זאב
בבלי חנה 28,פסגת זאב
בבלי חנה 29,פסגת זאב
בבלי חנה 3,פסגת זאב
בבלי חנה 30,פסגת זאב
בבלי חנה 31,פסגת זאב
בבלי חנה 32,פסגת זאב
בבלי חנה 33,פסגת זאב
בבלי חנה 34,פסגת זאב
בבלי חנה 35,פסגת זאב
בבלי חנה 36,פסגת זאב
בבלי חנה 37,פסגת זאב
בבלי חנה 38,פסגת זאב
בבלי חנה 39,פסגת זאב
בבלי חנה 4,פסגת זאב
בבלי חנה 41,פסגת זאב
בבלי חנה 43,פסגת זאב
בבלי חנה 45,פסגת זאב
בבלי חנה 5,פסגת זאב
בבלי חנה 6,פסגת זאב
בבלי חנה 7,פסגת זאב
בבלי חנה 8,פסגת זאב
בבלי חנה 9,פסגת זאב
בג'יו חיים 1,המושבה הגרמנית
בג'יו חיים 10,המושבה הגרמנית
בג'יו חיים 11,המושבה הגרמנית
בג'יו חיים 12,המושבה הגרמנית
בג'יו חיים 2,המושבה הגרמנית
בג'יו חיים 3,המושבה הגרמנית
בג'יו חיים 4,המושבה הגרמנית
בג'יו חיים 5,המושבה הגרמנית
בג'יו חיים 6,המושבה הגרמנית
בג'יו חיים 7,המושבה הגרמנית
בג'יו חיים 8,המושבה הגרמנית
בג'יו חיים 9,המושבה הגרמנית
בדור 1,בית צפאפא
בדור 14,בית צפאפא
בדור 15,בית צפאפא
בדור 3,בית צפאפא
בדור 7,בית צפאפא
בדור 9,בית צפאפא
בדר 1,בית חנינא
בדר 16,בית חנינא
בדר 20,בית חנינא
בדר 24,בית חנינא
בדר 26,בית חנינא
בדר 28,בית חנינא
בדר 3,בית חנינא
בדר 4,בית חנינא
בדר סמ4 2,בית חנינא
בדר סמ4 3,בית חנינא
בדר סמ4 4,בית חנינא
בהא אל-דין 20,באב א-זהרה
בהא אל-דין 4,באב א-זהרה
בהרן שלמה זלמן 1,מאה שערים
בהרן שלמה זלמן 10,מאה שערים
בהרן שלמה זלמן 11,מאה שערים
בהרן שלמה זלמן 13,מאה שערים
בהרן שלמה זלמן 2,מאה שערים
בהרן שלמה זלמן 23,מאה שערים
בהרן שלמה זלמן 27,מאה שערים
בהרן שלמה זלמן 3,מאה שערים
בהרן שלמה זלמן 31,מאה שערים
בהרן שלמה זלמן 33,מאה שערים
בהרן שלמה זלמן 4,מאה שערים
בהרן שלמה זלמן 5,מאה שערים
בהרן שלמה זלמן 6,מאה שערים
בהרן שלמה זלמן 7,מאה שערים
בהרן שלמה זלמן 8,מאה שערים
בהרן שלמה זלמן 9,מאה שערים
בובליק גדליה 11,רמות
בובליק גדליה 13,רמות
בובליק גדליה 15,רמות
בובליק גדליה 17,רמות
בובליק גדליה 22,רמות
בובליק גדליה 24,רמות
בובליק גדליה 4,רמות
בובליק גדליה 5,רמות
בובליק גדליה 6,רמות
בובליק גדליה 7,רמות
בובליק גדליה 9,רמות
בודנהימר 1,קרית היובל
בודנהימר 10,קרית היובל
בודנהימר 2,קרית היובל
בודנהימר 3,קרית היובל
בודנהימר 4,קרית היובל
בודנהימר 5,קרית היובל
בודנהימר 6,קרית היובל
בודנהימר 7,קרית היובל
בודנהימר 8,קרית היובל
בודנהימר 9,קרית היובל
בוליביה 11,קרית היובל
בוליביה 3,קרית היובל
בוליביה 7,קרית היובל
בוליביה 9,קרית היובל
בונהונטורה אנצ'ו 2,תלפיות מזרח
בונהונטורה אנצ'ו 3,תלפיות מזרח
בונהונטורה אנצ'ו 4,תלפיות מזרח
בונהונטורה אנצ'ו 5,תלפיות מזרח
בונהונטורה אנצ'ו 6,תלפיות מזרח
בוני החומה 2,הרובע היהודי
בוני החומה 9999,הרובע היהודי
בוסתנאי 11,קטמון
בוסתנאי 14,קטמון
בוסתנאי 15,קטמון
בוסתנאי 16,קטמון
בוסתנאי 17,קטמון
בוסתנאי 18,קטמון
בוסתנאי 19,קטמון
בוסתנאי 26,קטמון
בוסתנאי 28,קטמון
בוסתנאי 3,קטמון
בוסתנאי 30,קטמון
בוסתנאי 31,קטמון
בוסתנאי 32,קטמון
בוסתנאי 34,קטמון
בוסתנאי 4,קטמון
בוסתנאי 5,קטמון
בועז 1,בקעה
בועז 2,בקעה
בועז 3,בקעה
בוקסבאום מרדכי 17,רמת שלמה
בוקסבאום מרדכי 3,רמת שלמה
בוקסבאום מרדכי 4,רמת שלמה
בוקסבאום מרדכי 440,רמת שלמה
בוקסבאום מרדכי 6,רמת שלמה
בוקסבאום מרדכי 7,רמת שלמה
בוקסבאום מרדכי 8,רמת שלמה
בורג לקלק,העיר העתיקה
בורג לקלק 1,העיר העתיקה
בורג לקלק 11,העיר העתיקה
בורג לקלק 12,העיר העתיקה
בורג לקלק 16,העיר העתיקה
בורג לקלק 20,העיר העתיקה
בורג לקלק 21,העיר העתיקה
בורג לקלק 22,העיר העתיקה
בורג לקלק 3,העיר העתיקה
בורג לקלק 4,העיר העתיקה
בורג לקלק 5,העיר העתיקה
בורג לקלק 6,העיר העתיקה
בורג לקלק 910,העיר העתיקה
בורוכוב 10,קרית היובל
בורוכוב 11,קרית היובל
בורוכוב 12,קרית היובל
בורוכוב 16,קרית היובל
בורוכוב 18,קרית היובל
בורוכוב 20,קרית היובל
בורוכוב 22,קרית היובל
בורוכוב 24,קרית היובל
בורוכוב 26,קרית היובל
בורוכוב 30,קרית היובל
בורוכוב 31,קרית היובל
בורוכוב 32,קרית היובל
בורוכוב 33,קרית היובל
בורוכוב 34,קרית היובל
בורוכוב 35,קרית היובל
בורוכוב 36,קרית היובל
בורוכוב 37,קרית היובל
בורוכוב 38,קרית היובל
בורוכוב 39,קרית היובל
בורוכוב 40,קרית היובל
בורוכוב 41,קרית היובל
בורוכוב 42,קרית היובל
בורוכוב 44,קרית היובל
בורוכוב 45,קרית היובל
בורוכוב 46,קרית היובל
בורוכוב 47,קרית היובל
בורוכוב 48,קרית היובל
בורוכוב 49,קרית היובל
בורוכוב 50,קרית היובל
בורוכוב 51,קרית היובל
בורוכוב 52,קרית היובל
בורוכוב 53,קרית היובל
בורוכוב 54,קרית היובל
בורוכוב 56,קרית היובל
בורוכוב 57,קרית היובל
בורוכוב 58,קרית היובל
בורוכוב 59,קרית היובל
בורוכוב 6,קרית היובל
בורוכוב 60,קרית היובל
בורוכוב 62,קרית היובל
בורוכוב 64,קרית היובל
בורוכוב 68,קרית היובל
בורוכוב 70,קרית היובל
בורוכוב 8,קרית היובל
בורוכוב 9,קרית היובל
בורלא יהודה 11,ניות
בורלא יהודה 13,ניות
בורלא יהודה 16,ניות
בורלא יהודה 18,ניות
בורלא יהודה 20,ניות
בורלא יהודה 23,ניות
בורלא יהודה 25,ניות
בורלא יהודה 26,ניות
בורלא יהודה 27,ניות
בורלא יהודה 7,ניות
בורלא יהודה 9,ניות
בושם 1,גילה
בושם 10,גילה
בושם 12,גילה
בושם 13,גילה
בושם 15,גילה
בושם 16,גילה
בושם 17,גילה
בושם 19,גילה
בושם 2,גילה
בושם 21,גילה
בושם 23,גילה
בושם 3,גילה
בושם 4,גילה
בושם 5,גילה
בושם 6,גילה
בושם 7,גילה
בושם 8,גילה
בושם 9,גילה
בזל 10,קרית משה
בזל 8,קרית משה
בטן אל-הווא 1,סילואן
בטן אל-הווא 106,סילואן
בטן אל-הווא 125,סילואן
בטן אל-הווא 127,סילואן
בטן אל-הווא 128,סילואן
בטן אל-הווא 129,סילואן
בטן אל-הווא 135,סילואן
בטן אל-הווא 149,סילואן
בטן אל-הווא 151,סילואן
בטן אל-הווא 153,סילואן
בטן אל-הווא 155,סילואן
בטן אל-הווא 156,סילואן
בטן אל-הווא 16,סילואן
בטן אל-הווא 160,סילואן
בטן אל-הווא 161,סילואן
בטן אל-הווא 162,סילואן
בטן אל-הווא 163,סילואן
בטן אל-הווא 165,סילואן
בטן אל-הווא 166,סילואן
בטן אל-הווא 2,סילואן
בטן אל-הווא 27,סילואן
בטן אל-הווא 3,סילואן
בטן אל-הווא 32,סילואן
בטן אל-הווא 34,סילואן
בטן אל-הווא 38,סילואן
בטן אל-הווא 4,סילואן
בטן אל-הווא 42,סילואן
בטן אל-הווא 44,סילואן
בטן אל-הווא 45,סילואן
בטן אל-הווא 53,סילואן
בטן אל-הווא 54,סילואן
בטן אל-הווא 58,סילואן
בטן אל-הווא 673,סילואן
בטן אל-הווא 68,סילואן
בטן אל-הווא 74,סילואן
בטן אל-הווא 76,סילואן
בטן אל-הווא 78,סילואן
בטן אל-הווא 8,סילואן
בטן אל-הווא 85,סילואן
בטן אל-הווא 89,סילואן
בטן אל-הווא 92,סילואן
בטן אל-הווא 93,סילואן
בטן אל-הווא 94,סילואן
בטן אל-הווא סמ3 6,סילואן
בטן אל-הווא סמ3 999,סילואן
בטן אל-הווא סמ3 9999,סילואן
בטן אל-הווא סמ4 31,סילואן
בטן אל-הווא סמ6 39,סילואן
בטן אל-הווא סמ6 44,סילואן
בטן אל-הווא סמ6 49,סילואן
בטן אל-הווא סמ6 53,סילואן
בטן אל-הווא סמ7 3,סילואן
בטן אל-הווא סמ8 10,סילואן
בטן אל-הווא סמ8 12,סילואן
בטן אל-הווא סמ8 3,סילואן
בטן אל-הווא סמ8 8,סילואן
בי רב יעקב 11,נחלאות
בי רב יעקב 15,נחלאות
בי רב יעקב 2,נחלאות
בי רב יעקב 5,נחלאות
בי רב יעקב 9,נחלאות
ביאליק 10,בית הכרם
ביאליק 11,בית הכרם
ביאליק 12,בית הכרם
ביאליק 13,בית הכרם
ביאליק 14,בית הכרם
ביאליק 15,בית הכרם
ביאליק 16,בית הכרם
ביאליק 17,בית הכרם
ביאליק 18,בית הכרם
ביאליק 19,בית הכרם
ביאליק 2,בית הכרם
ביאליק 20,בית הכרם
ביאליק 21,בית הכרם
ביאליק 3,בית הכרם
ביאליק 4,בית הכרם
ביאליק 5,בית הכרם
ביאליק 6,בית הכרם
ביאליק 7,בית הכרם
ביאליק 8,בית הכרם
ביאליק 9,בית הכרם
ביבאס 10,נחלאות
ביבאס 11,נחלאות
ביבאס 12,נחלאות
ביבאס 14,נחלאות
ביבאס 15,נחלאות
ביבאס 16,נחלאות
ביבאס 18,נחלאות
ביבאס 20,נחלאות
ביבאס 27,נחלאות
ביבאס 29,נחלאות
ביבאס 33,נחלאות
ביבאס 5,נחלאות
ביבאס 7,נחלאות
ביבאס 9,נחלאות
ביבארס 13,שיח' ג'ראח
ביבארס 7,שיח' ג'ראח
ביבארס 9,שיח' ג'ראח
ביבארס 9999,שיח' ג'ראח
בייליס מנדל 1,רמות
בייליס מנדל 2,רמות
בייליס מנדל 3,רמות
בייליס מנדל 4,רמות
בייליס מנדל 5,רמות
בייליס מנדל 6,רמות
בייליס מנדל 7,רמות
בייליס מנדל 8,רמות
בילו 1,קטמון
בילו 11,קטמון
בילו 12,קטמון
בילו 2,קטמון
בילו 3,קטמון
בילו 4,קטמון
בילו 5,קטמון
בילו 6,קטמון
בילו 7,קטמון
בילו 8,קטמון
בינת יששכר 1,קרית צאנז
בינת יששכר 2,קרית צאנז
בינת יששכר 3,קרית צאנז
בינת יששכר 4,קרית צאנז
בינת יששכר 6,קרית צאנז
ביסאן 12,בית חנינא
ביסאן 14,בית חנינא
ביסאן 17,בית חנינא
ביסאן 21,בית חנינא
ביסאן 23,בית חנינא
ביסאן 4,בית חנינא
ביסאן 5,בית חנינא
ביסאן 6,בית חנינא
ביסאן 7,בית חנינא
ביסאן 9,בית חנינא
ביצור יהושע 1,גבעת משואה
ביצור יהושע 10,גבעת משואה
ביצור יהושע 11,גבעת משואה
ביצור יהושע 12,גבעת משואה
ביצור יהושע 13,גבעת משואה
ביצור יהושע 14,גבעת משואה
ביצור יהושע 15,גבעת משואה
ביצור יהושע 16,גבעת משואה
ביצור יהושע 17,גבעת משואה
ביצור יהושע 18,גבעת משואה
ביצור יהושע 19,גבעת משואה
ביצור יהושע 2,גבעת משואה
ביצור יהושע 20,גבעת משואה
ביצור יהושע 21,גבעת משואה
ביצור יהושע 22,גבעת משואה
ביצור יהושע 23,גבעת משואה
ביצור יהושע 25,גבעת משואה
ביצור יהושע 27,גבעת משואה
ביצור יהושע 29,גבעת משואה
ביצור יהושע 3,גבעת משואה
ביצור יהושע 31,גבעת משואה
ביצור יהושע 33,גבעת משואה
ביצור יהושע 35,גבעת משואה
ביצור יהושע 37,גבעת משואה
ביצור יהושע 4,גבעת משואה
ביצור יהושע 5,גבעת משואה
ביצור יהושע 6,גבעת משואה
ביצור יהושע 7,גבעת משואה
ביצור יהושע 9,גבעת משואה
ביר אבו ח'שבה 10,בית צפאפא
ביר אבו ח'שבה 12,בית צפאפא
ביר אבו ח'שבה 13,בית צפאפא
ביר אבו ח'שבה 14,בית צפאפא
ביר אבו ח'שבה 16,בית צפאפא
ביר אבו ח'שבה 18,בית צפאפא
ביר אבו ח'שבה 19,בית צפאפא
ביר אבו ח'שבה 20,בית צפאפא
ביר אבו ח'שבה 21,בית צפאפא
ביר אבו ח'שבה 26,בית צפאפא
ביר אבו ח'שבה 28,בית צפאפא
ביר אבו ח'שבה 32,בית צפאפא
ביר אבו ח'שבה 38,בית צפאפא
ביר אבו ח'שבה 51,בית צפאפא
ביר אבו ח'שבה 57,בית צפאפא
ביר אבו ח'שבה 60,בית צפאפא
ביר אבו ח'שבה 8,בית צפאפא
ביר אבו ח'שבה סמ3 6,בית צפאפא
ביר אבו ח'שבה סמ3 8,בית צפאפא
ביר איוב 2,סילואן
ביר איוב 59,סילואן
ביר איוב 65,סילואן
ביר איוב 784,סילואן
ביר איוב 79,סילואן
ביר איוב 9999,סילואן
ביר אל אסביל 10,בית חנינא
ביר אל אסביל 15,בית חנינא
ביר אל אסביל 17,בית חנינא
ביר אל אסביל 19,בית חנינא
ביר אל אסביל 20,בית חנינא
ביר אל אסביל 22,בית חנינא
ביר אל אסביל 23,בית חנינא
ביר אל אסביל 27,בית חנינא
ביר אל אסביל 28,בית חנינא
ביר אל אסביל 30,בית חנינא
ביר אל אסביל 6,בית חנינא
ביר אל כורום סמ2 16,צור באחר
ביר אל כורום סמ2 21,צור באחר
ביר אל כורום סמ2 3,צור באחר
ביר אל כורום סמ2 7,צור באחר
ביר אל כורום סמ2 9999,צור באחר
ביר אל כורום סמ3 13,צור באחר
ביר אל כורום סמ3 5,צור באחר
ביר אל כורום סמ3 9,צור באחר
ביר אל סביל 17,בית חנינא
ביר אל סביל 2,בית חנינא
ביר אל סביל 22,בית חנינא
ביר אל סביל 24,בית חנינא
ביר אל סביל 27,בית חנינא
ביר אל סביל 3,בית חנינא
ביר אל סביל 6,בית חנינא
ביר אל סביל 7,בית חנינא
ביר אל סביל 999,בית חנינא
ביר אל סביל 9999,בית חנינא
ביר אל-כורום 1,צור באחר
ביר אל-כורום 18,צור באחר
ביר אל-כורום 2,צור באחר
ביר אל-כורום 20,צור באחר
ביר אל-כורום 21,צור באחר
ביר אל-כורום 24,צור באחר
ביר אל-כורום 29,צור באחר
ביר אל-כורום 31,צור באחר
ביר אל-כורום 34,צור באחר
ביר אל-כורום 35,צור באחר
ביר אל-כורום 37,צור באחר
ביר אל-כורום 38,צור באחר
ביר אל-כורום 4,צור באחר
ביר אל-כורום 42,צור באחר
ביר אל-כורום 46,צור באחר
ביר אל-כורום 49,צור באחר
ביר אל-כורום 53,צור באחר
ביר אל-כורום 59,צור באחר
ביר אל-כורום 6,צור באחר
ביר אל-כורום 61,צור באחר
ביר אל-כורום 65,צור באחר
ביר אל-כורום 67,צור באחר
ביר אל-כורום 69,צור באחר
ביר אל-כורום 9,צור באחר
ביר אל-כורום 9999,צור באחר
ביר אל-כורום סמ1 10,צור באחר
ביר אל-כורום סמ3 13,צור באחר
ביר אל-כורום סמ3 5,צור באחר
ביר אל-כורום סמ3 9,צור באחר
ביר אל-כורום סמ5,צור באחר
ביר אל-כורום סמ5 10,צור באחר
ביר אל-כורום סמ5 14,צור באחר
ביר אל-כורום סמ5 6,צור באחר
ביר אל-כורום סמ5 7,צור באחר
ביר סאלם 1,עיסוויה
ביר סאלם 10,עיסוויה
ביר סאלם 12,עיסוויה
ביר סאלם 14,עיסוויה
ביר סאלם 142,עיסוויה
ביר סאלם 17,עיסוויה
ביר סאלם 21,עיסוויה
ביר סאלם 23,עיסוויה
ביר סאלם 26,עיסוויה
ביר סאלם 28,עיסוויה
ביר סאלם 36,עיסוויה
ביר סאלם 39,עיסוויה
ביר סאלם 4,עיסוויה
ביר סאלם 5,עיסוויה
ביר סאלם 53,עיסוויה
ביר סאלם 55,עיסוויה
ביר סאלם 6,עיסוויה
ביר סאלם 9999,עיסוויה
ביר סאלם סמ6 3,עיסוויה
ביר עונה,בית צפאפא
ביר עונה 0,בית צפאפא
ביר עונה 1,בית צפאפא
ביר עונה 10,בית צפאפא
ביר עונה 11,בית צפאפא
ביר עונה 1106,בית צפאפא
ביר עונה 112,בית צפאפא
ביר עונה 12,בית צפאפא
ביר עונה 13,בית צפאפא
ביר עונה 14,בית צפאפא
ביר עונה 150,בית צפאפא
ביר עונה 16,בית צפאפא
ביר עונה 17,בית צפאפא
ביר עונה 18,בית צפאפא
ביר עונה 2,בית צפאפא
ביר עונה 20,בית צפאפא
ביר עונה 21,בית צפאפא
ביר עונה 24,בית צפאפא
ביר עונה 25,בית צפאפא
ביר עונה 3,בית צפאפא
ביר עונה 31,בית צפאפא
ביר עונה 32,בית צפאפא
ביר עונה 34,בית צפאפא
ביר עונה 36,בית צפאפא
ביר עונה 37,בית צפאפא
ביר עונה 39,בית צפאפא
ביר עונה 4,בית צפאפא
ביר עונה 40,בית צפאפא
ביר עונה 5,בית צפאפא
ביר עונה 59,בית צפאפא
ביר עונה 6,בית צפאפא
ביר עונה 7,בית צפאפא
ביר עונה 8,בית צפאפא
ביר עונה 9,בית צפאפא
ביר עונה 999,בית צפאפא
בירנבאום 5,גאולה
בית אל 17,הרובע היהודי
בית אל 31,הרובע היהודי
בית אל 32,הרובע היהודי
בית אל 4,הרובע היהודי
בית אשל 1,קטמון
בית אשל 3,קטמון
בית אשל 4,קטמון
בית אשל 6,קטמון
בית אשל 8,קטמון
בית גאלה,בית צפאפא
בית גאלה 684,בית צפאפא
בית הכרם 10,בית הכרם
בית הכרם 11,בית הכרם
בית הכרם 14,בית הכרם
בית הכרם 15,בית הכרם
בית הכרם 16,בית הכרם
בית הכרם 170,בית הכרם
בית הכרם 173,בית הכרם
בית הכרם 179,בית הכרם
בית הכרם 18,בית הכרם
בית הכרם 185,בית הכרם
בית הכרם 199,בית הכרם
בית הכרם 20,בית הכרם
בית הכרם 21,בית הכרם
בית הכרם 23,בית הכרם
בית הכרם 25,בית הכרם
בית הכרם 26,בית הכרם
בית הכרם 27,בית הכרם
בית הכרם 3,בית הכרם
בית הכרם 32,בית הכרם
בית הכרם 4,בית הכרם
בית הכרם 6,בית הכרם
בית הכרם 7,בית הכרם
בית הכרם 8,בית הכרם
בית הכרם 9,בית הכרם
בית הערבה 10,ארנונה
בית הערבה 11,ארנונה
בית הערבה 12,ארנונה
בית הערבה 13,ארנונה
בית הערבה 14,ארנונה
בית הערבה 15,ארנונה
בית הערבה 16,ארנונה
בית הערבה 21,ארנונה
בית הערבה 22,ארנונה
בית הערבה 23,ארנונה
בית הערבה 25,ארנונה
בית הערבה 26,ארנונה
בית הערבה 27,ארנונה
בית הערבה 29,ארנונה
בית הערבה 3,ארנונה
בית הערבה 30,ארנונה
בית הערבה 31,ארנונה
בית הערבה 32,ארנונה
בית הערבה 33,ארנונה
בית הערבה 34,ארנונה
בית הערבה 35,ארנונה
בית הערבה 36,ארנונה
בית הערבה 37,ארנונה
בית הערבה 38,ארנונה
בית הערבה 39,ארנונה
בית הערבה 4,ארנונה
בית הערבה 40,ארנונה
בית הערבה 41,ארנונה
בית הערבה 42,ארנונה
בית הערבה 5,ארנונה
בית הערבה 8,ארנונה
בית הערבה 9,ארנונה
בית הערבה 999,ארנונה
בית השואבה 10,הרובע היהודי
בית השואבה 2,הרובע היהודי
בית השואבה 4,הרובע היהודי
בית השואבה 6,הרובע היהודי
בית השואבה 8,הרובע היהודי
בית וגן 103,בית וגן
בית וגן 105,בית וגן
בית וגן 107,בית וגן
בית וגן 109,בית וגן
בית וגן 11,בית וגן
בית וגן 110,בית וגן
בית וגן 111,בית וגן
בית וגן 1111,בית וגן
בית וגן 115,בית וגן
בית וגן 117,בית וגן
בית וגן 12,בית וגן
בית וגן 14,בית וגן
בית וגן 149,בית וגן
בית וגן 16,בית וגן
בית וגן 17,בית וגן
בית וגן 19,בית וגן
בית וגן 2,בית וגן
בית וגן 20,בית וגן
בית וגן 21,בית וגן
בית וגן 22,בית וגן
בית וגן 23,בית וגן
בית וגן 24,בית וגן
בית וגן 25,בית וגן
בית וגן 26,בית וגן
בית וגן 27,בית וגן
בית וגן 3,בית וגן
בית וגן 33,בית וגן
בית וגן 34,בית וגן
בית וגן 35,בית וגן
בית וגן 36,בית וגן
בית וגן 37,בית וגן
בית וגן 38,בית וגן
בית וגן 4,בית וגן
בית וגן 45,בית וגן
בית וגן 47,בית וגן
בית וגן 50,בית וגן
בית וגן 51,בית וגן
בית וגן 52,בית וגן
בית וגן 53,בית וגן
בית וגן 54,בית וגן
בית וגן 55,בית וגן
בית וגן 57,בית וגן
בית וגן 59,בית וגן
בית וגן 60,בית וגן
בית וגן 61,בית וגן
בית וגן 62,בית וגן
בית וגן 63,בית וגן
בית וגן 68,בית וגן
בית וגן 70,בית וגן
בית וגן 71,בית וגן
בית וגן 74,בית וגן
בית וגן 75,בית וגן
בית וגן 76,בית וגן
בית וגן 77,בית וגן
בית וגן 78,בית וגן
בית וגן 79,בית וגן
בית וגן 80,בית וגן
בית וגן 81,בית וגן
בית וגן 82,בית וגן
בית וגן 83,בית וגן
בית וגן 84,בית וגן
בית וגן 85,בית וגן
בית וגן 86,בית וגן
בית וגן 87,בית וגן
בית וגן 89,בית וגן
בית וגן 90,בית וגן
בית וגן 91,בית וגן
בית וגן 92,בית וגן
בית וגן 93,בית וגן
בית וגן 94,בית וגן
בית וגן 95,בית וגן
בית וגן 96,בית וגן
בית חגלה 3,תלפיות
בית חגלה 4,תלפיות
בית חגלה 5,תלפיות
בית חגלה 6,תלפיות
בית חנינא החדשה 102,בית חנינא
בית חנינא החדשה 111,בית חנינא
בית חנינא החדשה 113,בית חנינא
בית חנינא החדשה 114,בית חנינא
בית חנינא החדשה 118,בית חנינא
בית חנינא החדשה 12,בית חנינא
בית חנינא החדשה 123,בית חנינא
בית חנינא החדשה 126,בית חנינא
בית חנינא החדשה 128,בית חנינא
בית חנינא החדשה 131,בית חנינא
בית חנינא החדשה 14,בית חנינא
בית חנינא החדשה 161,בית חנינא
בית חנינא החדשה 18,בית חנינא
בית חנינא החדשה 19,בית חנינא
בית חנינא החדשה 20,בית חנינא
בית חנינא החדשה 21,בית חנינא
בית חנינא החדשה 23,בית חנינא
בית חנינא החדשה 24,בית חנינא
בית חנינא החדשה 283,בית חנינא
בית חנינא החדשה 301,בית חנינא
בית חנינא החדשה 32,בית חנינא
בית חנינא החדשה 33,בית חנינא
בית חנינא החדשה 34,בית חנינא
בית חנינא החדשה 44,בית חנינא
בית חנינא החדשה 46,בית חנינא
בית חנינא החדשה 49,בית חנינא
בית חנינא החדשה 50,בית חנינא
בית חנינא החדשה 513,בית חנינא
בית חנינא החדשה 53,בית חנינא
בית חנינא החדשה 54,בית חנינא
בית חנינא החדשה 601,בית חנינא
בית חנינא החדשה 604,בית חנינא
בית חנינא החדשה 609,בית חנינא
בית חנינא החדשה 611,בית חנינא
בית חנינא החדשה 614,בית חנינא
בית חנינא החדשה 64,בית חנינא
בית חנינא החדשה 66,בית חנינא
בית חנינא החדשה 79,בית חנינא
בית חנינא החדשה 8,בית חנינא
בית חנינא החדשה 85,בית חנינא
בית חנינא החדשה 86,בית חנינא
בית חנינא החדשה 89,בית חנינא
בית חנינא החדשה 97,בית חנינא
בית חנינא החדשה 99,בית חנינא
בית ישראל 10,בית ישראל
בית ישראל 16,בית ישראל
בית ישראל 20,בית ישראל
בית ישראל 22,בית ישראל
בית ישראל 25,בית ישראל
בית ישראל 26,בית ישראל
בית ישראל 29,בית ישראל
בית ישראל 31,בית ישראל
בית ישראל 33,בית ישראל
בית ישראל 35,בית ישראל
בית ישראל 36,בית ישראל
בית ישראל 37,בית ישראל
בית ישראל 38,בית ישראל
בית ישראל 39,בית ישראל
בית ישראל 40,בית ישראל
בית ישראל 41,בית ישראל
בית ישראל 42,בית ישראל
בית ישראל 44,בית ישראל
בית ישראל 48,בית ישראל
בית ישראל 6,בית ישראל
בית ישראל 8,בית ישראל
בית ישראל 9,בית ישראל
בית צור 2,נחלאות
בית צור 3,נחלאות
בית צור 4,נחלאות
בית צור 5,נחלאות
בית צור 6,נחלאות
בית צור 8,נחלאות
בית צורי אליהו 1,תלפיות מזרח
בית צורי אליהו 3,תלפיות מזרח
בית צורי אליהו 5,תלפיות מזרח
בית צורי אליהו 7,תלפיות מזרח
בית צפפה 0,בית צפאפא
בית צפפה 10,בית צפאפא
בית צפפה 11,בית צפאפא
בית צפפה 12,בית צפאפא
בית צפפה 13,בית צפאפא
בית צפפה 142,בית צפאפא
בית צפפה 17,בית צפאפא
בית צפפה 18,בית צפאפא
בית צפפה 19,בית צפאפא
בית צפפה 20,בית צפאפא
בית צפפה 276,בית צפאפא
בית צפפה 28,בית צפאפא
בית צפפה 282,בית צפאפא
בית צפפה 283,בית צפאפא
בית צפפה 284,בית צפאפא
בית צפפה 29,בית צפאפא
בית צפפה 30,בית צפאפא
בית צפפה 31,בית צפאפא
בית צפפה 33,בית צפאפא
בית צפפה 35,בית צפאפא
בית צפפה 37,בית צפאפא
בית צפפה 39,בית צפאפא
בית צפפה 41,בית צפאפא
בית צפפה 42,בית צפאפא
בית צפפה 44,בית צפאפא
בית צפפה 46,בית צפאפא
בית צפפה 47,בית צפאפא
בית צפפה 49,בית צפאפא
בית צפפה 51,בית צפאפא
בית צפפה 54,בית צפאפא
בית צפפה 55,בית צפאפא
בית צפפה 6,בית צפאפא
בית צפפה 64,בית צפאפא
בית צפפה 687,בית צפאפא
בית צפפה 7,בית צפאפא
בית צפפה 70,בית צפאפא
בית צפפה 72,בית צפאפא
בית צפפה 74,בית צפאפא
בית צפפה 76,בית צפאפא
בית צפפה 77,בית צפאפא
בית צפפה 8,בית צפאפא
בית צפפה 83,בית צפאפא
בית צפפה 9,בית צפאפא
בית צפפה 980,בית צפאפא
בית צפפה 982,בית צפאפא
בית צפפה 984,בית צפאפא
בית צפפה 985,בית צפאפא
בית צפפה 986,בית צפאפא
בית צפפה 99,בית צפאפא
בית שערים 2,גבעת שאול
בית שערים 4,גבעת שאול
בית שערים 6,גבעת שאול
בית שערים 7,גבעת שאול
ביתר 10,תלפיות
ביתר 11,תלפיות
ביתר 13,תלפיות
ביתר 14,תלפיות
ביתר 15,תלפיות
ביתר 17,תלפיות
ביתר 19,תלפיות
ביתר 22,תלפיות
ביתר 24,תלפיות
ביתר 26,תלפיות
ביתר 28,תלפיות
ביתר 32,תלפיות
ביתר 34,תלפיות
ביתר 36,תלפיות
ביתר 38,תלפיות
ביתר 40,תלפיות
ביתר 42,תלפיות
ביתר 44,תלפיות
ביתר 5,תלפיות
ביתר 7,תלפיות
ביתר 8,תלפיות
ביתר 9,תלפיות
בכר נסים 1,נחלאות
בכר נסים 11,נחלאות
בכר נסים 12,נחלאות
בכר נסים 13,נחלאות
בכר נסים 17,נחלאות
בכר נסים 19,נחלאות
בכר נסים 21,נחלאות
בכר נסים 23,נחלאות
בכר נסים 24,נחלאות
בכר נסים 25,נחלאות
בכר נסים 26,נחלאות
בכר נסים 28,נחלאות
בכר נסים 29,נחלאות
בכר נסים 3,נחלאות
בכר נסים 32,נחלאות
בכר נסים 33,נחלאות
בכר נסים 34,נחלאות
בכר נסים 36,נחלאות
בכר נסים 38,נחלאות
בכר נסים 40,נחלאות
בכר נסים 44,נחלאות
בכר נסים 5,נחלאות
בכר נסים 7,נחלאות
בכר נסים 9,נחלאות
בלבן מאיר 10,נווה יעקב
בלבן מאיר 11,נווה יעקב
בלבן מאיר 13,נווה יעקב
בלבן מאיר 15,נווה יעקב
בלבן מאיר 16,נווה יעקב
בלבן מאיר 17,נווה יעקב
בלבן מאיר 18,נווה יעקב
בלבן מאיר 19,נווה יעקב
בלבן מאיר 20,נווה יעקב
בלבן מאיר 23,נווה יעקב
בלבן מאיר 25,נווה יעקב
בלבן מאיר 27,נווה יעקב
בלבן מאיר 3,נווה יעקב
בלבן מאיר 5,נווה יעקב
בלבן מאיר 61,נווה יעקב
בלבן מאיר 9,נווה יעקב
בלומנפלד 10,קרית היובל
בלומנפלד 11,קרית היובל
בלומנפלד 12,קרית היובל
בלומנפלד 13,קרית היובל
בלומנפלד 14,קרית היובל
בלומנפלד 15,קרית היובל
בלומנפלד 16,קרית היובל
בלומנפלד 17,קרית היובל
בלומנפלד 18,קרית היובל
בלומנפלד 19,קרית היובל
בלומנפלד 20,קרית היובל
בלומנפלד 21,קרית היובל
בלומנפלד 23,קרית היובל
בלומנפלד 25,קרית היובל
בלומנפלד 27,קרית היובל
בלומנפלד 29,קרית היובל
בלומנפלד 3,קרית היובל
בלומנפלד 31,קרית היובל
בלומנפלד 33,קרית היובל
בלומנפלד 35,קרית היובל
בלומנפלד 4,קרית היובל
בלומנפלד 5,קרית היובל
בלומנפלד 6,קרית היובל
בלומנפלד 7,קרית היובל
בלומנפלד 8,קרית היובל
בלומנפלד 9,קרית היובל
בלילוס 3,מרכז העיר
בלילוס 8,מרכז העיר
בלפור 10,טלביה
בלפור 12,טלביה
בלפור 14,טלביה
בלפור 15,טלביה
בלפור 16,טלביה
בלפור 17,טלביה
בלפור 18,טלביה
בלפור 19,טלביה
בלפור 2,טלביה
בלפור 20,טלביה
בלפור 21,טלביה
בלפור 4,טלביה
בלפור 7,טלביה
בלפור 9,טלביה
בן אליעזר אריה 11,גילה
בן אליעזר אריה 15,גילה
בן אליעזר אריה 23,גילה
בן אליעזר אריה 25,גילה
בן אליעזר אריה 27,גילה
בן אליעזר אריה 29,גילה
בן אליעזר אריה 3,גילה
בן אליעזר אריה 31,גילה
בן אליעזר אריה 33,גילה
בן אליעזר אריה 35,גילה
בן אליעזר אריה 39,גילה
בן אליעזר אריה 41,גילה
בן אליעזר אריה 43,גילה
בן אליעזר אריה 45,גילה
בן אליעזר אריה 47,גילה
בן אליעזר אריה 49,גילה
בן אליעזר אריה 5,גילה
בן אליעזר אריה 51,גילה
בן אליעזר אריה 53,גילה
בן אליעזר אריה 55,גילה
בן אליעזר אריה 57,גילה
בן אליעזר אריה 59,גילה
בן אליעזר אריה 63,גילה
בן אליעזר אריה 65,גילה
בן אליעזר אריה 67,גילה
בן אליעזר אריה 69,גילה
בן אליעזר אריה 7,גילה
בן אליעזר אריה 71,גילה
בן אליעזר אריה 75,גילה
בן אליעזר אריה 77,גילה
בן אליעזר אריה 79,גילה
בן אליעזר אריה 80,גילה
בן אליעזר אריה 81,גילה
בן אליעזר אריה 82,גילה
בן אליעזר אריה 83,גילה
בן אליעזר אריה 84,גילה
בן אליעזר אריה 85,גילה
בן אליעזר אריה 86,גילה
בן אליעזר אריה 87,גילה
בן אליעזר אריה 88,גילה
בן אליעזר אריה 9,גילה
בן אליעזר אריה 90,גילה
בן גבריאל 3,תלפיות
בן גבריאל 7,תלפיות
בן גבריאל 9,תלפיות
בן גוביל מעאדי 5,שועפאט
בן גמלא יהושע 1,קטמון
בן גמלא יהושע 10,קטמון
בן גמלא יהושע 12,קטמון
בן גמלא יהושע 14,קטמון
בן גמלא יהושע 16,קטמון
בן גמלא יהושע 17,קטמון
בן גמלא יהושע 18,קטמון
בן גמלא יהושע 45,קטמון
בן גמלא יהושע 5,קטמון
בן גמלא יהושע 8,קטמון
בן דב יעקב 5,תלפיות
בן דב יעקב 7,תלפיות
בן דור יצחק 1,תלפיות מזרח
בן דור יצחק 11,תלפיות מזרח
בן דור יצחק 17,תלפיות מזרח
בן דור יצחק 19,תלפיות מזרח
בן דור יצחק 21,תלפיות מזרח
בן דור יצחק 3,תלפיות מזרח
בן דור יצחק 7,תלפיות מזרח
בן דור יצחק 9,תלפיות מזרח
בן הלל 13,מרכז העיר
בן זאב ישראל 10,רמות
בן זאב ישראל 12,רמות
בן זאב ישראל 13,רמות
בן זאב ישראל 14,רמות
בן זאב ישראל 15,רמות
בן זאב ישראל 16,רמות
בן זאב ישראל 17,רמות
בן זאב ישראל 19,רמות
בן זאב ישראל 2,רמות
בן זאב ישראל 21,רמות
בן זאב ישראל 23,רמות
בן זאב ישראל 3,רמות
בן זאב ישראל 4,רמות
בן זאב ישראל 7,רמות
בן זאב ישראל 8,רמות
בן חמו שמעון 13,הר חומה
בן חמו שמעון 15,הר חומה
בן חמו שמעון 17,הר חומה
בן חמו שמעון 19,הר חומה
בן חמו שמעון 21,הר חומה
בן חמו שמעון 23,הר חומה
בן חמו שמעון 26,הר חומה
בן חמו שמעון 28,הר חומה
בן חמו שמעון 30,הר חומה
בן חמו שמעון 7,הר חומה
בן חמו שמעון 9,הר חומה
בן חפץ טוביה 11,גוננים
בן חפץ טוביה 14,גוננים
בן חפץ טוביה 9,גוננים
בן טבאי 2,גוננים
בן טבאי 4,גוננים
בן טבאי 5,גוננים
בן טבאי 6,גוננים
בן יאיר אלעזר 1,גוננים
בן יאיר אלעזר 10,גוננים
בן יאיר אלעזר 12,גוננים
בן יאיר אלעזר 13,גוננים
בן יאיר אלעזר 15,גוננים
בן יאיר אלעזר 16,גוננים
בן יאיר אלעזר 17,גוננים
בן יאיר אלעזר 18,גוננים
בן יאיר אלעזר 19,גוננים
בן יאיר אלעזר 2,גוננים
בן יאיר אלעזר 20,גוננים
בן יאיר אלעזר 21,גוננים
בן יאיר אלעזר 22,גוננים
בן יאיר אלעזר 23,גוננים
בן יאיר אלעזר 24,גוננים
בן יאיר אלעזר 25,גוננים
בן יאיר אלעזר 26,גוננים
בן יאיר אלעזר 3,גוננים
בן יאיר אלעזר 4,גוננים
בן יאיר אלעזר 5,גוננים
בן יאיר אלעזר 7,גוננים
בן יאיר אלעזר 8,גוננים
בן יאיר אלעזר 9,גוננים
בן יהודה 38,מרכז העיר
בן יוסף שלמה 1,תלפיות מזרח
בן יוסף שלמה 11,תלפיות מזרח
בן יוסף שלמה 13,תלפיות מזרח
בן יוסף שלמה 131,תלפיות מזרח
בן יוסף שלמה 133,תלפיות מזרח
בן יוסף שלמה 15,תלפיות מזרח
בן יוסף שלמה 16,תלפיות מזרח
בן יוסף שלמה 17,תלפיות מזרח
בן יוסף שלמה 18,תלפיות מזרח
בן יוסף שלמה 19,תלפיות מזרח
בן יוסף שלמה 2,תלפיות מזרח
בן יוסף שלמה 22,תלפיות מזרח
בן יוסף שלמה 23,תלפיות מזרח
בן יוסף שלמה 24,תלפיות מזרח
בן יוסף שלמה 241,תלפיות מזרח
בן יוסף שלמה 243,תלפיות מזרח
בן יוסף שלמה 251,תלפיות מזרח
בן יוסף שלמה 252,תלפיות מזרח
בן יוסף שלמה 26,תלפיות מזרח
בן יוסף שלמה 28,תלפיות מזרח
בן יוסף שלמה 29,תלפיות מזרח
בן יוסף שלמה 3,תלפיות מזרח
בן יוסף שלמה 30,תלפיות מזרח
בן יוסף שלמה 302,תלפיות מזרח
בן יוסף שלמה 31,תלפיות מזרח
בן יוסף שלמה 32,תלפיות מזרח
בן יוסף שלמה 33,תלפיות מזרח
בן יוסף שלמה 34,תלפיות מזרח
בן יוסף שלמה 341,תלפיות מזרח
בן יוסף שלמה 35,תלפיות מזרח
בן יוסף שלמה 36,תלפיות מזרח
בן יוסף שלמה 37,תלפיות מזרח
בן יוסף שלמה 38,תלפיות מזרח
בן יוסף שלמה 40,תלפיות מזרח
בן יוסף שלמה 41,תלפיות מזרח
בן יוסף שלמה 43,תלפיות מזרח
בן יוסף שלמה 46,תלפיות מזרח
בן יוסף שלמה 47,תלפיות מזרח
בן יוסף שלמה 48,תלפיות מזרח
בן יוסף שלמה 49,תלפיות מזרח
בן יוסף שלמה 5,תלפיות מזרח
בן יוסף שלמה 51,תלפיות מזרח
בן יוסף שלמה 6,תלפיות מזרח
בן יוסף שלמה 8,תלפיות מזרח
בן יוסף שלמה 9,תלפיות מזרח
בן יחזקאל מרדכי 1,רמות
בן יחזקאל מרדכי 2,רמות
בן יחזקאל מרדכי 3,רמות
בן יחזקאל מרדכי 4,רמות
בן יחזקאל מרדכי 5,רמות
בן יחזקאל מרדכי 7,רמות
בן יפונה 1,בקעה
בן יפונה 10,בקעה
בן יפונה 12,בקעה
בן יפונה 13,בקעה
בן יפונה 2,בקעה
בן יפונה 4,בקעה
בן יפונה 5,בקעה
בן יפונה 6,בקעה
בן יפונה 7,בקעה
בן יפונה 8,בקעה
בן יפונה 9,בקעה
בן לברט 11,רחביה
בן לברט 13,רחביה
בן לברט 2,רחביה
בן לברט 3,רחביה
בן לברט 4,רחביה
בן לברט 5,רחביה
בן לברט 7,רחביה
בן לברט 8,רחביה
בן לברט 9,רחביה
בן נריה ברוך 10,נחלאות
בן נריה ברוך 12,נחלאות
בן נריה ברוך 14,נחלאות
בן נריה ברוך 16,נחלאות
בן נריה ברוך 18,נחלאות
בן נריה ברוך 20,נחלאות
בן נריה ברוך 4,נחלאות
בן נריה ברוך 6,נחלאות
בן נריה ברוך 7,נחלאות
בן סרוק 4,רחביה
בן סרוק 6,רחביה
בן סרוק 8,רחביה
בן עדיה שמואל,וואדי אל-ג'וז
בן עדיה שמואל 10,וואדי אל-ג'וז
בן עדיה שמואל 102,וואדי אל-ג'וז
בן עדיה שמואל 11,וואדי אל-ג'וז
בן עדיה שמואל 12,וואדי אל-ג'וז
בן עדיה שמואל 13,וואדי אל-ג'וז
בן עדיה שמואל 15,וואדי אל-ג'וז
בן עדיה שמואל 2,וואדי אל-ג'וז
בן עדיה שמואל 4,וואדי אל-ג'וז
בן עדיה שמואל 5,וואדי אל-ג'וז
בן עדיה שמואל 53,וואדי אל-ג'וז
בן עדיה שמואל 67,וואדי אל-ג'וז
בן עדיה שמואל 69,וואדי אל-ג'וז
בן עדיה שמואל 7,וואדי אל-ג'וז
בן עדיה שמואל 70,וואדי אל-ג'וז
בן עדיה שמואל 74,וואדי אל-ג'וז
בן עדיה שמואל 796,וואדי אל-ג'וז
בן עדיה שמואל 80,וואדי אל-ג'וז
בן עדיה שמואל 82,וואדי אל-ג'וז
בן עדיה שמואל 90,וואדי אל-ג'וז
בן עדיה שמואל 98,וואדי אל-ג'וז
בן עדיה שמואל 999,וואדי אל-ג'וז
בן עוזיאל 11,גבעת שאול
בן עוזיאל 14,גבעת שאול
בן עוזיאל 17,גבעת שאול
בן עוזיאל 18,גבעת שאול
בן עוזיאל 20,גבעת שאול
בן עוזיאל 22,גבעת שאול
בן עוזיאל 24,גבעת שאול
בן עוזיאל 39,גבעת שאול
בן עזאי 10,בקעה
בן עזאי 11,בקעה
בן עזאי 2,בקעה
בן עזאי 4,בקעה
בן עזאי 6,בקעה
בן עזאי 7,בקעה
בן עזאי 8,בקעה
בן עזאי 9,בקעה
בן עטר 1,רמות
בן עטר 3,רמות
בן עטר 327,רמות
בן עטר 328,רמות
בן עטר 329,רמות
בן עטר 7,רמות
בן עמרם 10,בוכרים
בן עמרם 2,בוכרים
בן עמרם 4,בוכרים
בן עמרם 6,בוכרים
בן ציון 10,גבעת שאול
בן ציון 11,גבעת שאול
בן ציון 12,גבעת שאול
בן ציון 14,גבעת שאול
בן ציון 17,גבעת שאול
בן ציון 20,גבעת שאול
בן ציון 23,גבעת שאול
בן ציון 25,גבעת שאול
בן ציון 26,גבעת שאול
בן ציון 6,גבעת שאול
בן ציון 8,גבעת שאול
בן רבאח בילאל 11,שועפאט
בן רבאח בילאל 13,שועפאט
בן רבאח בילאל 15,שועפאט
בן רבאח בילאל 16,שועפאט
בן רבאח בילאל 17,שועפאט
בן רבאח בילאל 19,שועפאט
בן רבאח בילאל 21,שועפאט
בן רבאח בילאל 23,שועפאט
בן רבאח בילאל 24,שועפאט
בן רבאח בילאל 27,שועפאט
בן רבאח בילאל 36,שועפאט
בן רבאח בילאל 37,שועפאט
בן רבאח בילאל 5,שועפאט
בן רבאח בילאל 52,שועפאט
בן רבאח בילאל 6,שועפאט
בן רבאח בילאל 7,שועפאט
בן רבאח בילאל 8,שועפאט
בן רבאח בילאל 9,שועפאט
בן שדאד ענטרה 3,באב א-זהרה
בן שדאד ענטרה 9,באב א-זהרה
בני אומייה,וואדי אל-ג'וז
בני אומייה 2,וואדי אל-ג'וז
בני אומייה 3,וואדי אל-ג'וז
בני אומייה 6,וואדי אל-ג'וז
בני אומייה 7,וואדי אל-ג'וז
בני אומייה 8,וואדי אל-ג'וז
בני ברית 10,מרכז העיר
בני ברית 11,מרכז העיר
בני ברית 12,מרכז העיר
בני ברית 14,מרכז העיר
בני ברית 3,מרכז העיר
בני ברית 5,מרכז העיר
בני ברית 6,מרכז העיר
בני ברית 8,מרכז העיר
בני בתירא 11,גוננים
בני בתירא 13,גוננים
בני בתירא 7,גוננים
בני בתירא 9,גוננים
בנימין מטודלה 10,רחביה
בנימין מטודלה 11,רחביה
בנימין מטודלה 12,רחביה
בנימין מטודלה 13,רחביה
בנימין מטודלה 14,רחביה
בנימין מטודלה 15,רחביה
בנימין מטודלה 16,רחביה
בנימין מטודלה 17,רחביה
בנימין מטודלה 18,רחביה
בנימין מטודלה 19,רחביה
בנימין מטודלה 20,רחביה
בנימין מטודלה 21,רחביה
בנימין מטודלה 23,רחביה
בנימין מטודלה 24,רחביה
בנימין מטודלה 25,רחביה
בנימין מטודלה 26,רחביה
בנימין מטודלה 27,רחביה
בנימין מטודלה 3,רחביה
בנימין מטודלה 34,רחביה
בנימין מטודלה 36,רחביה
בנימין מטודלה 40,רחביה
בנימין מטודלה 6,רחביה
בנימין מטודלה 9,רחביה
בעהם אריה 4,גוננים
בעהם אריה 5,גוננים
בעל השאילתות 10,גבעת שאול
בעל השאילתות 11,גבעת שאול
בעל השאילתות 12,גבעת שאול
בעל השאילתות 13,גבעת שאול
בעל השאילתות 15,גבעת שאול
בעל השאילתות 18,גבעת שאול
בעל השאילתות 20,גבעת שאול
בעל השאילתות 4,גבעת שאול
בעל השאילתות 6,גבעת שאול
בעל השאילתות 8,גבעת שאול
בעל השאילתות 9,גבעת שאול
בעל התניא 6,מאה שערים
בעל התניא 8,מאה שערים
בצלאל 100,נחלאות
בצלאל 102,נחלאות
בצלאל 13,מרכז העיר
בצלאל 18,נחלאות
בצלאל 23,נחלאות
בצלאל 24,נחלאות
בצלאל 29,נחלאות
בצלאל 3,נחלאות
בצלאל 31,נחלאות
בצלאל 33,נחלאות
בצלאל 37,נחלאות
בצלאל 39,נחלאות
בצלאל 41,נחלאות
בצלאל 43,נחלאות
בצלאל 45,נחלאות
בצלאל 47,נחלאות
בצלאל 49,נחלאות
בצלאל 59,נחלאות
בצלאל 65,נחלאות
בצלאל 96,נחלאות
בצלאל 98,נחלאות
בצראווי בצלאל 1,פסגת זאב
בצראווי בצלאל 10,פסגת זאב
בצראווי בצלאל 11,פסגת זאב
בצראווי בצלאל 12,פסגת זאב
בצראווי בצלאל 13,פסגת זאב
בצראווי בצלאל 14,פסגת זאב
בצראווי בצלאל 15,פסגת זאב
בצראווי בצלאל 16,פסגת זאב
בצראווי בצלאל 17,פסגת זאב
בצראווי בצלאל 18,פסגת זאב
בצראווי בצלאל 19,פסגת זאב
בצראווי בצלאל 2,פסגת זאב
בצראווי בצלאל 21,פסגת זאב
בצראווי בצלאל 22,פסגת זאב
בצראווי בצלאל 23,פסגת זאב
בצראווי בצלאל 24,פסגת זאב
בצראווי בצלאל 25,פסגת זאב
בצראווי בצלאל 26,פסגת זאב
בצראווי בצלאל 27,פסגת זאב
בצראווי בצלאל 3,פסגת זאב
בצראווי בצלאל 4,פסגת זאב
בצראווי בצלאל 5,פסגת זאב
בצראווי בצלאל 6,פסגת זאב
בצראווי בצלאל 7,פסגת זאב
בצראווי בצלאל 8,פסגת זאב
בצראווי בצלאל 9,פסגת זאב
בק 10,רוממה
בק 11,רוממה
בק 12,רוממה
בק 14,רוממה
בק 15,רוממה
בק 16,רוממה
בק 17,רוממה
בק 18,רוממה
בק 19,רוממה
בק 2,רוממה
בק 20,רוממה
בק 22,רוממה
בק 24,רוממה
בק 25,רוממה
בק 26,רוממה
בק 27,רוממה
בק 28,רוממה
בק 29,רוממה
בק 31,רוממה
בק 6,רוממה
בק 7,רוממה
בק 8,רוממה
בק 9,רוממה
בר און אורי 1,פסגת זאב
בר און אורי 10,פסגת זאב
בר און אורי 11,פסגת זאב
בר און אורי 12,פסגת זאב
בר און אורי 13,פסגת זאב
בר און אורי 14,פסגת זאב
בר און אורי 15,פסגת זאב
בר און אורי 16,פסגת זאב
בר און אורי 17,פסגת זאב
בר און אורי 18,פסגת זאב
בר און אורי 19,פסגת זאב
בר און אורי 20,פסגת זאב
בר און אורי 21,פסגת זאב
בר און אורי 23,פסגת זאב
בר און אורי 24,פסגת זאב
בר און אורי 25,פסגת זאב
בר און אורי 26,פסגת זאב
בר און אורי 27,פסגת זאב
בר און אורי 28,פסגת זאב
בר און אורי 29,פסגת זאב
בר און אורי 30,פסגת זאב
בר און אורי 31,פסגת זאב
בר און אורי 32,פסגת זאב
בר און אורי 33,פסגת זאב
בר און אורי 34,פסגת זאב
בר און אורי 35,פסגת זאב
בר און אורי 36,פסגת זאב
בר און אורי 37,פסגת זאב
בר און אורי 38,פסגת זאב
בר און אורי 39,פסגת זאב
בר און אורי 40,פסגת זאב
בר און אורי 41,פסגת זאב
בר און אורי 43,פסגת זאב
בר און אורי 45,פסגת זאב
בר און אורי 47,פסגת זאב
בר און אורי 5,פסגת זאב
בר און אורי 6,פסגת זאב
בר און אורי 8,פסגת זאב
בר אילן 22,רוממה
בר אילן 24,רוממה
בר אילן 27,רוממה
בר אילן 28,רוממה
בר אילן 29,רוממה
בר אילן 33,רוממה
בר אילן 35,רוממה
בר אילן 37,רוממה
בר גיורא 10,מקור ברוך
בר גיורא 11,מקור ברוך
בר גיורא 12,מקור ברוך
בר גיורא 13,מקור ברוך
בר גיורא 14,מקור ברוך
בר גיורא 16,מקור ברוך
בר גיורא 18,מקור ברוך
בר גיורא 20,מקור ברוך
בר גיורא 22,מקור ברוך
בר גיורא 24,מקור ברוך
בר גיורא 3,מקור ברוך
בר גיורא 32,מקור ברוך
בר גיורא 34,מקור ברוך
בר גיורא 36,מקור ברוך
בר גיורא 4,מקור ברוך
בר גיורא 5,מקור ברוך
בר גיורא 6,מקור ברוך
בר גיורא 7,מקור ברוך
בר גיורא 8,מקור ברוך
בר גיורא 9,מקור ברוך
בר יוחאי 10,גוננים
בר יוחאי 102,גוננים
בר יוחאי 12,גוננים
בר יוחאי 13,גוננים
בר יוחאי 14,גוננים
בר יוחאי 21,גוננים
בר יוחאי 23,גוננים
בר יוחאי 4,גוננים
בר יוחאי 52,גוננים
בר יוחאי 7,גוננים
בר יוחאי 8,גוננים
בר יוחאי 9,גוננים
בר יקר דב 11,נווה יעקב
בר יקר דב 13,נווה יעקב
בר יקר דב 1414,נווה יעקב
בר יקר דב 7,נווה יעקב
בר יקר דב 9,נווה יעקב
בר כוכבא 1,הגבעה הצרפתית
בר כוכבא 10,הגבעה הצרפתית
בר כוכבא 11,הגבעה הצרפתית
בר כוכבא 12,הגבעה הצרפתית
בר כוכבא 13,הגבעה הצרפתית
בר כוכבא 14,הגבעה הצרפתית
בר כוכבא 15,הגבעה הצרפתית
בר כוכבא 16,הגבעה הצרפתית
בר כוכבא 18,הגבעה הצרפתית
בר כוכבא 19,הגבעה הצרפתית
בר כוכבא 2,הגבעה הצרפתית
בר כוכבא 22,הגבעה הצרפתית
בר כוכבא 26,הגבעה הצרפתית
בר כוכבא 28,הגבעה הצרפתית
בר כוכבא 3,הגבעה הצרפתית
בר כוכבא 4,הגבעה הצרפתית
בר כוכבא 405,הגבעה הצרפתית
בר כוכבא 41,הגבעה הצרפתית
בר כוכבא 43,הגבעה הצרפתית
בר כוכבא 45,הגבעה הצרפתית
בר כוכבא 47,הגבעה הצרפתית
בר כוכבא 48,הגבעה הצרפתית
בר כוכבא 49,הגבעה הצרפתית
בר כוכבא 50,הגבעה הצרפתית
בר כוכבא 51,הגבעה הצרפתית
בר כוכבא 52,הגבעה הצרפתית
בר כוכבא 53,הגבעה הצרפתית
בר כוכבא 54,הגבעה הצרפתית
בר כוכבא 55,הגבעה הצרפתית
בר כוכבא 58,הגבעה הצרפתית
בר כוכבא 59,הגבעה הצרפתית
בר כוכבא 6,הגבעה הצרפתית
בר כוכבא 61,הגבעה הצרפתית
בר כוכבא 63,הגבעה הצרפתית
בר כוכבא 65,הגבעה הצרפתית
בר כוכבא 67,הגבעה הצרפתית
בר כוכבא 69,הגבעה הצרפתית
בר כוכבא 7,הגבעה הצרפתית
בר כוכבא 70,הגבעה הצרפתית
בר כוכבא 71,הגבעה הצרפתית
בר כוכבא 73,הגבעה הצרפתית
בר כוכבא 75,הגבעה הצרפתית
בר כוכבא 77,הגבעה הצרפתית
בר כוכבא 79,הגבעה הצרפתית
בר כוכבא 8,הגבעה הצרפתית
בר כוכבא 81,הגבעה הצרפתית
בר כוכבא 83,הגבעה הצרפתית
בר כוכבא 87,הגבעה הצרפתית
בר כוכבא 89,הגבעה הצרפתית
בר כוכבא 9,הגבעה הצרפתית
בר כוכבא 91,הגבעה הצרפתית
בר כוכבא 93,הגבעה הצרפתית
בר כוכבא 95,הגבעה הצרפתית
בר כוכבא 97,הגבעה הצרפתית
בר לביא רפאל 1,הר חומה
בר לביא רפאל 10,הר חומה
בר לביא רפאל 12,הר חומה
בר לביא רפאל 13,הר חומה
בר לביא רפאל 14,הר חומה
בר לביא רפאל 15,הר חומה
בר לביא רפאל 16,הר חומה
בר לביא רפאל 17,הר חומה
בר לביא רפאל 18,הר חומה
בר לביא רפאל 19,הר חומה
בר לביא רפאל 2,הר חומה
בר לביא רפאל 21,הר חומה
בר לביא רפאל 3,הר חומה
בר לביא רפאל 4,הר חומה
בר לביא רפאל 6,הר חומה
בר לביא רפאל 8,הר חומה
בר ניסן 2,קטמון
בראון אליהו 1,רמות
בראון אליהו 10,רמות
בראון אליהו 11,רמות
בראון אליהו 12,רמות
בראון אליהו 14,רמות
בראון אליהו 15,רמות
בראון אליהו 16,רמות
בראון אליהו 17,רמות
בראון אליהו 18,רמות
בראון אליהו 19,רמות
בראון אליהו 2,רמות
בראון אליהו 21,רמות
בראון אליהו 23,רמות
בראון אליהו 25,רמות
בראון אליהו 27,רמות
בראון אליהו 4,רמות
בראון אליהו 6,רמות
בראון אליהו 7,רמות
בראון אליהו 8,רמות
בראנד אהרון 10,הר נוף
בראנד אהרון 12,הר נוף
בראנד אהרון 14,הר נוף
בראנד אהרון 16,הר נוף
בראנד אהרון 19,הר נוף
בראנד אהרון 22,הר נוף
בראנד אהרון 24,הר נוף
בראנד אהרון 26,הר נוף
בראנד אהרון 3,הר נוף
בראנד אהרון 4,הר נוף
בראנד אהרון 5,הר נוף
בראנד אהרון 6,הר נוף
בראנד אהרון 7,הר נוף
בראנד אהרון 8,הר נוף
ברגמן אליעזר 10,בית וגן
ברגמן אליעזר 12,בית וגן
ברגמן אליעזר 13,בית וגן
ברגמן אליעזר 14,בית וגן
ברגמן אליעזר 18,בית וגן
ברגמן אליעזר 20,בית וגן
ברגמן אליעזר 22,בית וגן
ברגמן אליעזר 24,בית וגן
ברגמן אליעזר 26,בית וגן
ברגמן אליעזר 28,בית וגן
ברגמן אליעזר 5,בית וגן
ברגמן אליעזר 6,בית וגן
ברגמן אליעזר 7,בית וגן
ברגמן אליעזר 8,בית וגן
ברגר 1,גוננים
ברגר 2,גוננים
ברגר 3,גוננים
ברגר 4,גוננים
ברגר 5,גוננים
ברדנוב ירמיהו 10,פסגת זאב
ברדנוב ירמיהו 12,פסגת זאב
ברדנוב ירמיהו 14,פסגת זאב
ברדנוב ירמיהו 16,פסגת זאב
ברדנוב ירמיהו 18,פסגת זאב
ברדנוב ירמיהו 2,פסגת זאב
ברדנוב ירמיהו 4,פסגת זאב
ברדנוב ירמיהו 5,פסגת זאב
ברדנוב ירמיהו 6,פסגת זאב
ברדנוב ירמיהו 8,פסגת זאב
ברוזה שמואל 2,רמת מוצא
ברויאר יצחק 13,בית וגן
ברויאר יצחק 5,בית וגן
ברוכי יהושע 10,גילה
ברוכי יהושע 11,גילה
ברוכי יהושע 12,גילה
ברוכי יהושע 13,גילה
ברוכי יהושע 14,גילה
ברוכי יהושע 15,גילה
ברוכי יהושע 17,גילה
ברוכי יהושע 18,גילה
ברוכי יהושע 19,גילה
ברוכי יהושע 20,גילה
ברוכי יהושע 3,גילה
ברוכי יהושע 4,גילה
ברוכי יהושע 5,גילה
ברוכי יהושע 6,גילה
ברוכי יהושע 7,גילה
ברוכי יהושע 8,גילה
ברוכי יהושע 9,גילה
ברוכים שמואל 3,רוממה
ברוסקינה מאשה 3,פסגת זאב
ברוסקינה מאשה 4,פסגת זאב
ברוסקינה מאשה 5,פסגת זאב
ברוסקינה מאשה 7,פסגת זאב
ברוריה 1,קטמון
ברוריה 10,קטמון
ברוריה 12,קטמון
ברוריה 13,קטמון
ברוריה 14,קטמון
ברוריה 16,קטמון
ברוריה 22,קטמון
ברוריה 24,קטמון
ברוריה 5,קטמון
ברוריה 6,קטמון
ברוריה 7,קטמון
ברוריה 8,קטמון
ברוריה 9,קטמון
ברזיל 10,קרית היובל
ברזיל 101,קרית היובל
ברזיל 105,קרית היובל
ברזיל 111,קרית היובל
ברזיל 115,קרית היובל
ברזיל 12,קרית היובל
ברזיל 18,קרית היובל
ברזיל 26,קרית היובל
ברזיל 28,קרית היובל
ברזיל 4,קרית היובל
ברזיל 6,קרית היובל
ברזיל 8,קרית היובל
ברזיל 999,קרית היובל
ברזני משה 1,תלפיות מזרח
ברזני משה 10,תלפיות מזרח
ברזני משה 2,תלפיות מזרח
ברזני משה 301,תלפיות מזרח
ברכיהו 10,בית הכרם
ברכיהו 11,בית הכרם
ברכיהו 3,בית הכרם
ברכיהו 4,בית הכרם
ברכיהו 5,בית הכרם
ברכיהו 6,בית הכרם
ברכיהו 7,בית הכרם
ברכיהו 8,בית הכרם
ברכיהו 9,בית הכרם
ברכת אברהם 12,רמת שלמה
ברכת אברהם 14,רמת שלמה
ברכת אברהם 16,רמת שלמה
ברכת אברהם 18,רמת שלמה
ברכת אברהם 20,רמת שלמה
ברכת אברהם 22,רמת שלמה
ברכת אברהם 26,רמת שלמה
ברכת אברהם 28,רמת שלמה
ברכת אברהם 4,רמת שלמה
ברכת אברהם 8,רמת שלמה
ברל לוקר 12,גוננים
ברל לוקר 16,גוננים
ברל לוקר 17,גוננים
ברל לוקר 21,גוננים
ברל לוקר 24,גוננים
ברל לוקר 6,גוננים
ברל לוקר 7,גוננים
ברנדויין שמואל 10,פסגת זאב
ברנדויין שמואל 11,פסגת זאב
ברנדויין שמואל 12,פסגת זאב
ברנדויין שמואל 13,פסגת זאב
ברנדויין שמואל 14,פסגת זאב
ברנדויין שמואל 15,פסגת זאב
ברנדויין שמואל 16,פסגת זאב
ברנדויין שמואל 17,פסגת זאב
ברנדויין שמואל 3,פסגת זאב
ברנדויין שמואל 5,פסגת זאב
ברנדויין שמואל 6,פסגת זאב
ברנדויין שמואל 7,פסגת זאב
ברנדויין שמואל 8,פסגת זאב
ברנדויין שמואל 9,פסגת זאב
ברנט זרח 10,הר נוף
ברנט זרח 12,הר נוף
ברנט זרח 13,הר נוף
ברנט זרח 14,הר נוף
ברנט זרח 2,הר נוף
ברנט זרח 4,הר נוף
ברנט זרח 9,הר נוף
ברניקי 11,גוננים
ברניקי 12,גוננים
ברניקי 14,גוננים
ברניקי 15,גוננים
ברניקי 16,גוננים
ברניקי 17,גוננים
ברניקי 3,גוננים
ברניקי 5,גוננים
ברניקי 7,גוננים
ברניקי 8,גוננים
ברניקי 9,גוננים
ברנר 1,טלביה
ברנר 10,טלביה
ברנר 2,טלביה
ברנר 4,טלביה
ברנר 9,טלביה
ברנשטיין פרץ 10,רמת שרת
ברנשטיין פרץ 12,רמת שרת
ברנשטיין פרץ 14,רמת שרת
ברנשטיין פרץ 16,רמת שרת
ברנשטיין פרץ 18,רמת שרת
ברנשטיין פרץ 2,רמת שרת
ברנשטיין פרץ 20,רמת שרת
ברנשטיין פרץ 22,רמת שרת
ברנשטיין פרץ 24,רמת שרת
ברנשטיין פרץ 26,רמת שרת
ברנשטיין פרץ 28,רמת שרת
ברנשטיין פרץ 30,רמת שרת
ברנשטיין פרץ 32,רמת שרת
ברנשטיין פרץ 34,רמת שרת
ברנשטיין פרץ 36,רמת שרת
ברנשטיין פרץ 38,רמת שרת
ברנשטיין פרץ 39,רמת שרת
ברנשטיין פרץ 4,רמת שרת
ברנשטיין פרץ 40,רמת שרת
ברנשטיין פרץ 42,רמת שרת
ברנשטיין פרץ 44,רמת שרת
ברנשטיין פרץ 46,רמת שרת
ברנשטיין פרץ 48,רמת שרת
ברנשטיין פרץ 54,רמת שרת
ברנשטיין פרץ 56,רמת שרת
ברנשטיין פרץ 6,רמת שרת
ברנשטיין פרץ 61,רמת שרת
ברנשטיין פרץ 7,רמת שרת
ברנשטיין פרץ 8,רמת שרת
ברנשטיין פרץ 9,רמת שרת
ברק 10,בקעה
ברק 3,בקעה
ברק 4,בקעה
ברק 5,בקעה
ברק 7,בקעה
ברק 8,בקעה
ברק 9,בקעה
ברקוק 10,העיר העתיקה
ברקוק 14,העיר העתיקה
ברקוק 18,העיר העתיקה
ברקוק 2,העיר העתיקה
ברקוק 3,העיר העתיקה
ברקוק 4,העיר העתיקה
ברקוק 5,העיר העתיקה
ברקוק 6,העיר העתיקה
ברקוק 8,העיר העתיקה
ברקלי שאול 101,עין כרם
ברקלי שאול 104,עין כרם
ברקלי שאול 105,עין כרם
ברקלי שאול 106,עין כרם
ברקלי שאול 108,עין כרם
ברקלי שאול 109,עין כרם
ברקלי שאול 110,עין כרם
ברקלי שאול 111,עין כרם
ברקלי שאול 112,עין כרם
ברקלי שאול 113,עין כרם
ברקת 219,גילה
ברקת 220,גילה
ברש מנחם רועי 15,הר חומה
ברש מנחם רועי 17,הר חומה
ברש מנחם רועי 19,הר חומה
ברש מנחם רועי 2,הר חומה
ברש מנחם רועי 3,הר חומה
ברש מנחם רועי 4,הר חומה
ברש מנחם רועי 5,הר חומה
ברש מנחם רועי 6,הר חומה
ברש מנחם רועי 7,הר חומה
ברש מנחם רועי 8,הר חומה
ברש מנחם רועי 9,הר חומה
בת שבע 1,אבו תור
בתי ורשא 10,מאה שערים
בתי ורשא 101,מאה שערים
בתי ורשא 102,מאה שערים
בתי ורשא 103,מאה שערים
בתי ורשא 104,מאה שערים
בתי ורשא 105,מאה שערים
בתי ורשא 106,מאה שערים
בתי ורשא 107,מאה שערים
בתי ורשא 12,מאה שערים
בתי ורשא 14,מאה שערים
בתי ורשא 15,מאה שערים
בתי ורשא 16,מאה שערים
בתי ורשא 18,מאה שערים
בתי ורשא 2,מאה שערים
בתי ורשא 20,מאה שערים
בתי ורשא 201,מאה שערים
בתי ורשא 203,מאה שערים
בתי ורשא 204,מאה שערים
בתי ורשא 205,מאה שערים
בתי ורשא 207,מאה שערים
בתי ורשא 209,מאה שערים
בתי ורשא 210,מאה שערים
בתי ורשא 211,מאה שערים
בתי ורשא 212,מאה שערים
בתי ורשא 22,מאה שערים
בתי ורשא 220,מאה שערים
בתי ורשא 241,מאה שערים
בתי ורשא 242,מאה שערים
בתי ורשא 30,מאה שערים
בתי ורשא 303,מאה שערים
בתי ורשא 304,מאה שערים
בתי ורשא 32,מאה שערים
בתי ורשא 323,מאה שערים
בתי ורשא 34,מאה שערים
בתי ורשא 38,מאה שערים
בתי ורשא 4,מאה שערים
בתי ורשא 401,מאה שערים
בתי ורשא 402,מאה שערים
בתי ורשא 403,מאה שערים
בתי ורשא 406,מאה שערים
בתי ורשא 408,מאה שערים
בתי ורשא 410,מאה שערים
בתי ורשא 44,מאה שערים
בתי ורשא 46,מאה שערים
בתי ורשא 48,מאה שערים
בתי ורשא 5,מאה שערים
בתי ורשא 50,מאה שערים
בתי ורשא 506,מאה שערים
בתי ורשא 507,מאה שערים
בתי ורשא 511,מאה שערים
בתי ורשא 515,מאה שערים
בתי ורשא 534,מאה שערים
בתי ורשא 535,מאה שערים
בתי ורשא 536,מאה שערים
בתי ורשא 538,מאה שערים
בתי ורשא 54,מאה שערים
בתי ורשא 56,מאה שערים
בתי ורשא 58,מאה שערים
בתי ורשא 6,מאה שערים
בתי ורשא 60,מאה שערים
בתי ורשא 62,מאה שערים
בתי ורשא 64,מאה שערים
בתי ורשא 68,מאה שערים
בתי ורשא 70,מאה שערים
בתי ורשא 72,מאה שערים
בתי ורשא 74,מאה שערים
בתי ורשא 76,מאה שערים
בתי ורשא 86,מאה שערים
בתי ורשא 88,מאה שערים
בתי ורשא 90,מאה שערים
בתי ורשא 94,מאה שערים
בתי מחסה 32,הרובע היהודי
ג'אבר בן חייאן 10,צור באחר
ג'אבר בן חייאן 11,צור באחר
ג'אבר בן חייאן 13,צור באחר
ג'אבר בן חייאן 15,צור באחר
ג'אבר בן חייאן 17,צור באחר
ג'אבר בן חייאן 18,צור באחר
ג'אבר בן חייאן 20,צור באחר
ג'אבר בן חייאן 4,צור באחר
ג'אבר בן חייאן 7,צור באחר
ג'אבר בן חייאן 9,צור באחר
ג'אבר בן חייאן סמ1 16,צור באחר
ג'אבר בן חייאן סמ1 9999,צור באחר
ג'אבר בן חייאן סמ2 10,צור באחר
ג'אבר בן חייאן סמ4 12,צור באחר
ג'אבר בן חייאן סמ4 16,צור באחר
ג'אבר בן חייאן סמ4 5,צור באחר
ג'אבר בן חייאן סמ4 7,צור באחר
ג'אמע אל-זאויה,ג'בל מוכבר
ג'אמע אל-זאויה 1,ג'בל מוכבר
ג'אמע אל-זאויה 10,ג'בל מוכבר
ג'אמע אל-זאויה 103,ג'בל מוכבר
ג'אמע אל-זאויה 17,ג'בל מוכבר
ג'אמע אל-זאויה 18,ג'בל מוכבר
ג'אמע אל-זאויה 19,ג'בל מוכבר
ג'אמע אל-זאויה 20,ג'בל מוכבר
ג'אמע אל-זאויה 21,ג'בל מוכבר
ג'אמע אל-זאויה 22,ג'בל מוכבר
ג'אמע אל-זאויה 23,ג'בל מוכבר
ג'אמע אל-זאויה 25,ג'בל מוכבר
ג'אמע אל-זאויה 26,ג'בל מוכבר
ג'אמע אל-זאויה 27,ג'בל מוכבר
ג'אמע אל-זאויה 29,ג'בל מוכבר
ג'אמע אל-זאויה 30,ג'בל מוכבר
ג'אמע אל-זאויה 31,ג'בל מוכבר
ג'אמע אל-זאויה 33,ג'בל מוכבר
ג'אמע אל-זאויה 36,ג'בל מוכבר
ג'אמע אל-זאויה 38,ג'בל מוכבר
ג'אמע אל-זאויה 41,ג'בל מוכבר
ג'אמע אל-זאויה 46,ג'בל מוכבר
ג'אמע אל-זאויה 47,ג'בל מוכבר
ג'אמע אל-זאויה 49,ג'בל מוכבר
ג'אמע אל-זאויה 5,ג'בל מוכבר
ג'אמע אל-זאויה 52,ג'בל מוכבר
ג'אמע אל-זאויה 56,ג'בל מוכבר
ג'אמע אל-זאויה 65,ג'בל מוכבר
ג'אמע אל-זאויה 69,ג'בל מוכבר
ג'אמע אל-זאויה 7,ג'בל מוכבר
ג'אמע אל-זאויה 72,ג'בל מוכבר
ג'אמע אל-זאויה 73,ג'בל מוכבר
ג'אמע אל-זאויה 79,ג'בל מוכבר
ג'אמע אל-זאויה 83,ג'בל מוכבר
ג'אמע אל-זאויה 85,ג'בל מוכבר
ג'אמע אל-זאויה 87,ג'בל מוכבר
ג'אמע אל-זאויה 9,ג'בל מוכבר
ג'אמע אל-זאויה 97,ג'בל מוכבר
ג'אמע אל-זאויה 99,ג'בל מוכבר
ג'אמע אל-זאויה 999,ג'בל מוכבר
ג'אמע אל-זאויה סמ1 2,ג'בל מוכבר
ג'אמע אל-זאויה סמ1 3,ג'בל מוכבר
ג'אמע אל-זאויה סמ2 1,ג'בל מוכבר
ג'אמע אל-זאויה סמ2 3,ג'בל מוכבר
ג'אמע אל-זאויה סמ4 14,ג'בל מוכבר
ג'אמע אל-זאויה סמ4 2,ג'בל מוכבר
ג'אמע אל-זאויה סמ4 8,ג'בל מוכבר
ג'אמע אל-זאויה סמ6 14,ג'בל מוכבר
ג'אמע אל-זאויה סמ6 16,ג'בל מוכבר
ג'אמע אל-זאויה סמ6 20,ג'בל מוכבר
ג'אמע אל-זאויה סמ6 22,ג'בל מוכבר
ג'אמע אל-זאויה סמ6 26,ג'בל מוכבר
ג'אמע אל-זאויה סמ6 3,ג'בל מוכבר
ג'אמע אל-זאויה סמ6 4,ג'בל מוכבר
ג'אמע אל-זאויה סמ6 5,ג'בל מוכבר
ג'אמע אל-זאויה סמ6 6,ג'בל מוכבר
ג'אמע אל-זאויה סמ6 71,ג'בל מוכבר
ג'אמע אל-זאויה סמ6 8,ג'בל מוכבר
ג'אמע אל-זאויה סמ6 9,ג'בל מוכבר
ג'אמע אל-זאויה סמ6 999,ג'בל מוכבר
ג'בל מוכבר 0,ג'בל מוכבר
ג'בל מוכבר 1,ג'בל מוכבר
ג'בל מוכבר 100,ג'בל מוכבר
ג'בל מוכבר 11,ג'בל מוכבר
ג'בל מוכבר 114,ג'בל מוכבר
ג'בל מוכבר 116,ג'בל מוכבר
ג'בל מוכבר 12,ג'בל מוכבר
ג'בל מוכבר 13,ג'בל מוכבר
ג'בל מוכבר 135,ג'בל מוכבר
ג'בל מוכבר 14,ג'בל מוכבר
ג'בל מוכבר 143,ג'בל מוכבר
ג'בל מוכבר 15,ג'בל מוכבר
ג'בל מוכבר 16,ג'בל מוכבר
ג'בל מוכבר 18,ג'בל מוכבר
ג'בל מוכבר 194,ג'בל מוכבר
ג'בל מוכבר 20,ג'בל מוכבר
ג'בל מוכבר 21,ג'בל מוכבר
ג'בל מוכבר 22,ג'בל מוכבר
ג'בל מוכבר 23,ג'בל מוכבר
ג'בל מוכבר 237,ג'בל מוכבר
ג'בל מוכבר 255,ג'בל מוכבר
ג'בל מוכבר 257,ג'בל מוכבר
ג'בל מוכבר 26,ג'בל מוכבר
ג'בל מוכבר 261,ג'בל מוכבר
ג'בל מוכבר 28,ג'בל מוכבר
ג'בל מוכבר 30,ג'בל מוכבר
ג'בל מוכבר 31,ג'בל מוכבר
ג'בל מוכבר 32,ג'בל מוכבר
ג'בל מוכבר 33,ג'בל מוכבר
ג'בל מוכבר 35,ג'בל מוכבר
ג'בל מוכבר 39,ג'בל מוכבר
ג'בל מוכבר 4,ג'בל מוכבר
ג'בל מוכבר 40,ג'בל מוכבר
ג'בל מוכבר 42,ג'בל מוכבר
ג'בל מוכבר 424,ג'בל מוכבר
ג'בל מוכבר 43,ג'בל מוכבר
ג'בל מוכבר 44,ג'בל מוכבר
ג'בל מוכבר 48,ג'בל מוכבר
ג'בל מוכבר 49,ג'בל מוכבר
ג'בל מוכבר 51,ג'בל מוכבר
ג'בל מוכבר 52,ג'בל מוכבר
ג'בל מוכבר 57,ג'בל מוכבר
ג'בל מוכבר 59,ג'בל מוכבר
ג'בל מוכבר 60,ג'בל מוכבר
ג'בל מוכבר 63,ג'בל מוכבר
ג'בל מוכבר 672,ג'בל מוכבר
ג'בל מוכבר 68,ג'בל מוכבר
ג'בל מוכבר 683,ג'בל מוכבר
ג'בל מוכבר 69,ג'בל מוכבר
ג'בל מוכבר 7,ג'בל מוכבר
ג'בל מוכבר 70,ג'בל מוכבר
ג'בל מוכבר 9,ג'בל מוכבר
ג'בל מוכבר 9998,ג'בל מוכבר
ג'דה 13,צור באחר
ג'דה 17,צור באחר
ג'דה 21,צור באחר
ג'דה 5,צור באחר
ג'דה 6,צור באחר
ג'דה סמ1 16,צור באחר
ג'דה סמ1 20,צור באחר
ג'דה סמ1 22,צור באחר
ג'דה סמ1 3,צור באחר
ג'דה סמ1 5,צור באחר
ג'ובראן ח'ליל 1,בית חנינא
ג'ובראן ח'ליל 14,בית חנינא
ג'ובראן ח'ליל 15,בית חנינא
ג'ובראן ח'ליל 16,בית חנינא
ג'ובראן ח'ליל 17,בית חנינא
ג'ובראן ח'ליל 18,בית חנינא
ג'ובראן ח'ליל 20,בית חנינא
ג'ובראן ח'ליל 22,בית חנינא
ג'ובראן ח'ליל 23,בית חנינא
ג'ובראן ח'ליל 24,בית חנינא
ג'ובראן ח'ליל 26,בית חנינא
ג'ובראן ח'ליל 3,בית חנינא
ג'ובראן ח'ליל 34,בית חנינא
ג'ובראן ח'ליל 36,בית חנינא
ג'ובראן ח'ליל 4,בית חנינא
ג'ובראן ח'ליל 5,בית חנינא
ג'ובראן ח'ליל 7,בית חנינא
ג'ובראן ח'ליל 999,בית חנינא
ג'ובראן ח'ליל 9999,בית חנינא
ג'ובראן ח'ליל סמ5 4,בית חנינא
ג'ובראן ח'ליל סמ5 5,בית חנינא
ג'ובראן ח'ליל סמ5 6,בית חנינא
ג'ובראן ח'ליל סמ5 8,בית חנינא
ג'ובראן ח'ליל סמ5 9,בית חנינא
ג'ובראן ח'ליל סמ6,בית חנינא
ג'ובראן ח'ליל סמ6 23,בית חנינא
ג'ובראן ח'ליל סמ6 26,בית חנינא
ג'ובראן ח'ליל סמ6 29,בית חנינא
ג'ובראן ח'ליל סמ6 3,בית חנינא
ג'ובראן ח'ליל סמ6 32,בית חנינא
ג'ובראן ח'ליל סמ6 33,בית חנינא
ג'ובראן ח'ליל סמ6 34,בית חנינא
ג'ובראן ח'ליל סמ6 39,בית חנינא
ג'ובראן ח'ליל סמ6 5,בית חנינא
ג'ובראן ח'ליל סמ6 6,בית חנינא
ג'ובראן ח'ליל סמ6 7,בית חנינא
ג'ובראן ח'ליל סמ6 8,בית חנינא
ג'ורג' אדם סמית 11,הגבעה הצרפתית
ג'ורג' אדם סמית 12,הגבעה הצרפתית
ג'ורג' אדם סמית 32,הגבעה הצרפתית
ג'ורג' אדם סמית 4,הגבעה הצרפתית
ג'ורג' אדם סמית 5,הגבעה הצרפתית
ג'ורג' אדם סמית 6,הגבעה הצרפתית
ג'ורג' אדם סמית 7,הגבעה הצרפתית
ג'ורג' אדם סמית 8,הגבעה הצרפתית
ג'ורג' אדם סמית 9,הגבעה הצרפתית
ג'ורג' אדם סמית 999,הגבעה הצרפתית
ג'ינאו מאיר 1,רמות
ג'ינאו מאיר 10,רמות
ג'ינאו מאיר 11,רמות
ג'ינאו מאיר 12,רמות
ג'ינאו מאיר 13,רמות
ג'ינאו מאיר 14,רמות
ג'ינאו מאיר 15,רמות
ג'ינאו מאיר 16,רמות
ג'ינאו מאיר 17,רמות
ג'ינאו מאיר 18,רמות
ג'ינאו מאיר 2,רמות
ג'ינאו מאיר 20,רמות
ג'ינאו מאיר 22,רמות
ג'ינאו מאיר 24,רמות
ג'ינאו מאיר 26,רמות
ג'ינאו מאיר 28,רמות
ג'ינאו מאיר 3,רמות
ג'ינאו מאיר 30,רמות
ג'ינאו מאיר 32,רמות
ג'ינאו מאיר 34,רמות
ג'ינאו מאיר 36,רמות
ג'ינאו מאיר 38,רמות
ג'ינאו מאיר 4,רמות
ג'ינאו מאיר 40,רמות
ג'ינאו מאיר 42,רמות
ג'ינאו מאיר 44,רמות
ג'ינאו מאיר 46,רמות
ג'ינאו מאיר 48,רמות
ג'ינאו מאיר 5,רמות
ג'ינאו מאיר 50,רמות
ג'ינאו מאיר 6,רמות
ג'ינאו מאיר 7,רמות
ג'ינאו מאיר 8,רמות
ג'ינאו מאיר 9,רמות
ג'עביץ 10,מקור ברוך
ג'עביץ 12,מקור ברוך
ג'עביץ 14,מקור ברוך
ג'עביץ 15,מקור ברוך
ג'עביץ 17,מקור ברוך
ג'עביץ 2,מקור ברוך
ג'עביץ 20,מקור ברוך
ג'עביץ 21,מקור ברוך
ג'עביץ 23,מקור ברוך
ג'עביץ 24,מקור ברוך
ג'עביץ 26,מקור ברוך
ג'עביץ 30,מקור ברוך
ג'עביץ 38,מקור ברוך
ג'עביץ 41,מקור ברוך
ג'עביץ 43,מקור ברוך
ג'עביץ 48,מקור ברוך
ג'עביץ 7,מקור ברוך
ג'עביץ 9999,מקור ברוך
ג'עביץ סמ1,מקור ברוך
ג'עביץ סמ1 1,מקור ברוך
ג'עביץ סמ1 6,מקור ברוך
ג'עביץ סמ2 10,מקור ברוך
גאון 11,נחלאות
גאון 3,נחלאות
גאון 6,נחלאות
גאון 7,נחלאות
גאון 9,נחלאות
גבירצמן משה 10,פסגת זאב
גבירצמן משה 11,פסגת זאב
גבירצמן משה 12,פסגת זאב
גבירצמן משה 13,פסגת זאב
גבירצמן משה 14,פסגת זאב
גבירצמן משה 15,פסגת זאב
גבירצמן משה 16,פסגת זאב
גבירצמן משה 17,פסגת זאב
גבירצמן משה 18,פסגת זאב
גבירצמן משה 19,פסגת זאב
גבירצמן משה 20,פסגת זאב
גבירצמן משה 21,פסגת זאב
גבירצמן משה 22,פסגת זאב
גבירצמן משה 23,פסגת זאב
גבירצמן משה 25,פסגת זאב
גבירצמן משה 26,פסגת זאב
גבירצמן משה 27,פסגת זאב
גבירצמן משה 28,פסגת זאב
גבירצמן משה 29,פסגת זאב
גבירצמן משה 30,פסגת זאב
גבירצמן משה 31,פסגת זאב
גבירצמן משה 32,פסגת זאב
גבירצמן משה 33,פסגת זאב
גבירצמן משה 34,פסגת זאב
גבירצמן משה 35,פסגת זאב
גבירצמן משה 36,פסגת זאב
גבירצמן משה 37,פסגת זאב
גבירצמן משה 38,פסגת זאב
גבירצמן משה 39,פסגת זאב
גבירצמן משה 4,פסגת זאב
גבירצמן משה 6,פסגת זאב
גבירצמן משה 7,פסגת זאב
גבירצמן משה 8,פסגת זאב
גבירצמן משה 9,פסגת זאב
גבל אטרש 1,ג'בל מוכבר
גבל אטרש 2,ג'בל מוכבר
גבל אטרש 676,ג'בל מוכבר
גבל אטרש 9999,ג'בל מוכבר
גבע 10,נחלאות
גבע 12,נחלאות
גבע 14,נחלאות
גבע 16,נחלאות
גבע 18,נחלאות
גבע 20,נחלאות
גבע 3,נחלאות
גבע 7,נחלאות
גבע 9,נחלאות
גבעון 1,נחלאות
גבעון 11,נחלאות
גבעון 13,נחלאות
גבעון 2,נחלאות
גבעון 3,נחלאות
גבעון 5,נחלאות
גבעון 6,נחלאות
גבעון 8,נחלאות
גבעון 9,נחלאות
גבעת בית הכרם 1,בית הכרם
גבעת בית הכרם 2,בית הכרם
גבעת בית הכרם 30,בית הכרם
גבעת בית הכרם 4,בית הכרם
גבעת המטוס 95,גילה
גבעת המטוס 97,גילה
גבעת חנניה,אבו תור
גבעת חנניה 122,אבו תור
גבעת חנניה 9999,אבו תור
גבעת קנדה 11,גילה
גבעת קנדה 12,גילה
גבעת קנדה 13,גילה
גבעת קנדה 14,גילה
גבעת קנדה 16,גילה
גבעת קנדה 17,גילה
גבעת קנדה 18,גילה
גבעת קנדה 19,גילה
גבעת קנדה 20,גילה
גבעת קנדה 21,גילה
גבעת קנדה 22,גילה
גבעת קנדה 23,גילה
גבעת קנדה 24,גילה
גבעת קנדה 25,גילה
גבעת קנדה 26,גילה
גבעת קנדה 27,גילה
גבעת קנדה 28,גילה
גבעת קנדה 29,גילה
גבעת קנדה 3,גילה
גבעת קנדה 30,גילה
גבעת קנדה 31,גילה
גבעת קנדה 32,גילה
גבעת קנדה 33,גילה
גבעת קנדה 34,גילה
גבעת קנדה 35,גילה
גבעת קנדה 36,גילה
גבעת קנדה 5,גילה
גבעת קנדה 7,גילה
גבעת קנדה 9,גילה
גבעת שאול 24,גבעת שאול
גבעת שאול 25,גבעת שאול
גבעת שפירא 11,הגבעה הצרפתית
גבעת שפירא 12,הגבעה הצרפתית
גבעת שפירא 16,הגבעה הצרפתית
גבעת שפירא 2,הגבעה הצרפתית
גבעת שפירא 21,הגבעה הצרפתית
גבעת שפירא 26,הגבעה הצרפתית
גבעת שפירא 28,הגבעה הצרפתית
גבעת שפירא 29,הגבעה הצרפתית
גבעת שפירא 303,הגבעה הצרפתית
גבעת שפירא 32,הגבעה הצרפתית
גבעת שפירא 5,הגבעה הצרפתית
גבעת שפירא 502,הגבעה הצרפתית
גבעת שפירא 54,הגבעה הצרפתית
גבעת שפירא 56,הגבעה הצרפתית
גבעת שפירא 7,הגבעה הצרפתית
גבעת שפירא 900,הגבעה הצרפתית
גבעת שפירא 93,הגבעה הצרפתית
גבעת שפירא 999,הגבעה הצרפתית
גבעת שפירא 9999,הגבעה הצרפתית
גבריהו חיים 1,פסגת זאב
גבריהו חיים 11,פסגת זאב
גבריהו חיים 13,פסגת זאב
גבריהו חיים 15,פסגת זאב
גבריהו חיים 17,פסגת זאב
גבריהו חיים 19,פסגת זאב
גבריהו חיים 3,פסגת זאב
גבריהו חיים 5,פסגת זאב
גבריהו חיים 7,פסגת זאב
גבריהו חיים 9,פסגת זאב
גד 1,בקעה
גד 12,בקעה
גד 13,בקעה
גד 6,בקעה
גדוד החמישי 10,פסגת זאב
גדוד החמישי 11,פסגת זאב
גדוד החמישי 12,פסגת זאב
גדוד החמישי 14,פסגת זאב
גדוד החמישי 16,פסגת זאב
גדוד החמישי 18,פסגת זאב
גדוד החמישי 2,פסגת זאב
גדוד החמישי 20,פסגת זאב
גדוד החמישי 22,פסגת זאב
גדוד החמישי 24,פסגת זאב
גדוד החמישי 26,פסגת זאב
גדוד החמישי 28,פסגת זאב
גדוד החמישי 4,פסגת זאב
גדוד החמישי 5,פסגת זאב
גדוד החמישי 6,פסגת זאב
גדוד החמישי 7,פסגת זאב
גדוד החמישי 8,פסגת זאב
גדוד החמישי 9,פסגת זאב
גדוד חרמש 10,פסגת זאב
גדוד חרמש 11,פסגת זאב
גדוד חרמש 12,פסגת זאב
גדוד חרמש 13,פסגת זאב
גדוד חרמש 14,פסגת זאב
גדוד חרמש 15,פסגת זאב
גדוד חרמש 16,פסגת זאב
גדוד חרמש 17,פסגת זאב
גדוד חרמש 18,פסגת זאב
גדוד חרמש 19,פסגת זאב
גדוד חרמש 2,פסגת זאב
גדוד חרמש 20,פסגת זאב
גדוד חרמש 21,פסגת זאב
גדוד חרמש 3,פסגת זאב
גדוד חרמש 4,פסגת זאב
גדוד חרמש 5,פסגת זאב
גדוד חרמש 6,פסגת זאב
גדוד חרמש 7,פסגת זאב
גדוד חרמש 8,פסגת זאב
גדוד חרמש 9,פסגת זאב
גדוד מכמש 11,פסגת זאב
גדוד מכמש 13,פסגת זאב
גדוד מכמש 15,פסגת זאב
גדוד מכמש 17,פסגת זאב
גדוד מכמש 19,פסגת זאב
גדוד מכמש 21,פסגת זאב
גדוד מכמש 23,פסגת זאב
גדוד מכמש 25,פסגת זאב
גדוד מכמש 27,פסגת זאב
גדוד מכמש 29,פסגת זאב
גדוד מכמש 3,פסגת זאב
גדוד מכמש 31,פסגת זאב
גדוד מכמש 33,פסגת זאב
גדוד מכמש 4,פסגת זאב
גדוד מכמש 5,פסגת זאב
גדוד מכמש 9,פסגת זאב
גדליה 1,בקעה
גדליה 10,בקעה
גדליה 19,בקעה
גדליה 3,בקעה
גדליה 4,בקעה
גדליה 5,בקעה
גדליה 6,בקעה
גדליה 8,בקעה
גדליהו אלון 4,המושבה הגרמנית
גדליהו אלון 8,המושבה הגרמנית
גדעון 1,בקעה
גדעון 13,בקעה
גדעון 15,בקעה
גדעון 19,בקעה
גדעון 2,בקעה
גדעון 22,בקעה
גדעון 24,בקעה
גדעון 28,בקעה
גדעון 3,בקעה
גדעון 30,בקעה
גדעון 32,בקעה
גדעון 4,בקעה
גדעון 5,בקעה
גדעון 6,בקעה
גדעון 8,בקעה
גדרה 10,מטרסדורף
גדרה 12,מטרסדורף
גדרה 2,מטרסדורף
גדרה 22,מטרסדורף
גדרה 6,מטרסדורף
גואטמאלה 10,קרית היובל
גואטמאלה 15,קרית היובל
גואטמאלה 16,קרית היובל
גואטמאלה 17,קרית היובל
גואטמאלה 18,קרית היובל
גואטמאלה 19,קרית היובל
גואטמאלה 20,קרית היובל
גואטמאלה 21,קרית היובל
גואטמאלה 23,קרית היובל
גואטמאלה 25,קרית היובל
גואטמאלה 27,קרית היובל
גואטמאלה 29,קרית היובל
גואטמאלה 4,קרית היובל
גואטמאלה 5,קרית היובל
גואטמאלה 6,קרית היובל
גואטמאלה 7,קרית היובל
גואטמאלה 8,קרית היובל
גואטמאלה 9,קרית היובל
גוטליב מאוריציו 3,המושבה הגרמנית
גוייטין דוד 1,פסגת זאב
גוייטין דוד 10,פסגת זאב
גוייטין דוד 11,פסגת זאב
גוייטין דוד 13,פסגת זאב
גוייטין דוד 3,פסגת זאב
גוייטין דוד 4,פסגת זאב
גוייטין דוד 5,פסגת זאב
גוייטין דוד 8,פסגת זאב
גוייטין דוד 9,פסגת זאב
גול בן ציון 3,בוכרים
גול בן ציון 5,בוכרים
גול בן ציון 6,בוכרים
גול בן ציון 7,בוכרים
גול בן ציון 9,בוכרים
גולאק אשר 1,נווה יעקב
גולאק אשר 10,נווה יעקב
גולאק אשר 12,נווה יעקב
גולאק אשר 16,נווה יעקב
גולאק אשר 17,נווה יעקב
גולאק אשר 18,נווה יעקב
גולאק אשר 2,נווה יעקב
גולאק אשר 20,נווה יעקב
גולאק אשר 22,נווה יעקב
גולאק אשר 24,נווה יעקב
גולאק אשר 27,נווה יעקב
גולאק אשר 3,נווה יעקב
גולאק אשר 4,נווה יעקב
גולאק אשר 406,נווה יעקב
גולאק אשר 407,נווה יעקב
גולאק אשר 6,נווה יעקב
גולאק אשר 8,נווה יעקב
גולאק אשר 9,נווה יעקב
גולדברג לאה 14,נווה יעקב
גולדברג לאה 2,נווה יעקב
גולדברג לאה 6,נווה יעקב
גולדברג לאה 9,נווה יעקב
גולומב 102,רמת שרת
גולומב 140,מלחה
גולומב 142,מלחה
גולומב 146,מלחה
גולומב 148,רמת שרת
גולומב 23,רמת שרת
גולומב 37,רמת שרת
גולומב 39,רמת שרת
גולומב 41,רמת שרת
גולומב 65,רמת שרת
גולי קניה 2,הגבעה הצרפתית
גולי קניה 3,הגבעה הצרפתית
גונן ט 11,גוננים
גונן ט 12,גוננים
גונן ט 13,גוננים
גונן ט 14,גוננים
גונן ט 144,גוננים
גונן ט 15,גוננים
גונן ט 17,גוננים
גונן ט 18,גוננים
גונן ט 19,גוננים
גונן ט 2,גוננים
גונן ט 20,גוננים
גונן ט 21,גוננים
גונן ט 22,גוננים
גונן ט 23,גוננים
גונן ט 24,גוננים
גונן ט 25,גוננים
גונן ט 26,גוננים
גונן ט 28,גוננים
גונן ט 29,גוננים
גונן ט 3,גוננים
גונן ט 30,גוננים
גונן ט 31,גוננים
גונן ט 33,גוננים
גונן ט 34,גוננים
גונן ט 35,גוננים
גונן ט 36,גוננים
גונן ט 37,גוננים
גונן ט 4,גוננים
גונן ט 40,גוננים
גונן ט 41,גוננים
גונן ט 5,גוננים
גונן ט 6,גוננים
גונן ט 7,גוננים
גונן ט 8,גוננים
גונן ט 9,גוננים
גורג אדם סמית 12,הגבעה הצרפתית
גורדון 1,קרית היובל
גורדון 11,קרית היובל
גורדון 12,קרית היובל
גורדון 13,קרית היובל
גורדון 14,קרית היובל
גורדון 15,קרית היובל
גורדון 16,קרית היובל
גורדון 17,קרית היובל
גורדון 18,קרית היובל
גורדון 19,קרית היובל
גורדון 2,קרית היובל
גורדון 20,קרית היובל
גורדון 21,קרית היובל
גורדון 23,קרית היובל
גורדון 25,קרית היובל
גורדון 27,קרית היובל
גורדון 3,קרית היובל
גורדון 4,קרית היובל
גורדון 5,קרית היובל
גורדון 6,קרית היובל
גורדון 684,קרית היובל
גורדון 7,קרית היובל
גורדון 9,קרית היובל
גזר 3,נחלאות
גזר 5,נחלאות
גיזה 1,רמות
גיזה 11,רמות
גיזה 13,רמות
גיזה 15,רמות
גיזה 2,רמות
גיזה 3,רמות
גיזה 4,רמות
גיזה 5,רמות
גיזה 6,רמות
גיזה 7,רמות
גיזה 8,רמות
גיזה 9,רמות
גיחון 10,אבו תור
גיחון 11,אבו תור
גיחון 12,אבו תור
גיחון 13,אבו תור
גיחון 14,אבו תור
גיחון 15,אבו תור
גיחון 16,אבו תור
גיחון 17,אבו תור
גיחון 2,אבו תור
גיחון 22,אבו תור
גיחון 3,אבו תור
גיחון 4,אבו תור
גיחון 41,אבו תור
גיחון 5,אבו תור
גיחון 6,אבו תור
גיחון 7,אבו תור
גיחון 8,אבו תור
גיחון 9,אבו תור
גיחון 919,אבו תור
גיחון 9999,אבו תור
גלבר 1,רמת שרת
גלבר 10,רמת שרת
גלבר 11,רמת שרת
גלבר 12,רמת שרת
גלבר 14,רמת שרת
גלבר 15,רמת שרת
גלבר 16,רמת שרת
גלבר 17,רמת שרת
גלבר 18,רמת שרת
גלבר 19,רמת שרת
גלבר 2,רמת שרת
גלבר 3,רמת שרת
גלבר 4,רמת שרת
גלבר 5,רמת שרת
גלבר 6,רמת שרת
גלבר 7,רמת שרת
גלבר 8,רמת שרת
גלבר 9,רמת שרת
גליק נלסון 1,רמות
גליק נלסון 10,רמות
גליק נלסון 11,רמות
גליק נלסון 12,רמות
גליק נלסון 13,רמות
גליק נלסון 14,רמות
גליק נלסון 15,רמות
גליק נלסון 16,רמות
גליק נלסון 17,רמות
גליק נלסון 18,רמות
גליק נלסון 19,רמות
גליק נלסון 2,רמות
גליק נלסון 20,רמות
גליק נלסון 21,רמות
גליק נלסון 22,רמות
גליק נלסון 23,רמות
גליק נלסון 24,רמות
גליק נלסון 25,רמות
גליק נלסון 26,רמות
גליק נלסון 27,רמות
גליק נלסון 28,רמות
גליק נלסון 3,רמות
גליק נלסון 30,רמות
גליק נלסון 32,רמות
גליק נלסון 34,רמות
גליק נלסון 36,רמות
גליק נלסון 38,רמות
גליק נלסון 4,רמות
גליק נלסון 40,רמות
גליק נלסון 42,רמות
גליק נלסון 44,רמות
גליק נלסון 46,רמות
גליק נלסון 48,רמות
גליק נלסון 5,רמות
גליק נלסון 6,רמות
גליק נלסון 7,רמות
גליק נלסון 9,רמות
גלעד 10,הרובע היהודי
גלעד 12,הרובע היהודי
גלעד 2,הרובע היהודי
גלעד 3,הרובע היהודי
גלעד 4,הרובע היהודי
גלעד 5,הרובע היהודי
גלעד 6,הרובע היהודי
גלעד 8,הרובע היהודי
גלעדי 1,תלפיות
גלעדי 10,תלפיות
גלעדי 11,תלפיות
גלעדי 12,תלפיות
גלעדי 3,תלפיות
גלעדי 5,תלפיות
גלעדי 6,תלפיות
גלעדי 7,תלפיות
גלעדי 8,תלפיות
גלעדי 9,תלפיות
גלעינית 1,גילה
גלעינית 3,גילה
גלעינית 5,גילה
גלרנטר מנחם 17,הר חומה
גלרנטר מנחם 18,הר חומה
גלרנטר מנחם 19,הר חומה
גלרנטר מנחם 20,הר חומה
גלרנטר מנחם 21,הר חומה
גלרנטר מנחם 22,הר חומה
גלרנטר מנחם 23,הר חומה
גלרנטר מנחם 24,הר חומה
גלרנטר מנחם 25,הר חומה
גלרנטר מנחם 26,הר חומה
גלרנטר מנחם 5,הר חומה
גלרנטר מנחם 7,הר חומה
גלרנטר מנחם 9,הר חומה
גמול 10,בית ישראל
גמול 12,בית ישראל
גמול 14,בית ישראל
גמול 18,בית ישראל
גמול 4,בית ישראל
גמול 5,בית ישראל
גמול 6,בית ישראל
גמול 8,בית ישראל
גמול 9999,בית ישראל
גמזון ראובן 1,נווה יעקב
גמזון ראובן 11,נווה יעקב
גמזון ראובן 3,נווה יעקב
גמזון ראובן 30,נווה יעקב
גמזון ראובן 32,נווה יעקב
גמזון ראובן 7,נווה יעקב
גמזון ראובן 9,נווה יעקב
גנרל קניג פייר 10,תלפיות
גנרל קניג פייר 17,תלפיות
גנרל קניג פייר 19,תלפיות
גנרל קניג פייר 21,תלפיות
גנרל קניג פייר 25,תלפיות
גנרל קניג פייר 27,תלפיות
גנרל קניג פייר 4,תלפיות
גנרל קניג פייר 6,תלפיות
גנרל קניג פייר 8,תלפיות
גסר א-נסף 10,בית חנינא
גסר א-נסף 5,בית חנינא
גסר א-נסף 9,בית חנינא
גראנאדוס 1,רמת שרת
גראנאדוס 12,רמת שרת
גראנאדוס 14,רמת שרת
גראנאדוס 16,רמת שרת
גראנאדוס 18,רמת שרת
גראנאדוס 4,רמת שרת
גראנאדוס 5,רמת שרת
גראנאדוס 6,רמת שרת
גראנאדוס 8,רמת שרת
גרוזנברג 1,מרכז העיר
גרוזנברג 11,מרכז העיר
גרוזנברג 13,מרכז העיר
גרוזנברג 19,מרכז העיר
גרוזנברג 3,מרכז העיר
גרוזנברג 7,מרכז העיר
גרוזנברג 9,מרכז העיר
גרון אל חומוס,ג'בל מוכבר
גרון אל חומוס 684,ג'בל מוכבר
גרון אל חומוס 999,ג'בל מוכבר
גרון אל חומוס 9999,ג'בל מוכבר
גרונר דב 10,תלפיות מזרח
גרונר דב 11,תלפיות מזרח
גרונר דב 12,תלפיות מזרח
גרונר דב 13,תלפיות מזרח
גרונר דב 14,תלפיות מזרח
גרונר דב 17,תלפיות מזרח
גרונר דב 18,תלפיות מזרח
גרונר דב 20,תלפיות מזרח
גרונר דב 216,תלפיות מזרח
גרונר דב 22,תלפיות מזרח
גרונר דב 237,תלפיות מזרח
גרונר דב 24,תלפיות מזרח
גרונר דב 26,תלפיות מזרח
גרונר דב 271,תלפיות מזרח
גרונר דב 28,תלפיות מזרח
גרונר דב 3,תלפיות מזרח
גרונר דב 30,תלפיות מזרח
גרונר דב 5,תלפיות מזרח
גרונר דב 6,תלפיות מזרח
גרונר דב 7,תלפיות מזרח
גרונר דב 8,תלפיות מזרח
גרונר דב 9,תלפיות מזרח
גרוס זאב 1,רמות
גרוס זאב 2,רמות
גרוס זאב 3,רמות
גרוס זאב 4,רמות
גרוס זאב 5,רמות
גרוס זאב 6,רמות
גרוס זאב 8,רמות
גרוסמן 11,קרית מנחם
גרוסמן 13,קרית מנחם
גרוסמן 15,קרית מנחם
גרוסמן 16,קרית מנחם
גרוסמן 18,קרית מנחם
גרוסמן 20,קרית מנחם
גרוסמן 22,קרית מנחם
גרוסמן 4,קרית מנחם
גרוסמן 9,קרית מנחם
גרינברג חיים 11,רמות
גרינברג חיים 13,רמות
גרינברג חיים 3,רמות
גרינברג חיים 5,רמות
גרינברג חיים 7,רמות
גרינברג חיים 9,רמות
גרינולד 1,קרית היובל
גרינולד 10,קרית היובל
גרינולד 12,קרית היובל
גרינולד 14,קרית היובל
גרינולד 2,קרית היובל
גרינולד 3,קרית היובל
גרינולד 4,קרית היובל
גרינולד 5,קרית היובל
גרינולד 6,קרית היובל
גרינולד 7,קרית היובל
גריניגר פאול 10,פסגת זאב
גריניגר פאול 11,פסגת זאב
גריניגר פאול 13,פסגת זאב
גריניגר פאול 14,פסגת זאב
גריניגר פאול 15,פסגת זאב
גריניגר פאול 16,פסגת זאב
גריניגר פאול 17,פסגת זאב
גריניגר פאול 18,פסגת זאב
גריניגר פאול 19,פסגת זאב
גריניגר פאול 21,פסגת זאב
גריניגר פאול 23,פסגת זאב
גריניגר פאול 25,פסגת זאב
גריניגר פאול 27,פסגת זאב
גריניגר פאול 29,פסגת זאב
גריניגר פאול 6,פסגת זאב
גריניגר פאול 7,פסגת זאב
גריניגר פאול 8,פסגת זאב
גריניגר פאול 9,פסגת זאב
גרינשפן הרשל 10,תלפיות מזרח
גרינשפן הרשל 12,תלפיות מזרח
גרינשפן הרשל 6,תלפיות מזרח
גריק פטריאכט,העיר העתיקה
גריק פטריאכט 19,העיר העתיקה
גריק פטריאכט 9999,העיר העתיקה
גרמי ציון 10,פסגת זאב
גרמי ציון 11,פסגת זאב
גרמי ציון 12,פסגת זאב
גרמי ציון 13,פסגת זאב
גרמי ציון 14,פסגת זאב
גרמי ציון 15,פסגת זאב
גרמי ציון 17,פסגת זאב
גרמי ציון 18,פסגת זאב
גרמי ציון 19,פסגת זאב
גרמי ציון 20,פסגת זאב
גרמי ציון 21,פסגת זאב
גרמי ציון 22,פסגת זאב
גרמי ציון 23,פסגת זאב
גרמי ציון 26,פסגת זאב
גרמי ציון 30,פסגת זאב
גרמי ציון 32,פסגת זאב
גרמי ציון 4,פסגת זאב
גרמי ציון 7,פסגת זאב
גרמי ציון 8,פסגת זאב
גרמי ציון 9,פסגת זאב
גרנות 3,ניות
גרנות 5,ניות
גרץ צבי 10,המושבה הגרמנית
גרץ צבי 11,המושבה הגרמנית
גרץ צבי 12,המושבה הגרמנית
גרץ צבי 13,המושבה הגרמנית
גרץ צבי 14,המושבה הגרמנית
גרץ צבי 15,המושבה הגרמנית
גרץ צבי 17,המושבה הגרמנית
גרץ צבי 18,המושבה הגרמנית
גרץ צבי 19,המושבה הגרמנית
גרץ צבי 3,המושבה הגרמנית
גרץ צבי 4,המושבה הגרמנית
גרץ צבי 5,המושבה הגרמנית
גרץ צבי 7,המושבה הגרמנית
גרץ צבי 9,המושבה הגרמנית
גרשון מאיר 10,פסגת זאב
גרשון מאיר 11,פסגת זאב
גרשון מאיר 12,פסגת זאב
גרשון מאיר 13,פסגת זאב
גרשון מאיר 14,פסגת זאב
גרשון מאיר 15,פסגת זאב
גרשון מאיר 16,פסגת זאב
גרשון מאיר 18,פסגת זאב
גרשון מאיר 20,פסגת זאב
גרשון מאיר 21,פסגת זאב
גרשון מאיר 22,פסגת זאב
גרשון מאיר 23,פסגת זאב
גרשון מאיר 24,פסגת זאב
גרשון מאיר 25,פסגת זאב
גרשון מאיר 27,פסגת זאב
גרשון מאיר 29,פסגת זאב
גרשון מאיר 3,פסגת זאב
גרשון מאיר 31,פסגת זאב
גרשון מאיר 33,פסגת זאב
גרשון מאיר 35,פסגת זאב
גרשון מאיר 39,פסגת זאב
גרשון מאיר 4,פסגת זאב
גרשון מאיר 41,פסגת זאב
גרשון מאיר 43,פסגת זאב
גרשון מאיר 45,פסגת זאב
גרשון מאיר 49,פסגת זאב
גרשון מאיר 5,פסגת זאב
גרשון מאיר 50,פסגת זאב
גרשון מאיר 51,פסגת זאב
גרשון מאיר 52,פסגת זאב
גרשון מאיר 53,פסגת זאב
גרשון מאיר 54,פסגת זאב
גרשון מאיר 55,פסגת זאב
גרשון מאיר 57,פסגת זאב
גרשון מאיר 58,פסגת זאב
גרשון מאיר 59,פסגת זאב
גרשון מאיר 6,פסגת זאב
גרשון מאיר 61,פסגת זאב
גרשון מאיר 63,פסגת זאב
גרשון מאיר 65,פסגת זאב
גרשון מאיר 7,פסגת זאב
גרשון מאיר 8,פסגת זאב
גרשון מאיר 9,פסגת זאב
גשר החיים 11,מקור ברוך
גשר החיים 12,מקור ברוך
גשר החיים 13,מקור ברוך
גשר החיים 15,מקור ברוך
גשר החיים 17,מקור ברוך
גשר החיים 19,מקור ברוך
גשר החיים 4,מקור ברוך
גשר החיים 5,מקור ברוך
גשר החיים 7,מקור ברוך
גשר החיים 9,מקור ברוך
גת 10,קרית משה
גת 12,קרית משה
גת 15,קרית משה
גת 25,קרית משה
גת 3,קרית משה
גת 5,קרית משה
גת 6,קרית משה
גת 7,קרית משה
גת 8,קרית משה
ד'את אל-נטאקין 1,בית חנינא
ד'את אל-נטאקין 10,בית חנינא
ד'את אל-נטאקין 13,בית חנינא
ד'את אל-נטאקין 15,בית חנינא
ד'את אל-נטאקין 17,בית חנינא
ד'את אל-נטאקין 2,בית חנינא
ד'את אל-נטאקין 21,בית חנינא
ד'את אל-נטאקין 23,בית חנינא
ד'את אל-נטאקין 28,בית חנינא
ד'את אל-נטאקין 29,בית חנינא
ד'את אל-נטאקין 3,בית חנינא
ד'את אל-נטאקין 30,בית חנינא
ד'את אל-נטאקין 33,בית חנינא
ד'את אל-נטאקין 36,בית חנינא
ד'את אל-נטאקין 4,בית חנינא
ד'את אל-נטאקין 41,בית חנינא
ד'את אל-נטאקין 43,בית חנינא
ד'את אל-נטאקין 45,בית חנינא
ד'את אל-נטאקין 5,בית חנינא
ד'את אל-נטאקין 6,בית חנינא
ד'את אל-נטאקין 7,בית חנינא
ד'את אל-נטאקין 999,בית חנינא
ד'את אל-נטאקין 9999,בית חנינא
ד'את אל-נטאקין סמ1 1,בית חנינא
ד'את אל-נטאקין סמ1 3,בית חנינא
ד'את אל-נטאקין סמ1 4,בית חנינא
ד'את אל-נטאקין סמ1 5,בית חנינא
ד'ו אלנוריין,וואדי אל-ג'וז
ד'ו אלנוריין 1,וואדי אל-ג'וז
ד'ו אלנוריין 10,וואדי אל-ג'וז
ד'ו אלנוריין 18,וואדי אל-ג'וז
ד'ו אלנוריין 2,וואדי אל-ג'וז
ד'ו אלנוריין 20,וואדי אל-ג'וז
ד'ו אלנוריין 22,וואדי אל-ג'וז
ד'ו אלנוריין 23,וואדי אל-ג'וז
ד'ו אלנוריין 24,וואדי אל-ג'וז
ד'ו אלנוריין 26,וואדי אל-ג'וז
ד'ו אלנוריין 27,וואדי אל-ג'וז
ד'ו אלנוריין 28,וואדי אל-ג'וז
ד'ו אלנוריין 3,וואדי אל-ג'וז
ד'ו אלנוריין 31,וואדי אל-ג'וז
ד'ו אלנוריין 33,וואדי אל-ג'וז
ד'ו אלנוריין 35,וואדי אל-ג'וז
ד'ו אלנוריין 37,וואדי אל-ג'וז
ד'ו אלנוריין 39,וואדי אל-ג'וז
ד'ו אלנוריין 4,וואדי אל-ג'וז
ד'ו אלנוריין 41,וואדי אל-ג'וז
ד'ו אלנוריין 42,וואדי אל-ג'וז
ד'ו אלנוריין 43,וואדי אל-ג'וז
ד'ו אלנוריין 45,וואדי אל-ג'וז
ד'ו אלנוריין 47,וואדי אל-ג'וז
ד'ו אלנוריין 49,וואדי אל-ג'וז
ד'ו אלנוריין 5,וואדי אל-ג'וז
ד'ו אלנוריין 51,וואדי אל-ג'וז
ד'ו אלנוריין 6,וואדי אל-ג'וז
ד'ו אלנוריין 8,וואדי אל-ג'וז
ד'ו אלנוריין 9999,וואדי אל-ג'וז
ד'ו אלנוריין סמ2 2,וואדי אל-ג'וז
ד'ו אלנוריין סמ2 4,וואדי אל-ג'וז
ד'ו אלנוריין סמ3 13,וואדי אל-ג'וז
ד'ו אלנוריין סמ3 4,וואדי אל-ג'וז
ד'ו אלנוריין סמ3 5,וואדי אל-ג'וז
ד'ו אלנוריין סמ3 54,וואדי אל-ג'וז
ד'ו אלנוריין סמ3 6,וואדי אל-ג'וז
דאר א סלאם 1,שועפאט
דאר א סלאם 10,שועפאט
דאר א סלאם 12,שועפאט
דאר א סלאם 13,שועפאט
דאר א סלאם 14,שועפאט
דאר א סלאם 15,שועפאט
דאר א סלאם 17,שועפאט
דאר א סלאם 19,שועפאט
דאר א סלאם 2,שועפאט
דאר א סלאם 4,שועפאט
דאר א סלאם 5,שועפאט
דאר א סלאם 6,שועפאט
דאר א סלאם 8,שועפאט
דאר א סלאם 9,שועפאט
דב הוז 10,גוננים
דב הוז 11,גוננים
דב הוז 15,גוננים
דב הוז 2,גוננים
דב הוז 3,גוננים
דב הוז 4,גוננים
דב הוז 6,גוננים
דב הוז 9,גוננים
דבה 1,א-טור
דבה 11,א-טור
דבה 13,א-טור
דבה 19,א-טור
דבה 27,א-טור
דבה 29,א-טור
דבה 31,א-טור
דבה 33,א-טור
דבה 34,א-טור
דבה 35,א-טור
דבה 36,א-טור
דבה 37,א-טור
דבה 38,א-טור
דבה 39,א-טור
דבה 4,א-טור
דבה 40,א-טור
דבה 41,א-טור
דבה 42,א-טור
דבה 43,א-טור
דבה 44,א-טור
דבה 46,א-טור
דבה 47,א-טור
דבה 49,א-טור
דבה 5,א-טור
דבה 52,א-טור
דבה 7,א-טור
דבה 9,א-טור
דבה סמ2 6,א-טור
דבה סמ4 1,א-טור
דבה סמ4 3,א-טור
דבה סמ4 4,א-טור
דבה סמ4 5,א-טור
דבה סמ4 8,א-טור
דבורה הנביאה 9,מרכז העיר
דברי חיים 12,קרית צאנז
דברי חיים 13,קרית צאנז
דברי חיים 14,קרית צאנז
דברי חיים 16,קרית צאנז
דברי חיים 18,קרית צאנז
דברי חיים 19,קרית צאנז
דברי חיים 20,קרית צאנז
דברי חיים 23,קרית צאנז
דברי חיים 25,קרית צאנז
דברי חיים 26,קרית צאנז
דברי חיים 28,קרית צאנז
דברי חיים 3,קרית צאנז
דברי חיים 30,קרית צאנז
דברי חיים 32,קרית צאנז
דברי חיים 34,קרית צאנז
דברי חיים 36,קרית צאנז
דברי חיים 5,קרית צאנז
דברי חיים 7,קרית צאנז
דברי חיים 8,קרית צאנז
דברי ירוחם 1,בית וגן
דברי ירוחם 2,בית וגן
דברי ירוחם 3,בית וגן
דברי ירוחם 5,בית וגן
דבש 205,גילה
דבש 206,גילה
דבש 208,גילה
דבש 209,גילה
דגל ראובן 10,קרית משה
דגל ראובן 11,קרית משה
דגל ראובן 13,קרית משה
דגל ראובן 3,קרית משה
דגל ראובן 5,קרית משה
דגל ראובן 7,קרית משה
דגל ראובן 9,קרית משה
דגן 10,גילה
דגן 11,גילה
דגן 12,גילה
דגן 13,גילה
דגן 14,גילה
דגן 15,גילה
דגן 17,גילה
דגן 18,גילה
דגן 19,גילה
דגן 20,גילה
דגן 21,גילה
דגן 22,גילה
דגן 23,גילה
דגן 24,גילה
דגן 25,גילה
דגן 27,גילה
דגן 29,גילה
דגן 3,גילה
דגן 30,גילה
דגן 31,גילה
דגן 33,גילה
דגן 34,גילה
דגן 35,גילה
דגן 36,גילה
דגן 38,גילה
דגן 4,גילה
דגן 40,גילה
דגן 41,גילה
דגן 42,גילה
דגן 43,גילה
דגן 44,גילה
דגן 45,גילה
דגן 46,גילה
דגן 47,גילה
דגן 48,גילה
דגן 49,גילה
דגן 5,גילה
דגן 51,גילה
דגן 53,גילה
דגן 55,גילה
דגן 6,גילה
דגן 7,גילה
דגן 8,גילה
דגניה 1,בית הכרם
דגניה 11,בית הכרם
דגניה 13,בית הכרם
דגניה 15,בית הכרם
דגניה 3,בית הכרם
דגניה 5,בית הכרם
דגניה 7,בית הכרם
דגניה 9,בית הכרם
דה הז יעקב 1,רמות
דה הז יעקב 12,רמות
דה הז יעקב 14,רמות
דה הז יעקב 16,רמות
דה הז יעקב 2,רמות
דה הז יעקב 3,רמות
דה הז יעקב 5,רמות
דה הז יעקב 7,רמות
דה הז יעקב 8,רמות
דה הז יעקב 9,רמות
דה לימה נחמיה 1,רמות
דה לימה נחמיה 10,רמות
דה לימה נחמיה 11,רמות
דה לימה נחמיה 12,רמות
דה לימה נחמיה 13,רמות
דה לימה נחמיה 14,רמות
דה לימה נחמיה 15,רמות
דה לימה נחמיה 16,רמות
דה לימה נחמיה 17,רמות
דה לימה נחמיה 18,רמות
דה לימה נחמיה 19,רמות
דה לימה נחמיה 2,רמות
דה לימה נחמיה 20,רמות
דה לימה נחמיה 21,רמות
דה לימה נחמיה 23,רמות
דה לימה נחמיה 4,רמות
דה לימה נחמיה 5,רמות
דה לימה נחמיה 6,רמות
דה לימה נחמיה 7,רמות
דה לימה נחמיה 8,רמות
דה לימה נחמיה 9,רמות
דה-רוסי 10,בית הכרם
דה-רוסי 2,בית הכרם
דה-רוסי 3,בית הכרם
דה-רוסי 4,בית הכרם
דה-רוסי 5,בית הכרם
דה-רוסי 6,בית הכרם
דה-רוסי 7,בית הכרם
דה-רוסי 8,בית הכרם
דהומיי 10,קרית מנחם
דהומיי 12,קרית מנחם
דהומיי 20,קרית מנחם
דהומיי 22,קרית מנחם
דהומיי 34,קרית מנחם
דהומיי 5,קרית מנחם
דהומיי 8,קרית מנחם
דהומיי 9,קרית מנחם
דואר אל נחיל 13,א-טור
דואר אל נחיל 14,א-טור
דואר אל נחיל 16,א-טור
דואר אל נחיל 19,א-טור
דואר אל נחיל 2,א-טור
דואר אל נחיל 21,א-טור
דואר אל נחיל 24,א-טור
דואר אל נחיל 26,א-טור
דואר אל נחיל 33,א-טור
דואר אל נחיל 34,א-טור
דואר אל נחיל 35,א-טור
דואר אל נחיל 36,א-טור
דואר אל נחיל 4,א-טור
דואר אל נחיל 45,א-טור
דואר אל נחיל 48,א-טור
דואר אל נחיל 5,א-טור
דואר אל נחיל 54,א-טור
דואר אל נחיל 56,א-טור
דואר אל נחיל 58,א-טור
דואר אל נחיל 64,א-טור
דובב מישרים 1,רוממה
דובב מישרים 12,רוממה
דובב מישרים 3,רוממה
דובב מישרים 4,רוממה
דובב מישרים 5,רוממה
דובב מישרים 6,רוממה
דובב מישרים 7,רוממה
דובדבני ברוך 1,הולילנד
דובדבני ברוך 11,הולילנד
דובדבני ברוך 15,בית וגן
דובדבני ברוך 17,בית וגן
דובדבני ברוך 19,בית וגן
דובדבני ברוך 21,בית וגן
דובדבני ברוך 25,בית וגן
דובדבני ברוך 7,הולילנד
דובדבני ברוך 9,הולילנד
דובנוב 1,טלביה
דובנוב 11,טלביה
דובנוב 13,טלביה
דובנוב 3,טלביה
דובנוב 5,טלביה
דובנוב 7,טלביה
דובנוב 9,טלביה
דובר שלום 12,קרית צאנז
דובר שלום 13,קרית צאנז
דובר שלום 14,קרית צאנז
דובר שלום 3,קרית צאנז
דובר שלום 5,קרית צאנז
דובר שלום 7,קרית צאנז
דובר שלום 9,קרית צאנז
דוגה שלמה 1,גילה
דוגה שלמה 21,גילה
דוגה שלמה 22,גילה
דוגה שלמה 23,גילה
דוגה שלמה 24,גילה
דוגה שלמה 25,גילה
דוגה שלמה 26,גילה
דוגה שלמה 27,גילה
דוגה שלמה 28,גילה
דוגה שלמה 29,גילה
דוגה שלמה 30,גילה
דוגה שלמה 31,גילה
דוגה שלמה 32,גילה
דוגה שלמה 33,גילה
דוגה שלמה 34,גילה
דוגה שלמה 35,גילה
דוגה שלמה 36,גילה
דוגה שלמה 37,גילה
דוגה שלמה 38,גילה
דוגה שלמה 39,גילה
דוגה שלמה 40,גילה
דוגה שלמה 41,גילה
דוגה שלמה 47,גילה
דוגה שלמה 999,גילה
דוד 18,גאולה
דוד 35,גאולה
דוד החזן 14,בוכרים
דוד החזן 16,בוכרים
דוד החזן 8,בוכרים
דוד החזן 9,בוכרים
דוד המלך 12,ממילא
דוד המלך 27,ממילא
דוד המלך 30,טלביה
דוידסון 10,ניות
דוידסון 12,ניות
דוידסון 14,ניות
דוידסון 16,ניות
דוידסון 18,ניות
דוידסון 2,ניות
דוידסון 20,ניות
דוידסון 6,ניות
דוידסון 8,ניות
דולצ'ין 10,גבעת משואה
דולצ'ין 108,גבעת משואה
דולצ'ין 11,גבעת משואה
דולצ'ין 110,גבעת משואה
דולצ'ין 112,גבעת משואה
דולצ'ין 114,גבעת משואה
דולצ'ין 116,גבעת משואה
דולצ'ין 118,גבעת משואה
דולצ'ין 12,גבעת משואה
דולצ'ין 120,גבעת משואה
דולצ'ין 124,גבעת משואה
דולצ'ין 13,גבעת משואה
דולצ'ין 14,גבעת משואה
דולצ'ין 15,גבעת משואה
דולצ'ין 16,גבעת משואה
דולצ'ין 18,גבעת משואה
דולצ'ין 20,גבעת משואה
דולצ'ין 22,גבעת משואה
דולצ'ין 24,גבעת משואה
דולצ'ין 32,גבעת משואה
דולצ'ין 34,גבעת משואה
דולצ'ין 36,גבעת משואה
דולצ'ין 37,גבעת משואה
דולצ'ין 38,גבעת משואה
דולצ'ין 39,גבעת משואה
דולצ'ין 40,גבעת משואה
דולצ'ין 41,גבעת משואה
דולצ'ין 42,גבעת משואה
דולצ'ין 43,גבעת משואה
דולצ'ין 44,גבעת משואה
דולצ'ין 45,גבעת משואה
דולצ'ין 47,גבעת משואה
דולצ'ין 48,גבעת משואה
דולצ'ין 49,גבעת משואה
דולצ'ין 5,גבעת משואה
דולצ'ין 50,גבעת משואה
דולצ'ין 51,גבעת משואה
דולצ'ין 52,גבעת משואה
דולצ'ין 54,גבעת משואה
דולצ'ין 56,גבעת משואה
דולצ'ין 58,גבעת משואה
דולצ'ין 60,גבעת משואה
דולצ'ין 61,גבעת משואה
דולצ'ין 62,גבעת משואה
דולצ'ין 64,גבעת משואה
דולצ'ין 66,גבעת משואה
דולצ'ין 68,גבעת משואה
דולצ'ין 7,גבעת משואה
דולצ'ין 70,גבעת משואה
דולצ'ין 72,גבעת משואה
דולצ'ין 74,גבעת משואה
דולצ'ין 76,גבעת משואה
דולצ'ין 78,גבעת משואה
דולצ'ין 8,גבעת משואה
דולצ'ין 80,גבעת משואה
דולצ'ין 82,גבעת משואה
דולצ'ין 84,גבעת משואה
דולצ'ין 86,גבעת משואה
דולצ'ין 88,גבעת משואה
דולצ'ין 9,גבעת משואה
דולצ'ין 90,גבעת משואה
דוסטרובסקי אריה 9,תלפיות
דוסתאי 10,קטמון
דוסתאי 11,קטמון
דוסתאי 13,קטמון
דוסתאי 14,קטמון
דוסתאי 15,קטמון
דוסתאי 16,קטמון
דוסתאי 17,קטמון
דוסתאי 18,קטמון
דוסתאי 6,קטמון
דוסתאי 7,קטמון
דוסתאי 8,קטמון
דוסתאי 9,קטמון
דור ודורשיו 11,המושבה הגרמנית
דור ודורשיו 12,המושבה הגרמנית
דור ודורשיו 13,המושבה הגרמנית
דור ודורשיו 14,המושבה הגרמנית
דור ודורשיו 18,המושבה הגרמנית
דור ודורשיו 2,המושבה הגרמנית
דור ודורשיו 3,המושבה הגרמנית
דור ודורשיו 4,המושבה הגרמנית
דור ודורשיו 5,המושבה הגרמנית
דור ודורשיו 6,המושבה הגרמנית
דור ודורשיו 8,המושבה הגרמנית
דור ודורשיו 9,המושבה הגרמנית
דורש טוב 10,רוממה
דורש טוב 12,רוממה
דורש טוב 14,רוממה
דורש טוב 16,רוממה
דורש טוב 6,רוממה
דורש טוב 8,רוממה
דינה 3,בקעה
דינה 4,בקעה
דינה 5,בקעה
דינה 6,בקעה
דינה 7,בקעה
דינה 8,בקעה
דינוביץ גיטל 12,נחלאות
דינור בן ציון 1,בית הכרם
דינור בן ציון 5,בית הכרם
דינור בן ציון 7,בית הכרם
דינור בן ציון 71,בית הכרם
דינור בן ציון 72,בית הכרם
דינור בן ציון 73,בית הכרם
דינור בן ציון 75,בית הכרם
דינור בן ציון 9,בית הכרם
דיניץ שמחה 17,בית הכרם
דיניץ שמחה 21,בית הכרם
דיניץ שמחה 23,בית הכרם
דיניץ שמחה 3,בית הכרם
דיניץ שמחה 5,בית הכרם
דיניץ שמחה 7,בית הכרם
דיניץ שמחה 9,בית הכרם
דיסקין 1,רחביה
דיסקין 10,רחביה
דיסקין 102,רחביה
דיסקין 12,רחביה
דיסקין 16,רחביה
דיסקין 18,רחביה
דיסקין 20,רחביה
דיסקין 21,רחביה
דיסקין 22,רחביה
דיסקין 23,רחביה
דיסקין 24,רחביה
דיסקין 26,רחביה
דיסקין 27,רחביה
דיסקין 28,רחביה
דיסקין 29,רחביה
דיסקין 30,רחביה
דיסקין 32,רחביה
דיסקין 33,רחביה
דיסקין 34,רחביה
דיסקין 35,רחביה
דיסקין 36,רחביה
דיסקין 37,רחביה
דיסקין 38,רחביה
דיסקין 4,רחביה
דיסקין 43,רחביה
דיסקין 8,רחביה
דיר אבו טור 0,אבו תור
דיר אבו טור 10,אבו תור
דיר אבו טור 12,אבו תור
דיר אבו טור 128,אבו תור
דיר אבו טור 130,אבו תור
דיר אבו טור 140,אבו תור
דיר אבו טור 17,אבו תור
דיר אבו טור 178,אבו תור
דיר אבו טור 18,אבו תור
דיר אבו טור 2,אבו תור
דיר אבו טור 20,אבו תור
דיר אבו טור 23,אבו תור
דיר אבו טור 29,אבו תור
דיר אבו טור 32,אבו תור
דיר אבו טור 34,אבו תור
דיר אבו טור 37,אבו תור
דיר אבו טור 38,אבו תור
דיר אבו טור 39,אבו תור
דיר אבו טור 4,אבו תור
דיר אבו טור 42,אבו תור
דיר אבו טור 44,אבו תור
דיר אבו טור 47,אבו תור
דיר אבו טור 5,אבו תור
דיר אבו טור 5555,אבו תור
דיר אבו טור 6,אבו תור
דיר אבו טור 66,אבו תור
דיר אבו טור 7,אבו תור
דיר אבו טור 70,אבו תור
דיר אבו טור 783,אבו תור
דיר אבו טור 8,אבו תור
דיר אבו טור 9,אבו תור
דיר אבו טור 919,אבו תור
דיר אבו טור 920,אבו תור
דיר אל סיריאן,העיר העתיקה
דיר אל סיריאן 1,העיר העתיקה
דיר אל סיריאן 2,העיר העתיקה
דיר אל סיריאן 3,העיר העתיקה
דיר אל סיריאן 4,העיר העתיקה
דיר אל סיריאן 9999,העיר העתיקה
דיר אל עמוד סמ10 30,צור באחר
דיר אל-סנה,ראס אל-עמוד
דיר אל-סנה 10,ראס אל-עמוד
דיר אל-סנה 18,ראס אל-עמוד
דיר אל-סנה 20,ראס אל-עמוד
דיר אל-סנה 29,ראס אל-עמוד
דיר אל-סנה 3,ראס אל-עמוד
דיר אל-סנה 31,ראס אל-עמוד
דיר אל-סנה 37,ראס אל-עמוד
דיר אל-סנה 38,ראס אל-עמוד
דיר אל-סנה 40,ראס אל-עמוד
דיר אל-סנה 42,ראס אל-עמוד
דיר אל-סנה 44,ראס אל-עמוד
דיר אל-סנה 45,ראס אל-עמוד
דיר אל-סנה 48,ראס אל-עמוד
דיר אל-סנה 49,ראס אל-עמוד
דיר אל-סנה 5,ראס אל-עמוד
דיר אל-סנה 51,ראס אל-עמוד
דיר אל-סנה 55,ראס אל-עמוד
דיר אל-סנה 57,ראס אל-עמוד
דיר אל-סנה 6,ראס אל-עמוד
דיר אל-סנה 63,ראס אל-עמוד
דיר אל-סנה 69,ראס אל-עמוד
דיר אל-סנה סמ1,ראס אל-עמוד
דיר אל-סנה סמ1 18,ראס אל-עמוד
דיר אל-סנה סמ1 4,ראס אל-עמוד
דיר אל-סנה סמ1 6,ראס אל-עמוד
דיר אל-סנה סמ1 9,ראס אל-עמוד
דיר אל-סנה סמ1 9999,ראס אל-עמוד
דיר אל-סנה סמ2 10,ראס אל-עמוד
דיר אל-סנה סמ2 13,ראס אל-עמוד
דיר אל-סנה סמ2 16,ראס אל-עמוד
דיר אל-סנה סמ2 5,ראס אל-עמוד
דיר אל-סנה סמ3 13,ראס אל-עמוד
דיר אל-סנה סמ3 17,ראס אל-עמוד
דיר אל-סנה סמ3 23,ראס אל-עמוד
דיר אל-סנה סמ3 3,ראס אל-עמוד
דיר אל-סנה סמ3 5,ראס אל-עמוד
דיר אל-סנה סמ3 8,ראס אל-עמוד
דיר אל-סנה סמ4 38,ראס אל-עמוד
דיר אל-סנה סמ4 5,ראס אל-עמוד
דיר אל-עאמוד 11,צור באחר
דיר אל-עאמוד 17,צור באחר
דיר אל-עאמוד 3,צור באחר
דיר אל-עאמוד 41,צור באחר
דיר אל-עאמוד 45,צור באחר
דיר אל-עאמוד 49,צור באחר
דיר אל-עאמוד 5,צור באחר
דיר אל-עאמוד 52,צור באחר
דיר אל-עאמוד 53,צור באחר
דיר אל-עאמוד 55,צור באחר
דיר אל-עאמוד 59,צור באחר
דיר אל-עאמוד 64,צור באחר
דיר אל-עאמוד 73,צור באחר
דיר אל-עאמוד סמ2 11,צור באחר
דיר אל-עאמוד סמ2 13,צור באחר
דיר אל-עאמוד סמ2 26,צור באחר
דיר אל-עאמוד סמ2 30,צור באחר
דיר אל-עאמוד סמ2 5,צור באחר
דיר אל-עאמוד סמ2 7,צור באחר
דיר אל-עאמוד סמ4 15,צור באחר
דיר אל-עאמוד סמ4 19,צור באחר
דיר אל-עאמוד סמ4 6,צור באחר
דיר אל-עאמוד סמ6 21,צור באחר
דיר אל-עאמוד סמ6 26,צור באחר
דישראלי 1,טלביה
דישראלי 11,טלביה
דישראלי 12,טלביה
דישראלי 14,טלביה
דישראלי 15,טלביה
דישראלי 19,טלביה
דישראלי 21,טלביה
דישראלי 3,טלביה
דישראלי 4,טלביה
דישראלי 5,טלביה
דישראלי 6,טלביה
דישראלי 8,טלביה
דלה פרגולה 10,גילה
דלה פרגולה 11,גילה
דלה פרגולה 12,גילה
דלה פרגולה 14,גילה
דלה פרגולה 15,גילה
דלה פרגולה 16,גילה
דלה פרגולה 17,גילה
דלה פרגולה 18,גילה
דלה פרגולה 19,גילה
דלה פרגולה 20,גילה
דלה פרגולה 21,גילה
דלה פרגולה 22,גילה
דלה פרגולה 23,גילה
דלה פרגולה 24,גילה
דלה פרגולה 25,גילה
דלה פרגולה 26,גילה
דלה פרגולה 27,גילה
דלה פרגולה 29,גילה
דלה פרגולה 3,גילה
דלה פרגולה 31,גילה
דלה פרגולה 4,גילה
דלה פרגולה 5,גילה
דלה פרגולה 6,גילה
דלה פרגולה 7,גילה
דלה פרגולה 8,גילה
דלה פרגולה 9,גילה
דלמן 11,באב א-זהרה
דלמן 12,באב א-זהרה
דלמן 13,באב א-זהרה
דלמן 15,באב א-זהרה
דלמן 19,באב א-זהרה
דלמן 21,באב א-זהרה
דלמן 3,באב א-זהרה
דלמן 4,באב א-זהרה
דלמן 6,באב א-זהרה
דלמן 7,באב א-זהרה
דלמן 8,באב א-זהרה
דלמן 9,באב א-זהרה
דלתון 11,נחלאות
דלתון 3,נחלאות
דלתון 5,נחלאות
דלתון 6,נחלאות
דלתון 7,נחלאות
דלתון 8,נחלאות
דלתון 9,נחלאות
דמיטריוס הקדוש 14,העיר העתיקה
דן 10,בקעה
דן 13,בקעה
דן 14,בקעה
דן 15,בקעה
דן 16,בקעה
דן 17,בקעה
דן 18,בקעה
דן 19,בקעה
דן 20,בקעה
דן 21,בקעה
דן 22,בקעה
דן 23,בקעה
דן 24,בקעה
דן 25,בקעה
דן 26,בקעה
דן 27,בקעה
דן 29,בקעה
דן 4,בקעה
דן 5,בקעה
דן 7,בקעה
דן 8,בקעה
דניאל 1,מוסררה
דניאל 3,מוסררה
דניאל 5,מוסררה
דניאל 7,מוסררה
דסקל 10,רמת שרת
דסקל 12,רמת שרת
דסקל 14,רמת שרת
דסקל 3,רמת שרת
דסקל 6,רמת שרת
דסקל 8,רמת שרת
דרוק שלמה זלמן 10,רמת שלמה
דרוק שלמה זלמן 103,רמת שלמה
דרוק שלמה זלמן 105,רמת שלמה
דרוק שלמה זלמן 11,רמת שלמה
דרוק שלמה זלמן 12,רמת שלמה
דרוק שלמה זלמן 13,רמת שלמה
דרוק שלמה זלמן 14,רמת שלמה
דרוק שלמה זלמן 16,רמת שלמה
דרוק שלמה זלמן 18,רמת שלמה
דרוק שלמה זלמן 2,רמת שלמה
דרוק שלמה זלמן 20,רמת שלמה
דרוק שלמה זלמן 28,רמת שלמה
דרוק שלמה זלמן 3,רמת שלמה
דרוק שלמה זלמן 34,רמת שלמה
דרוק שלמה זלמן 38,רמת שלמה
דרוק שלמה זלמן 4,רמת שלמה
דרוק שלמה זלמן 40,רמת שלמה
דרוק שלמה זלמן 44,רמת שלמה
דרוק שלמה זלמן 46,רמת שלמה
דרוק שלמה זלמן 48,רמת שלמה
דרוק שלמה זלמן 50,רמת שלמה
דרוק שלמה זלמן 56,רמת שלמה
דרוק שלמה זלמן 57,רמת שלמה
דרוק שלמה זלמן 58,רמת שלמה
דרוק שלמה זלמן 59,רמת שלמה
דרוק שלמה זלמן 6,רמת שלמה
דרוק שלמה זלמן 60,רמת שלמה
דרוק שלמה זלמן 62,רמת שלמה
דרוק שלמה זלמן 64,רמת שלמה
דרוק שלמה זלמן 68,רמת שלמה
דרוק שלמה זלמן 69,רמת שלמה
דרוק שלמה זלמן 7,רמת שלמה
דרוק שלמה זלמן 71,רמת שלמה
דרוק שלמה זלמן 72,רמת שלמה
דרוק שלמה זלמן 73,רמת שלמה
דרוק שלמה זלמן 75,רמת שלמה
דרוק שלמה זלמן 76,רמת שלמה
דרוק שלמה זלמן 77,רמת שלמה
דרוק שלמה זלמן 78,רמת שלמה
דרוק שלמה זלמן 79,רמת שלמה
דרוק שלמה זלמן 8,רמת שלמה
דרוק שלמה זלמן 80,רמת שלמה
דרוק שלמה זלמן 81,רמת שלמה
דרוק שלמה זלמן 83,רמת שלמה
דרוק שלמה זלמן 85,רמת שלמה
דרוק שלמה זלמן 87,רמת שלמה
דרוק שלמה זלמן 89,רמת שלמה
דרוק שלמה זלמן 9,רמת שלמה
דרוק שלמה זלמן 91,רמת שלמה
דרוק שלמה זלמן 93,רמת שלמה
דרוק שלמה זלמן 97,רמת שלמה
דרוק שלמה זלמן 99,רמת שלמה
דרזנר יחיאל 10,תלפיות מזרח
דרזנר יחיאל 12,תלפיות מזרח
דרזנר יחיאל 2,תלפיות מזרח
דרזנר יחיאל 3,תלפיות מזרח
דרזנר יחיאל 4,תלפיות מזרח
דרזנר יחיאל 401,תלפיות מזרח
דרזנר יחיאל 408,תלפיות מזרח
דרזנר יחיאל 490,תלפיות מזרח
דרזנר יחיאל 6,תלפיות מזרח
דרזנר יחיאל 8,תלפיות מזרח
דרך אבו-ת'ור 12,אבו תור
דרך אבו-ת'ור 13,אבו תור
דרך אבו-ת'ור 15,אבו תור
דרך אבו-ת'ור 17,אבו תור
דרך אבו-ת'ור 20,אבו תור
דרך אבו-ת'ור 22,אבו תור
דרך אבו-ת'ור 23,אבו תור
דרך אבו-ת'ור 24,אבו תור
דרך אבו-ת'ור 27,אבו תור
דרך אבו-ת'ור 31,אבו תור
דרך אבו-ת'ור 33,אבו תור
דרך אבו-ת'ור 35,אבו תור
דרך אבו-ת'ור 4,אבו תור
דרך אבו-ת'ור 40,אבו תור
דרך אבו-ת'ור 42,אבו תור
דרך אבו-ת'ור 47,אבו תור
דרך אבו-ת'ור 49,אבו תור
דרך אבו-ת'ור 5,אבו תור
דרך אבו-ת'ור 50,אבו תור
דרך אבו-ת'ור 52,אבו תור
דרך אבו-ת'ור 55,אבו תור
דרך אבו-ת'ור 56,אבו תור
דרך אבו-ת'ור 57,אבו תור
דרך אבו-ת'ור 6,אבו תור
דרך אבו-ת'ור 60,אבו תור
דרך אבו-ת'ור 63,אבו תור
דרך אבו-ת'ור 72,אבו תור
דרך אבו-ת'ור 74,אבו תור
דרך אבו-ת'ור 78,אבו תור
דרך אבו-ת'ור 8,אבו תור
דרך אבו-ת'ור 80,אבו תור
דרך אבו-ת'ור 84,אבו תור
דרך אבו-ת'ור 86,אבו תור
דרך אבו-ת'ור 88,אבו תור
דרך אבו-ת'ור 90,אבו תור
דרך אבו-ת'ור 999,אבו תור
דרך אבו-ת'ור 9999,אבו תור
דרך אבו-ת'ור סמ2 24,אבו תור
דרך אבו-ת'ור סמ2 3,אבו תור
דרך אבו-ת'ור סמ2 4,אבו תור
דרך אבו-ת'ור סמ2 8,אבו תור
דרך אבו-ת'ור סמ4 6,אבו תור
דרך אבו-ת'ור סמ4 7,אבו תור
דרך אל-צוואנה,א-טור
דרך אל-צוואנה 11,א-טור
דרך אל-צוואנה 70,א-טור
דרך אל-צוואנה סמ1 10,א-טור
דרך אל-צוואנה סמ1 12,א-טור
דרך אל-צוואנה סמ1 2,א-טור
דרך אל-צוואנה סמ1 23,א-טור
דרך אל-צוואנה סמ1 25,א-טור
דרך אל-צוואנה סמ1 27,א-טור
דרך אל-צוואנה סמ1 33,א-טור
דרך אל-צוואנה סמ1 35,א-טור
דרך אל-צוואנה סמ1 51,א-טור
דרך אל-צוואנה סמ1 796,א-טור
דרך אל-צוואנה סמ1 9999,א-טור
דרך אל-צוואנה סמ3 19,א-טור
דרך אל-צוואנה סמ4 10,א-טור
דרך אל-צוואנה סמ4 4,א-טור
דרך אל-צוואנה סמ4 6,א-טור
דרך אל-צוואנה סמ4 7,א-טור
דרך אל-צוואנה סמ4 8,א-טור
דרך אל-צוואנה סמ5 11,א-טור
דרך אל-צוואנה סמ5 12,א-טור
דרך אל-צוואנה סמ5 13,א-טור
דרך אל-צוואנה סמ5 21,א-טור
דרך אל-צוואנה סמ5 7,א-טור
דרך אל-צוואנה סמ5 9,א-טור
דרך אל-צוואנה סמ7 9,א-טור
דרך אל-שיאח,א-טור
דרך אל-שיאח 109,א-טור
דרך אל-שיאח 114,א-טור
דרך אל-שיאח 13,א-טור
דרך אל-שיאח 150,א-טור
דרך אל-שיאח 16,א-טור
דרך אל-שיאח 162,א-טור
דרך אל-שיאח 18,א-טור
דרך אל-שיאח 19,א-טור
דרך אל-שיאח 30,א-טור
דרך אל-שיאח 34,א-טור
דרך אל-שיאח 36,א-טור
דרך אל-שיאח 66,א-טור
דרך אל-שיאח 68,א-טור
דרך אל-שיאח 82,א-טור
דרך אל-שיאח 90,א-טור
דרך אל-שיאח 9999,א-טור
דרך אל-שיאח סמ1,א-טור
דרך אל-שיאח סמ1 9999,א-טור
דרך אל-שיאח סמ2 13,א-טור
דרך אל-שיאח סמ2 19,א-טור
דרך אל-שיאח סמ2 21,א-טור
דרך אל-שיאח סמ2 25,א-טור
דרך אל-שיאח סמ2 29,א-טור
דרך אל-שיאח סמ2 35,א-טור
דרך אל-שיאח סמ2 37,א-טור
דרך אל-שיאח סמ2 39,א-טור
דרך אל-שיאח סמ2 43,א-טור
דרך אל-שיאח סמ2 5,א-טור
דרך אל-שיאח סמ2 674,א-טור
דרך אל-שיאח סמ2 999,א-טור
דרך אל-שיאח סמ2 9999,א-טור
דרך אל-שיאח סמ3 1,א-טור
דרך אל-שיאח סמ3 10,א-טור
דרך אל-שיאח סמ3 14,א-טור
דרך אל-שיאח סמ3 4,א-טור
דרך אל-שיאח סמ6 3,א-טור
דרך אל-שיאח סמ6 8,א-טור
דרך בית חנינא 104,שועפאט
דרך בית חנינא 107,שועפאט
דרך בית חנינא 108,שועפאט
דרך בית חנינא 111,שועפאט
דרך בית חנינא 12,שועפאט
דרך בית חנינא 18,שועפאט
דרך בית חנינא 22,שועפאט
דרך בית חנינא 24,שועפאט
דרך בית חנינא 31,שועפאט
דרך בית חנינא 34,שועפאט
דרך בית חנינא 38,שועפאט
דרך בית חנינא 6,שועפאט
דרך בית חנינא 65,שועפאט
דרך בית חנינא 71,שועפאט
דרך בית חנינא 74,שועפאט
דרך בית חנינא 82,שועפאט
דרך בית חנינא 86,שועפאט
דרך בית חנינא 87,שועפאט
דרך בית חנינא 92,שועפאט
דרך בית חנינא 93,שועפאט
דרך בית חנינא 94,שועפאט
דרך בית לחם 101,תלפיות
דרך בית לחם 106,בקעה
דרך בית לחם 112,תלפיות
דרך בית לחם 114,תלפיות
דרך בית לחם 116,תלפיות
דרך בית לחם 121,תלפיות
דרך בית לחם 125,תלפיות
דרך בית לחם 127,תלפיות
דרך בית לחם 131,תלפיות
דרך בית לחם 133,תלפיות
דרך בית לחם 135,תלפיות
דרך בית לחם 137,תלפיות
דרך בית לחם 15,תלפיות
דרך בית לחם 158,בקעה
דרך בית לחם 162,בקעה
דרך בית לחם 172,בקעה
דרך בית לחם 19,בקעה
דרך בית לחם 20,בקעה
דרך בית לחם 209,בקעה
דרך בית לחם 22,בקעה
דרך בית לחם 229,בקעה
דרך בית לחם 24,בקעה
דרך בית לחם 245,בקעה
דרך בית לחם 25,בקעה
דרך בית לחם 37,בקעה
דרך בית לחם 38,המושבה הגרמנית
דרך בית לחם 39,בקעה
דרך בית לחם 40,המושבה הגרמנית
דרך בית לחם 44,המושבה הגרמנית
דרך בית לחם 45,בקעה
דרך בית לחם 46,המושבה הגרמנית
דרך בית לחם 47,בקעה
דרך בית לחם 48,בקעה
דרך בית לחם 50,בקעה
דרך בית לחם 55,בקעה
דרך בית לחם 57,בקעה
דרך בית לחם 58,בקעה
דרך בית לחם 61,בקעה
דרך בית לחם 63,בקעה
דרך בית לחם 64,בקעה
דרך בית לחם 675,בקעה
דרך בית לחם 71,בקעה
דרך בית לחם 76,בקעה
דרך בית לחם 83,תלפיות
דרך בית לחם 86,בקעה
דרך בית לחם 89,תלפיות
דרך בית לחם 91,תלפיות
דרך בית לחם 93,תלפיות
דרך בית לחם 98,בקעה
דרך בנימינה 11,עין כרם
דרך בנימינה 12,עין כרם
דרך בנימינה 13,עין כרם
דרך בנימינה 14,עין כרם
דרך בנימינה 15,עין כרם
דרך בנימינה 16,עין כרם
דרך בנימינה 8,עין כרם
דרך בר-לב 101,באב א-זהרה
דרך בר-לב 103,באב א-זהרה
דרך בר-לב 105,באב א-זהרה
דרך בר-לב 93,באב א-זהרה
דרך בר-לב 95,באב א-זהרה
דרך בר-לב 97,באב א-זהרה
דרך בר-לב 99,באב א-זהרה
דרך ג'בל מוכבר 1,ג'בל מוכבר
דרך ג'בל מוכבר 118,ג'בל מוכבר
דרך ג'בל מוכבר 143,ג'בל מוכבר
דרך ג'בל מוכבר 145,ג'בל מוכבר
דרך ג'בל מוכבר 146,ג'בל מוכבר
דרך ג'בל מוכבר 25,ג'בל מוכבר
דרך ג'בל מוכבר 31,ג'בל מוכבר
דרך ג'בל מוכבר 33,ג'בל מוכבר
דרך ג'בל מוכבר 42,ג'בל מוכבר
דרך ג'בל מוכבר 47,ג'בל מוכבר
דרך ג'בל מוכבר 55,ג'בל מוכבר
דרך ג'בל מוכבר 69,ג'בל מוכבר
דרך ג'בל מוכבר 73,ג'בל מוכבר
דרך ג'בל מוכבר 77,ג'בל מוכבר
דרך ג'בל מוכבר 8,ג'בל מוכבר
דרך ג'בל מוכבר 999,ג'בל מוכבר
דרך ג'בל מוכבר סמ1 10,ג'בל מוכבר
דרך ג'בל מוכבר סמ1 12,ג'בל מוכבר
דרך ג'בל מוכבר סמ1 17,ג'בל מוכבר
דרך ג'בל מוכבר סמ1 21,ג'בל מוכבר
דרך ג'בל מוכבר סמ1 22,ג'בל מוכבר
דרך ג'בל מוכבר סמ1 25,ג'בל מוכבר
דרך ג'בל מוכבר סמ1 26,ג'בל מוכבר
דרך ג'בל מוכבר סמ1 28,ג'בל מוכבר
דרך ג'בל מוכבר סמ1 3,ג'בל מוכבר
דרך ג'בל מוכבר סמ1 7,ג'בל מוכבר
דרך ג'בל מוכבר סמ1 9999,ג'בל מוכבר
דרך ג'בל מוכבר סמ11 1,ג'בל מוכבר
דרך ג'בל מוכבר סמ11 21,ג'בל מוכבר
דרך ג'בל מוכבר סמ11 22,ג'בל מוכבר
דרך ג'בל מוכבר סמ11 28,ג'בל מוכבר
דרך ג'בל מוכבר סמ11 7,ג'בל מוכבר
דרך ג'בל מוכבר סמ3 1,ג'בל מוכבר
דרך ג'בל מוכבר סמ3 3,ג'בל מוכבר
דרך ג'בל מוכבר סמ3 5,ג'בל מוכבר
דרך ג'בל מוכבר סמ3 7,ג'בל מוכבר
דרך ג'בל מוכבר סמ5 10,ג'בל מוכבר
דרך ג'בל מוכבר סמ5 14,ג'בל מוכבר
דרך ג'בל מוכבר סמ5 6,ג'בל מוכבר
דרך ג'בל מוכבר סמ6 6,ג'בל מוכבר
דרך ג'בל מוכבר סמ6 9999,ג'בל מוכבר
דרך ג'בל מוכבר סמ9,ג'בל מוכבר
דרך ג'בל מוכבר סמ9 14,ג'בל מוכבר
דרך ג'בל מוכבר סמ9 16,ג'בל מוכבר
דרך ג'בל מוכבר סמ9 18,ג'בל מוכבר
דרך ג'בל מוכבר סמ9 22,ג'בל מוכבר
דרך ג'בל מוכבר סמ9 9999,ג'בל מוכבר
דרך האחיות 10,עין כרם
דרך האחיות 11,עין כרם
דרך האחיות 12,עין כרם
דרך האחיות 15,עין כרם
דרך האחיות 2,עין כרם
דרך האחיות 21,עין כרם
דרך האחיות 23,עין כרם
דרך האחיות 27,עין כרם
דרך האחיות 3,עין כרם
דרך האחיות 4,עין כרם
דרך האחיות 5,עין כרם
דרך האילנות 3,עין כרם
דרך האילנות 4,עין כרם
דרך האילנות 5,עין כרם
דרך האילנות 7,עין כרם
דרך החורש 10,רמות
דרך החורש 100,רמות
דרך החורש 102,רמות
דרך החורש 104,רמות
דרך החורש 106,רמות
דרך החורש 108,רמות
דרך החורש 11,רמות
דרך החורש 110,רמות
דרך החורש 112,רמות
דרך החורש 114,רמות
דרך החורש 116,רמות
דרך החורש 118,רמות
דרך החורש 12,רמות
דרך החורש 120,רמות
דרך החורש 122,רמות
דרך החורש 124,רמות
דרך החורש 126,רמות
דרך החורש 128,רמות
דרך החורש 13,רמות
דרך החורש 130,רמות
דרך החורש 132,רמות
דרך החורש 134,רמות
דרך החורש 14,רמות
דרך החורש 15,רמות
דרך החורש 16,רמות
דרך החורש 163,רמות
דרך החורש 165,רמות
דרך החורש 167,רמות
דרך החורש 169,רמות
דרך החורש 17,רמות
דרך החורש 171,רמות
דרך החורש 173,רמות
דרך החורש 175,רמות
דרך החורש 177,רמות
דרך החורש 179,רמות
דרך החורש 18,רמות
דרך החורש 181,רמות
דרך החורש 183,רמות
דרך החורש 185,רמות
דרך החורש 189,רמות
דרך החורש 19,רמות
דרך החורש 191,רמות
דרך החורש 193,רמות
דרך החורש 195,רמות
דרך החורש 197,רמות
דרך החורש 199,רמות
דרך החורש 2,רמות
דרך החורש 20,רמות
דרך החורש 201,רמות
דרך החורש 203,רמות
דרך החורש 21,רמות
דרך החורש 22,רמות
דרך החורש 23,רמות
דרך החורש 24,רמות
דרך החורש 25,רמות
דרך החורש 26,רמות
דרך החורש 27,רמות
דרך החורש 3,רמות
דרך החורש 30,רמות
דרך החורש 31,רמות
דרך החורש 32,רמות
דרך החורש 33,רמות
דרך החורש 34,רמות
דרך החורש 35,רמות
דרך החורש 36,רמות
דרך החורש 37,רמות
דרך החורש 38,רמות
דרך החורש 39,רמות
דרך החורש 4,רמות
דרך החורש 41,רמות
דרך החורש 43,רמות
דרך החורש 44,רמות
דרך החורש 45,רמות
דרך החורש 46,רמות
דרך החורש 47,רמות
דרך החורש 48,רמות
דרך החורש 49,רמות
דרך החורש 5,רמות
דרך החורש 50,רמות
דרך החורש 51,רמות
דרך החורש 52,רמות
דרך החורש 53,רמות
דרך החורש 54,רמות
דרך החורש 55,רמות
דרך החורש 56,רמות
דרך החורש 57,רמות
דרך החורש 58,רמות
דרך החורש 59,רמות
דרך החורש 6,רמות
דרך החורש 60,רמות
דרך החורש 61,רמות
דרך החורש 62,רמות
דרך החורש 63,רמות
דרך החורש 64,רמות
דרך החורש 65,רמות
דרך החורש 67,רמות
דרך החורש 69,רמות
דרך החורש 7,רמות
דרך החורש 71,רמות
דרך החורש 73,רמות
דרך החורש 75,רמות
דרך החורש 76,רמות
דרך החורש 77,רמות
דרך החורש 78,רמות
דרך החורש 79,רמות
דרך החורש 8,רמות
דרך החורש 80,רמות
דרך החורש 81,רמות
דרך החורש 82,רמות
דרך החורש 83,רמות
דרך החורש 84,רמות
דרך החורש 85,רמות
דרך החורש 86,רמות
דרך החורש 87,רמות
דרך החורש 89,רמות
דרך החורש 9,רמות
דרך החורש 91,רמות
דרך החורש 92,רמות
דרך החורש 93,רמות
דרך החורש 94,רמות
דרך החורש 95,רמות
דרך החורש 96,רמות
דרך החורש 98,רמות
דרך הסלע 16,עין כרם
דרך הר הזיתים 13,שיח' ג'ראח
דרך הר הזיתים 18,שיח' ג'ראח
דרך הר הזיתים 20,שיח' ג'ראח
דרך הר הזיתים 30,שיח' ג'ראח
דרך הר הזיתים 31,שיח' ג'ראח
דרך הר הזיתים 5,שיח' ג'ראח
דרך הר הזיתים 6,שיח' ג'ראח
דרך השילוח 113,סילואן
דרך השילוח 41,סילואן
דרך השילוח 42,סילואן
דרך השילוח 47,סילואן
דרך השילוח 55,סילואן
דרך השילוח 59,סילואן
דרך השילוח 60,סילואן
דרך השילוח 63,סילואן
דרך השילוח 64,סילואן
דרך השילוח 65,סילואן
דרך השילוח 85,סילואן
דרך השילוח 9999,סילואן
דרך ואדי אל ג'וז 11,שיח' ג'ראח
דרך ואדי אל ג'וז 47,שיח' ג'ראח
דרך חברון 100,ארנונה
דרך חברון 102,ארנונה
דרך חברון 110,בקעה
דרך חברון 111,ארנונה
דרך חברון 113,ארנונה
דרך חברון 114,ארנונה
דרך חברון 115,ארנונה
דרך חברון 116,בקעה
דרך חברון 117,ארנונה
דרך חברון 119,ארנונה
דרך חברון 120,ארנונה
דרך חברון 121,ארנונה
דרך חברון 122,בקעה
דרך חברון 131,ארנונה
דרך חברון 133,ארנונה
דרך חברון 135,ארנונה
דרך חברון 137,ארנונה
דרך חברון 139,ארנונה
דרך חברון 141,ארנונה
דרך חברון 148,בקעה
דרך חברון 150,בקעה
דרך חברון 153,ארנונה
דרך חברון 155,ארנונה
דרך חברון 157,ארנונה
דרך חברון 171,בקעה
דרך חברון 187,בקעה
דרך חברון 189,בקעה
דרך חברון 19,בקעה
דרך חברון 33,בקעה
דרך חברון 35,בקעה
דרך חברון 37,בקעה
דרך חברון 39,בקעה
דרך חברון 43,בקעה
דרך חברון 45,בקעה
דרך חברון 46,בקעה
דרך חברון 52,בקעה
דרך חברון 555,בקעה
דרך חברון 58,בקעה
דרך חברון 63,בקעה
דרך חברון 66,בקעה
דרך חברון 67,בקעה
דרך חברון 70,בקעה
דרך חברון 72,בקעה
דרך חברון 75,בקעה
דרך חברון 77,בקעה
דרך חברון 79,בקעה
דרך חברון 80,בקעה
דרך חברון 81,בקעה
דרך חברון 82,בקעה
דרך חברון 83,בקעה
דרך חברון 84,בקעה
דרך חברון 86,בקעה
דרך חברון 87,בקעה
דרך חברון 88,בקעה
דרך חברון 89,בקעה
דרך חברון 90,בקעה
דרך חברון 91,בקעה
דרך חברון 92,בקעה
דרך חברון 93,בקעה
דרך חברון 94,בקעה
דרך חברון 999,בקעה
דרך חיזמא סמ3 4,בית חנינא
דרך חיזמא סמ3 7,בית חנינא
דרך חיזמא סמ4 16,בית חנינא
דרך חיזמא סמ4 2,בית חנינא
דרך חיזמא סמ4 20,בית חנינא
דרך חיזמא סמ4 6,בית חנינא
דרך חיזמא סמ4 8,בית חנינא
דרך חיזמא סמ7 4,בית חנינא
דרך חיזמא סמ7 5,בית חנינא
דרך חיזמא סמ7 6,בית חנינא
דרך חיזמא סמ7 7,בית חנינא
דרך חיזמא סמ7 8,בית חנינא
דרך חיזמא סמ7 9,בית חנינא
דרך חיזמא סמ9 2,בית חנינא
דרך חיזמה,בית חנינא
דרך חיזמה 1,בית חנינא
דרך חיזמה 10,בית חנינא
דרך חיזמה 15,בית חנינא
דרך חיזמה 19,בית חנינא
דרך חיזמה 2,בית חנינא
דרך חיזמה 23,בית חנינא
דרך חיזמה 30,בית חנינא
דרך חיזמה 38,בית חנינא
דרך חיזמה 46,בית חנינא
דרך חיזמה 7,בית חנינא
דרך יריחו 10,א-טור
דרך יריחו 103,א-טור
דרך יריחו 104,א-טור
דרך יריחו 110,א-טור
דרך יריחו 111,א-טור
דרך יריחו 115,א-טור
דרך יריחו 119,א-טור
דרך יריחו 12,א-טור
דרך יריחו 123,א-טור
דרך יריחו 130,א-טור
דרך יריחו 131,א-טור
דרך יריחו 134,א-טור
דרך יריחו 135,א-טור
דרך יריחו 138,א-טור
דרך יריחו 14,א-טור
דרך יריחו 142,א-טור
דרך יריחו 143,א-טור
דרך יריחו 144,א-טור
דרך יריחו 150,א-טור
דרך יריחו 153,א-טור
דרך יריחו 154,א-טור
דרך יריחו 159,א-טור
דרך יריחו 162,א-טור
דרך יריחו 170,א-טור
דרך יריחו 172,א-טור
דרך יריחו 175,א-טור
דרך יריחו 176,א-טור
דרך יריחו 177,א-טור
דרך יריחו 18,א-טור
דרך יריחו 185,א-טור
דרך יריחו 187,א-טור
דרך יריחו 188,א-טור
דרך יריחו 19,א-טור
דרך יריחו 193,א-טור
דרך יריחו 194,א-טור
דרך יריחו 195,א-טור
דרך יריחו 196,א-טור
דרך יריחו 197,א-טור
דרך יריחו 198,א-טור
דרך יריחו 2,א-טור
דרך יריחו 200,א-טור
דרך יריחו 205,א-טור
דרך יריחו 207,א-טור
דרך יריחו 21,א-טור
דרך יריחו 220,א-טור
דרך יריחו 221,א-טור
דרך יריחו 223,א-טור
דרך יריחו 230,א-טור
דרך יריחו 234,א-טור
דרך יריחו 235,א-טור
דרך יריחו 236,א-טור
דרך יריחו 237,א-טור
דרך יריחו 238,א-טור
דרך יריחו 241,א-טור
דרך יריחו 243,א-טור
דרך יריחו 248,א-טור
דרך יריחו 254,א-טור
דרך יריחו 256,א-טור
דרך יריחו 5,א-טור
דרך יריחו 6,א-טור
דרך יריחו 64,א-טור
דרך יריחו 66,א-טור
דרך יריחו 72,א-טור
דרך יריחו 76,א-טור
דרך יריחו 78,א-טור
דרך יריחו 84,א-טור
דרך יריחו 85,א-טור
דרך יריחו 92,א-טור
דרך יריחו סמ12 1,א-טור
דרך יריחו סמ12 3,א-טור
דרך יריחו סמ12 4,א-טור
דרך יריחו סמ12 6,א-טור
דרך יריחו סמ6 10,ראס אל-עמוד
דרך יריחו סמ6 143,ראס אל-עמוד
דרך יריחו סמ6 2,ראס אל-עמוד
דרך יריחו סמ6 4,ראס אל-עמוד
דרך יריחו סמ6 999,ראס אל-עמוד
דרך יריחו סמ6 9999,ראס אל-עמוד
דרך כפר עקב 13,כפר עקב
דרך כפר עקב 2,כפר עקב
דרך כפר עקב 36,כפר עקב
דרך כפר עקב 999,כפר עקב
דרך כפר עקב 9999,כפר עקב
דרך כפר עקב סמ1 14,כפר עקב
דרך כפר עקב סמ1 16,כפר עקב
דרך כפר עקב סמ3 45,כפר עקב
דרך כפר עקב סמ3 66,כפר עקב
דרך כפר עקב סמ3 999,כפר עקב
דרך כפר עקב סמ3 9999,כפר עקב
דרך כפר עקב סמ4 3,כפר עקב
דרך כפר עקב סמ5 31,כפר עקב
דרך כפר עקב סמ5 9,כפר עקב
דרך כרמית 10,עין כרם
דרך כרמית 12,עין כרם
דרך כרמית 16,קרית היובל
דרך כרמית 18,עין כרם
דרך כרמית 20,עין כרם
דרך כרמית 22,עין כרם
דרך כרמית 5,עין כרם
דרך כרמית 66,עין כרם
דרך כרמית 7,עין כרם
דרך מנחת 1,מלחה
דרך מנחת 12,מלחה
דרך מנחת 6,מלחה
דרך ענתות 1,ענתא
דרך ענתות 12,ענתא
דרך ענתות 14,ענתא
דרך ענתות 18,ענתא
דרך ענתות 2,ענתא
דרך ענתות 20,ענתא
דרך ענתות 21,ענתא
דרך ענתות 23,ענתא
דרך ענתות 25,ענתא
דרך ענתות 26,ענתא
דרך ענתות 27,ענתא
דרך ענתות 3,ענתא
דרך ענתות 33,ענתא
דרך ענתות 35,ענתא
דרך ענתות 5,ענתא
דרך ענתות 6,ענתא
דרך ענתות 7,ענתא
דרך ענתות 8,ענתא
דרך ענתות 9,ענתא
דרך קרית יובל 4,קרית היובל
דרך ראמאללה 10,כפר עקב
דרך ראמאללה 100,כפר עקב
דרך ראמאללה 1015,כפר עקב
דרך ראמאללה 1021,כפר עקב
דרך ראמאללה 1027,כפר עקב
דרך ראמאללה 1029,כפר עקב
דרך ראמאללה 1033,כפר עקב
דרך ראמאללה 1037,כפר עקב
דרך ראמאללה 1039,כפר עקב
דרך ראמאללה 104,כפר עקב
דרך ראמאללה 1062,כפר עקב
דרך ראמאללה 1064,כפר עקב
דרך ראמאללה 1075,כפר עקב
דרך ראמאללה 1077,כפר עקב
דרך ראמאללה 1089,כפר עקב
דרך ראמאללה 1094,כפר עקב
דרך ראמאללה 1095,כפר עקב
דרך ראמאללה 1105,כפר עקב
דרך ראמאללה 1116,כפר עקב
דרך ראמאללה 1123,כפר עקב
דרך ראמאללה 1136,כפר עקב
דרך ראמאללה 1138,כפר עקב
דרך ראמאללה 1151,כפר עקב
דרך ראמאללה 1154,כפר עקב
דרך ראמאללה 1156,כפר עקב
דרך ראמאללה 1158,כפר עקב
דרך ראמאללה 1159,כפר עקב
דרך ראמאללה 1160,כפר עקב
דרך ראמאללה 1162,כפר עקב
דרך ראמאללה 1164,כפר עקב
דרך ראמאללה 1190,כפר עקב
דרך ראמאללה 1204,כפר עקב
דרך ראמאללה 1222,כפר עקב
דרך ראמאללה 1253,כפר עקב
דרך ראמאללה 1261,כפר עקב
דרך ראמאללה 2,כפר עקב
דרך ראמאללה 205,כפר עקב
דרך ראמאללה 21,כפר עקב
דרך ראמאללה 212,כפר עקב
דרך ראמאללה 22,כפר עקב
דרך ראמאללה 24,כפר עקב
דרך ראמאללה 28,כפר עקב
דרך ראמאללה 29,כפר עקב
דרך ראמאללה 30,כפר עקב
דרך ראמאללה 36,כפר עקב
דרך ראמאללה 38,כפר עקב
דרך ראמאללה 40,כפר עקב
דרך ראמאללה 413,כפר עקב
דרך ראמאללה 429,כפר עקב
דרך ראמאללה 430,כפר עקב
דרך ראמאללה 433,כפר עקב
דרך ראמאללה 438,כפר עקב
דרך ראמאללה 458,כפר עקב
דרך ראמאללה 46,כפר עקב
דרך ראמאללה 472,כפר עקב
דרך ראמאללה 474,כפר עקב
דרך ראמאללה 48,כפר עקב
דרך ראמאללה 494,כפר עקב
דרך ראמאללה 52,כפר עקב
דרך ראמאללה 521,כפר עקב
דרך ראמאללה 528,כפר עקב
דרך ראמאללה 54,כפר עקב
דרך ראמאללה 541,כפר עקב
דרך ראמאללה 562,כפר עקב
דרך ראמאללה 57,כפר עקב
דרך ראמאללה 5719,כפר עקב
דרך ראמאללה 58,כפר עקב
דרך ראמאללה 595,כפר עקב
דרך ראמאללה 608,כפר עקב
דרך ראמאללה 626,כפר עקב
דרך ראמאללה 642,כפר עקב
דרך ראמאללה 646,כפר עקב
דרך ראמאללה 65,כפר עקב
דרך ראמאללה 66,כפר עקב
דרך ראמאללה 689,כפר עקב
דרך ראמאללה 708,כפר עקב
דרך ראמאללה 71,כפר עקב
דרך ראמאללה 734,כפר עקב
דרך ראמאללה 76,כפר עקב
דרך ראמאללה 85,כפר עקב
דרך ראמאללה 92,כפר עקב
דרך ראמאללה 99,כפר עקב
דרך ראמאללה סמ1 1,כפר עקב
דרך ראמאללה סמ1 11,כפר עקב
דרך ראמאללה סמ1 19,כפר עקב
דרך ראמאללה סמ1 23,כפר עקב
דרך ראמאללה סמ1 24,כפר עקב
דרך ראמאללה סמ1 25,כפר עקב
דרך ראמאללה סמ1 27,כפר עקב
דרך ראמאללה סמ1 36,כפר עקב
דרך ראמאללה סמ1 999,כפר עקב
דרך ראמאללה סמ100 16,כפר עקב
דרך ראמאללה סמ100 36,כפר עקב
דרך ראמאללה סמ100 999,כפר עקב
דרך ראמאללה סמ100 9999,כפר עקב
דרך ראמאללה סמ112 11,כפר עקב
דרך ראמאללה סמ112 15,כפר עקב
דרך ראמאללה סמ120 10,כפר עקב
דרך ראמאללה סמ120 102,כפר עקב
דרך ראמאללה סמ120 107,כפר עקב
דרך ראמאללה סמ120 109,כפר עקב
דרך ראמאללה סמ120 120,כפר עקב
דרך ראמאללה סמ120 122,כפר עקב
דרך ראמאללה סמ120 151,כפר עקב
דרך ראמאללה סמ120 153,כפר עקב
דרך ראמאללה סמ120 157,כפר עקב
דרך ראמאללה סמ120 159,כפר עקב
דרך ראמאללה סמ120 40,כפר עקב
דרך ראמאללה סמ120 46,כפר עקב
דרך ראמאללה סמ120 53,כפר עקב
דרך ראמאללה סמ120 54,כפר עקב
דרך ראמאללה סמ120 56,כפר עקב
דרך ראמאללה סמ120 60,כפר עקב
דרך ראמאללה סמ120 63,כפר עקב
דרך ראמאללה סמ120 64,כפר עקב
דרך ראמאללה סמ120 65,כפר עקב
דרך ראמאללה סמ120 66,כפר עקב
דרך ראמאללה סמ120 67,כפר עקב
דרך ראמאללה סמ120 68,כפר עקב
דרך ראמאללה סמ120 69,כפר עקב
דרך ראמאללה סמ120 70,כפר עקב
דרך ראמאללה סמ120 71,כפר עקב
דרך ראמאללה סמ120 78,כפר עקב
דרך ראמאללה סמ120 79,כפר עקב
דרך ראמאללה סמ120 80,כפר עקב
דרך ראמאללה סמ120 84,כפר עקב
דרך ראמאללה סמ120 87,כפר עקב
דרך ראמאללה סמ120 88,כפר עקב
דרך ראמאללה סמ120 90,כפר עקב
דרך ראמאללה סמ120 96,כפר עקב
דרך ראמאללה סמ120 98,כפר עקב
דרך ראמאללה סמ120 999,כפר עקב
דרך ראמאללה סמ2 4,כפר עקב
דרך ראמאללה סמ4 5,כפר עקב
דרך שועפאט 100,שועפאט
דרך שועפאט 106,שועפאט
דרך שועפאט 110,שועפאט
דרך שועפאט 12,שועפאט
דרך שועפאט 18,שועפאט
דרך שועפאט 2,שועפאט
דרך שועפאט 25,שועפאט
דרך שועפאט 29,שועפאט
דרך שועפאט 31,שועפאט
דרך שועפאט 38,שועפאט
דרך שועפאט 4,שועפאט
דרך שועפאט 49,שועפאט
דרך שועפאט 52,שועפאט
דרך שועפאט 53,שועפאט
דרך שועפאט 54,שועפאט
דרך שועפאט 57,שועפאט
דרך שועפאט 60,שועפאט
דרך שועפאט 63,שועפאט
דרך שועפאט 66,שועפאט
דרך שועפאט 7,שועפאט
דרך שועפאט 71,שועפאט
דרך שועפאט 73,שועפאט
דרך שועפאט 74,שועפאט
דרך שועפאט 75,שועפאט
דרך שועפאט 77,שועפאט
דרך שועפאט 78,שועפאט
דרך שועפאט 80,שועפאט
דרך שועפאט 82,שועפאט
דרך שועפאט 92,שועפאט
דרך שועפאט 96,שועפאט
דרך שועפאט סמ2 2,שועפאט
דרך שועפאט סמ2 3,שועפאט
דרך שועפאט סמ2 4,שועפאט
דרך שועפאט סמ2 5,שועפאט
דרך שועפאט סמ4 2,שועפאט
דרך שועפאט סמ5 3,שועפאט
דרך שועפאט סמ5 4,שועפאט
דרך שועפאט סמ5 8,שועפאט
דרך שועפאט סמ6 2,שועפאט
דרך שועפאט סמ6 4,שועפאט
דרך שועפאט סמ9 8,שועפאט
דרך שורק 107,עין כרם
דרך שורק 11,עין כרם
דרך שורק 13,עין כרם
דרך שכם 11,וואדי אל-ג'וז
דרך שכם 12,וואדי אל-ג'וז
דרך שכם 122,שיח' ג'ראח
דרך שכם 16,וואדי אל-ג'וז
דרך שכם 22,וואדי אל-ג'וז
דרך שכם 37,וואדי אל-ג'וז
דרך שכם 39,וואדי אל-ג'וז
דרך שכם 43,וואדי אל-ג'וז
דרך שכם 48,וואדי אל-ג'וז
דרך שכם 51,וואדי אל-ג'וז
דרך שכם 55,וואדי אל-ג'וז
דרך שכם 58,וואדי אל-ג'וז
דרך שכם 9,וואדי אל-ג'וז
דרך שכם 92,וואדי אל-ג'וז
דרך שכם סמ5 4,וואדי אל-ג'וז
האביבית 10,קרית מנחם
האביבית 11,קרית מנחם
האביבית 12,קרית מנחם
האביבית 120,קרית מנחם
האביבית 14,קרית מנחם
האביבית 16,קרית מנחם
האביבית 18,קרית מנחם
האביבית 20,קרית מנחם
האביבית 22,קרית מנחם
האביבית 24,קרית מנחם
האביבית 26,קרית מנחם
האביבית 3,קרית מנחם
האביבית 4,קרית מנחם
האביבית 5,קרית מנחם
האביבית 56,קרית מנחם
האביבית 6,קרית מנחם
האביבית 8,קרית מנחם
האביבית 9,קרית מנחם
האדמור מבויאן 10,הר נוף
האדמור מבויאן 12,הר נוף
האדמור מבויאן 14,הר נוף
האדמור מבויאן 18,הר נוף
האדמור מבויאן 2,הר נוף
האדמור מבויאן 20,הר נוף
האדמור מבויאן 22,הר נוף
האדמור מבויאן 24,הר נוף
האדמור מבויאן 26,הר נוף
האדמור מבויאן 28,הר נוף
האדמור מבויאן 30,הר נוף
האדמור מבויאן 32,הר נוף
האדמור מבויאן 34,הר נוף
האדמור מבויאן 36,הר נוף
האדמור מבויאן 38,הר נוף
האדמור מבויאן 4,הר נוף
האדמור מבויאן 6,הר נוף
האדמור מבויאן 8,הר נוף
האדמור מויז'ניץ 106,סנהדריה
האדמור מויז'ניץ 114,סנהדריה
האדמור מויז'ניץ 3,סנהדריה
האדמור מויז'ניץ 5,סנהדריה
האדמור מלובביץ 10,רמת שלמה
האדמור מלובביץ 11,רמת שלמה
האדמור מלובביץ 12,רמת שלמה
האדמור מלובביץ 13,רמת שלמה
האדמור מלובביץ 14,רמת שלמה
האדמור מלובביץ 15,רמת שלמה
האדמור מלובביץ 16,רמת שלמה
האדמור מלובביץ 17,רמת שלמה
האדמור מלובביץ 18,רמת שלמה
האדמור מלובביץ 19,רמת שלמה
האדמור מלובביץ 20,רמת שלמה
האדמור מלובביץ 21,רמת שלמה
האדמור מלובביץ 22,רמת שלמה
האדמור מלובביץ 23,רמת שלמה
האדמור מלובביץ 24,רמת שלמה
האדמור מלובביץ 25,רמת שלמה
האדמור מלובביץ 26,רמת שלמה
האדמור מלובביץ 27,רמת שלמה
האדמור מלובביץ 28,רמת שלמה
האדמור מלובביץ 29,רמת שלמה
האדמור מלובביץ 30,רמת שלמה
האדמור מלובביץ 31,רמת שלמה
האדמור מלובביץ 32,רמת שלמה
האדמור מלובביץ 34,רמת שלמה
האדמור מלובביץ 35,רמת שלמה
האדמור מלובביץ 37,רמת שלמה
האדמור מלובביץ 42,רמת שלמה
האדמור מלובביץ 44,רמת שלמה
האדמור מלובביץ 46,רמת שלמה
האדמור מלובביץ 48,רמת שלמה
האדמור מלובביץ 5,רמת שלמה
האדמור מלובביץ 6,רמת שלמה
האדמור מלובביץ 7,רמת שלמה
האדמור מלובביץ 8,רמת שלמה
האדמור מלובביץ 9,רמת שלמה
האדמור מסדיגורה 1,רמת שלמה
האדמור מסדיגורה 11,רמת שלמה
האדמור מסדיגורה 13,רמת שלמה
האדמור מסדיגורה 15,רמת שלמה
האדמור מסדיגורה 17,רמת שלמה
האדמור מסדיגורה 19,רמת שלמה
האדמור מסדיגורה 21,רמת שלמה
האדמור מסדיגורה 3,רמת שלמה
האדמור מסדיגורה 5,רמת שלמה
האדמור מסדיגורה 7,רמת שלמה
האדמור מסדיגורה 9,רמת שלמה
האדמור מרוז'ין 11,הר נוף
האדמור מרוז'ין 19,הר נוף
האדמור מרוז'ין 20,הר נוף
האדמור מרוז'ין 21,הר נוף
האדמור מרוז'ין 22,הר נוף
האדמור מרוז'ין 23,הר נוף
האדמור מרוז'ין 25,הר נוף
האדמור מרוז'ין 27,הר נוף
האדמור מרוז'ין 3,הר נוף
האדמור מרוז'ין 31,הר נוף
האדמור מרוז'ין 33,הר נוף
האדמור מרוז'ין 35,הר נוף
האדמור מרוז'ין 9,הר נוף
האדרת 3,טלביה
האוזנר גדעון 1,הולילנד
האוזנר גדעון 10,הולילנד
האוזנר גדעון 11,הולילנד
האוזנר גדעון 13,הולילנד
האוזנר גדעון 15,הולילנד
האוזנר גדעון 17,הולילנד
האוזנר גדעון 18,הולילנד
האוזנר גדעון 2,הולילנד
האוזנר גדעון 20,הולילנד
האוזנר גדעון 22,הולילנד
האוזנר גדעון 23,הולילנד
האוזנר גדעון 24,הולילנד
האוזנר גדעון 25,הולילנד
האוזנר גדעון 27,הולילנד
האוזנר גדעון 28,הולילנד
האוזנר גדעון 29,הולילנד
האוזנר גדעון 3,הולילנד
האוזנר גדעון 30,הולילנד
האוזנר גדעון 31,הולילנד
האוזנר גדעון 32,הולילנד
האוזנר גדעון 33,הולילנד
האוזנר גדעון 34,הולילנד
האוזנר גדעון 35,הולילנד
האוזנר גדעון 39,הולילנד
האוזנר גדעון 4,הולילנד
האוזנר גדעון 40,הולילנד
האוזנר גדעון 41,הולילנד
האוזנר גדעון 42,הולילנד
האוזנר גדעון 44,הולילנד
האוזנר גדעון 45,הולילנד
האוזנר גדעון 46,הולילנד
האוזנר גדעון 47,הולילנד
האוזנר גדעון 48,הולילנד
האוזנר גדעון 49,הולילנד
האוזנר גדעון 5,הולילנד
האוזנר גדעון 50,הולילנד
האוזנר גדעון 54,הולילנד
האוזנר גדעון 55,הולילנד
האוזנר גדעון 56,הולילנד
האוזנר גדעון 57,הולילנד
האוזנר גדעון 58,הולילנד
האוזנר גדעון 6,הולילנד
האוזנר גדעון 60,הולילנד
האוזנר גדעון 62,הולילנד
האוזנר גדעון 64,הולילנד
האוזנר גדעון 66,הולילנד
האוזנר גדעון 68,הולילנד
האוזנר גדעון 7,הולילנד
האוזנר גדעון 70,הולילנד
האוזנר גדעון 72,הולילנד
האוזנר גדעון 74,הולילנד
האוזנר גדעון 8,הולילנד
האוזנר גדעון 9,הולילנד
האור 1,רוממה
האור 3,רוממה
האור 6,רוממה
האורן 12,עין כרם
האורן 14,עין כרם
האורן 15,עין כרם
האורן 16,עין כרם
האורן 4,עין כרם
האורן 6,עין כרם
האורן 9,עין כרם
האזוב 1,גילה
האזוב 10,גילה
האזוב 11,גילה
האזוב 12,גילה
האזוב 13,גילה
האזוב 15,גילה
האזוב 17,גילה
האזוב 19,גילה
האזוב 21,גילה
האזוב 23,גילה
האזוב 25,גילה
האזוב 27,גילה
האזוב 3,גילה
האזוב 4,גילה
האזוב 5,גילה
האזוב 6,גילה
האזוב 7,גילה
האזוב 8,גילה
האזוב 9,גילה
האחות זלמה 10,גבעת משואה
האחות זלמה 12,גבעת משואה
האחות זלמה 14,גבעת משואה
האחות זלמה 16,גבעת משואה
האחות זלמה 18,גבעת משואה
האחות זלמה 19,גבעת משואה
האחות זלמה 2,גבעת משואה
האחות זלמה 20,גבעת משואה
האחות זלמה 22,גבעת משואה
האחות זלמה 24,גבעת משואה
האחות זלמה 26,גבעת משואה
האחות זלמה 4,גבעת משואה
האחות זלמה 41,גבעת משואה
האחות זלמה 43,גבעת משואה
האחות זלמה 45,גבעת משואה
האחות זלמה 47,גבעת משואה
האחות זלמה 49,גבעת משואה
האחות זלמה 51,גבעת משואה
האחות זלמה 6,גבעת משואה
האחות זלמה 8,גבעת משואה
האחות יהודית 236,גילה
האחים 1,העיר העתיקה
האחים 22,העיר העתיקה
האחים 34,העיר העתיקה
האחים 4,העיר העתיקה
האחים 7,העיר העתיקה
האחים להרן 1,רמות
האחים להרן 10,רמות
האחים להרן 12,רמות
האחים להרן 14,רמות
האחים להרן 16,רמות
האחים להרן 18,רמות
האחים להרן 2,רמות
האחים להרן 20,רמות
האחים להרן 22,רמות
האחים להרן 24,רמות
האחים להרן 3,רמות
האחים להרן 4,רמות
האחים להרן 5,רמות
האחים להרן 6,רמות
האחים להרן 7,רמות
האחים להרן 8,רמות
האייל 13,מלחה
האייל 15,מלחה
האייל 17,מלחה
האייל 19,מלחה
האייל 22,מלחה
האייל 23,מלחה
האייל 24,מלחה
האייל 26,מלחה
האייל 28,מלחה
האייל 29,מלחה
האייל 3,מלחה
האייל 30,מלחה
האייל 31,מלחה
האייל 33,מלחה
האייל 35,מלחה
האייל 36,מלחה
האייל 37,מלחה
האייל 38,מלחה
האייל 39,מלחה
האייל 4,מלחה
האייל 40,מלחה
האייל 41,מלחה
האייל 42,מלחה
האייל 43,מלחה
האייל 44,מלחה
האייל 45,מלחה
האייל 46,מלחה
האייל 47,מלחה
האייל 49,מלחה
האייל 50,מלחה
האייל 51,מלחה
האייל 52,מלחה
האייל 53,מלחה
האייל 54,מלחה
האייל 55,מלחה
האייל 56,מלחה
האייל 58,מלחה
האייל 59,מלחה
האייל 6,מלחה
האייל 60,מלחה
האייל 61,מלחה
האייל 62,מלחה
האייל 63,מלחה
האייל 64,מלחה
האייל 65,מלחה
האייל 66,מלחה
האייל 68,מלחה
האייל 7,מלחה
האייל 71,מלחה
האייל 73,מלחה
האייל 75,מלחה
האייל 77,מלחה
האייל 79,מלחה
האייל 8,מלחה
האייל 81,מלחה
האייל 83,מלחה
האייל 85,מלחה
האייל 9,מלחה
האמאם אבו הוריירה 1,שועפאט
האמאם אבו הוריירה 10,שועפאט
האמאם אבו הוריירה 11,שועפאט
האמאם אבו הוריירה 13,שועפאט
האמאם אבו הוריירה 14,שועפאט
האמאם אבו הוריירה 2,שועפאט
האמאם אבו הוריירה 3,שועפאט
האמאם אבו הוריירה 9,שועפאט
האמאם אלחנבלי 10,וואדי אל-ג'וז
האמאם אלחנבלי 11,וואדי אל-ג'וז
האמאם אלחנבלי 12,וואדי אל-ג'וז
האמאם אלחנבלי 13,וואדי אל-ג'וז
האמאם אלחנבלי 14,וואדי אל-ג'וז
האמאם אלחנבלי 4,וואדי אל-ג'וז
האמאם אלחנבלי 5,וואדי אל-ג'וז
האמאם אלחנבלי 6,וואדי אל-ג'וז
האמאם אלחנבלי סמ1 1,וואדי אל-ג'וז
האמאם אלחנבלי סמ1 2,וואדי אל-ג'וז
האמאם אלחנבלי סמ1 6,וואדי אל-ג'וז
האמאם אלחנבלי סמ2 1,וואדי אל-ג'וז
האמאם אלחנבלי סמ2 11,וואדי אל-ג'וז
האמאם אלחנבלי סמ2 5,וואדי אל-ג'וז
האמאם אלחנבלי סמ2 7,וואדי אל-ג'וז
האמאם אלחנבלי סמ2 9,וואדי אל-ג'וז
האמאם שאפעי 1,בית חנינא
האמאם שאפעי 11,בית חנינא
האמאם שאפעי 13,בית חנינא
האמאם שאפעי 17,בית חנינא
האמאם שאפעי 21,בית חנינא
האמאם שאפעי 27,בית חנינא
האמאם שאפעי 3,בית חנינא
האמאם שאפעי 5,בית חנינא
האמאם שאפעי 6,בית חנינא
האמאם שאפעי 8,בית חנינא
האמאם שאפעי 9,בית חנינא
האמאם שאפעי סמ3 1,בית חנינא
האמאם שאפעי סמ3 19,בית חנינא
האמאם שאפעי סמ3 2,בית חנינא
האמאם שאפעי סמ3 26,בית חנינא
האמאם שאפעי סמ3 4,בית חנינא
האמאם שאפעי סמ3 5,בית חנינא
האמאם שאפעי סמ3 7,בית חנינא
האמאם שאפעי סמ3 8,בית חנינא
האמאם שאפעי סמ3 9999,בית חנינא
האמרכלים 10,גאולה
האמרכלים 12,גאולה
האמרכלים 14,גאולה
האמרכלים 19,גאולה
האמרכלים 20,גאולה
האמרכלים 23,גאולה
האמרכלים 25,גאולה
האמרכלים 27,גאולה
האמרכלים 28,גאולה
האמרכלים 6,גאולה
האמרכלים 8,גאולה
האנפה,גילה
האנפה 307,גילה
האנפה 308,גילה
האנפה 309,גילה
האנפה 312,גילה
האנפה 8,גילה
האנפה 9999,גילה
הארבעה 1,פסגת זאב
הארבעה 10,פסגת זאב
הארבעה 11,פסגת זאב
הארבעה 13,פסגת זאב
הארבעה 14,פסגת זאב
הארבעה 15,פסגת זאב
הארבעה 18,פסגת זאב
הארבעה 2,פסגת זאב
הארבעה 20,פסגת זאב
הארבעה 22,פסגת זאב
הארבעה 23,פסגת זאב
הארבעה 24,פסגת זאב
הארבעה 25,פסגת זאב
הארבעה 26,פסגת זאב
הארבעה 27,פסגת זאב
הארבעה 3,פסגת זאב
הארבעה 30,פסגת זאב
הארבעה 32,פסגת זאב
הארבעה 34,פסגת זאב
הארבעה 36,פסגת זאב
הארבעה 38,פסגת זאב
הארבעה 4,פסגת זאב
הארבעה 40,פסגת זאב
הארבעה 41,פסגת זאב
הארבעה 42,פסגת זאב
הארבעה 43,פסגת זאב
הארבעה 44,פסגת זאב
הארבעה 45,פסגת זאב
הארבעה 46,פסגת זאב
הארבעה 47,פסגת זאב
הארבעה 48,פסגת זאב
הארבעה 5,פסגת זאב
הארבעה 50,פסגת זאב
הארבעה 52,פסגת זאב
הארבעה 54,פסגת זאב
הארבעה 6,פסגת זאב
הארבעה 9,פסגת זאב
הארון אל-רשיד 15,באב א-זהרה
הארון אל-רשיד 21,באב א-זהרה
הארז 2,נחלאות
הארז 4,נחלאות
הארזים 12,בית הכרם
הארזים 14,בית הכרם
הארזים 15,בית הכרם
הארזים 17,בית הכרם
הארזים 19,בית הכרם
הארזים 21,בית הכרם
הארזים 23,בית הכרם
הארזים 4,בית הכרם
הארזים 6,בית הכרם
הארזים 7,בית הכרם
הארזים 8,בית הכרם
הארזים 9,בית הכרם
הארי 1,טלביה
הארי 10,טלביה
הארי 11,טלביה
הארי 12,טלביה
הארי 13,טלביה
הארי 14,טלביה
הארי 16,טלביה
הארי 17,טלביה
הארי 18,טלביה
הארי 19,טלביה
הארי 20,טלביה
הארי 22,טלביה
הארי 23,טלביה
הארי 24,טלביה
הארי 25,טלביה
הארי 26,טלביה
הארי 27,טלביה
הארי 28,טלביה
הארי 29,טלביה
הארי 6,טלביה
הארי 8,טלביה
הארי 9,טלביה
הארנון 1,נחלאות
הארנון 10,נחלאות
הארנון 11,נחלאות
הארנון 12,נחלאות
הארנון 13,נחלאות
הארנון 14,נחלאות
הארנון 15,נחלאות
הארנון 16,נחלאות
הארנון 17,נחלאות
הארנון 18,נחלאות
הארנון 20,נחלאות
הארנון 28,נחלאות
הארנון 3,נחלאות
הארנון 32,נחלאות
הארנון 4,נחלאות
הארנון 5,נחלאות
הארנון 6,נחלאות
הארנון 8,נחלאות
הארנון 9,נחלאות
הבבא סאלי 10,הר חומה
הבבא סאלי 12,הר חומה
הבבא סאלי 14,הר חומה
הבבא סאלי 15,הר חומה
הבבא סאלי 16,הר חומה
הבבא סאלי 17,הר חומה
הבבא סאלי 18,הר חומה
הבבא סאלי 2,הר חומה
הבבא סאלי 20,הר חומה
הבבא סאלי 22,הר חומה
הבבא סאלי 4,הר חומה
הבבא סאלי 6,הר חומה
הבבא סאלי 8,הר חומה
הביכורים 1,הרובע היהודי
הביכורים 10,הרובע היהודי
הביכורים 12,הרובע היהודי
הביכורים 14,הרובע היהודי
הביכורים 2,הרובע היהודי
הביכורים 3,הרובע היהודי
הביכורים 5,הרובע היהודי
הביכורים 6,הרובע היהודי
הביכורים 7,הרובע היהודי
הביכורים 8,הרובע היהודי
הבנאי 10,בית הכרם
הבנאי 11,בית הכרם
הבנאי 12,בית הכרם
הבנאי 13,בית הכרם
הבנאי 14,בית הכרם
הבנאי 15,בית הכרם
הבנאי 16,בית הכרם
הבנאי 17,בית הכרם
הבנאי 18,בית הכרם
הבנאי 19,בית הכרם
הבנאי 2,בית הכרם
הבנאי 21,בית הכרם
הבנאי 23,בית הכרם
הבנאי 24,בית הכרם
הבנאי 25,בית הכרם
הבנאי 26,בית הכרם
הבנאי 27,בית הכרם
הבנאי 29,בית הכרם
הבנאי 3,בית הכרם
הבנאי 31,בית הכרם
הבנאי 32,בית הכרם
הבנאי 34,בית הכרם
הבנאי 36,בית הכרם
הבנאי 38,בית הכרם
הבנאי 40,בית הכרם
הבנאי 5,בית הכרם
הבנאי 6,בית הכרם
הבנאי 7,בית הכרם
הבנאי 8,בית הכרם
הבנאי 9,בית הכרם
הבעשט 11,בית ישראל
הבעשט 15,בית ישראל
הבעשט 17,בית ישראל
הבעשט 21,בית ישראל
הבעשט 23,בית ישראל
הבעשט 27,בית ישראל
הבעשט 32,בית ישראל
הבעשט 33,בית ישראל
הבעשט 35,בית ישראל
הבעשט 5,בית ישראל
הבעשט 7,בית ישראל
הברון הירש 12,קרית משה
הברון הירש 14,קרית משה
הברון הירש 16,קרית משה
הברון הירש 18,קרית משה
הברון הירש 20,קרית משה
הברון הירש 3,קרית משה
הברון הירש 4,קרית משה
הברון הירש 5,קרית משה
הברון הירש 6,קרית משה
הברון הירש 7,קרית משה
הברון הירש 8,קרית משה
הברון הירש 9,קרית משה
הבריכה 3,אבו תור
הבריכה 9,אבו תור
הגאונים 1,נחלאות
הגאונים 10,נחלאות
הגאונים 11,נחלאות
הגאונים 12,נחלאות
הגאונים 13,נחלאות
הגאונים 2,נחלאות
הגאונים 4,נחלאות
הגאונים 5,נחלאות
הגאונים 6,נחלאות
הגאונים 8,נחלאות
הגאונים 9,נחלאות
הגדוד העברי 10,קטמון
הגדוד העברי 11,קטמון
הגדוד העברי 12,קטמון
הגדוד העברי 13,קטמון
הגדוד העברי 16,קטמון
הגדוד העברי 18,קטמון
הגדוד העברי 2,קטמון
הגדוד העברי 20,קטמון
הגדוד העברי 22,קטמון
הגדוד העברי 5,קטמון
הגדוד העברי 6,קטמון
הגדוד העברי 8,קטמון
הגדוד העברי 9,קטמון
הגדנע 10,קטמון
הגדנע 11,קטמון
הגדנע 12,קטמון
הגדנע 4,קטמון
הגדנע 5,קטמון
הגדנע 6,קטמון
הגדנע 7,קטמון
הגומא 1,גילה
הגומא 10,גילה
הגומא 12,גילה
הגומא 14,גילה
הגומא 16,גילה
הגומא 18,גילה
הגומא 2,גילה
הגומא 20,גילה
הגומא 22,גילה
הגומא 3,גילה
הגומא 4,גילה
הגומא 5,גילה
הגומא 6,גילה
הגומא 7,גילה
הגומא 8,גילה
הגומא 9,גילה
הגיא 10,בית הכרם
הגיא 144,בית הכרם
הגיא 170,בית הכרם
הגיא 2,בית הכרם
הגיא 29,בית הכרם
הגיא 6,בית הכרם
הגיא 7,בית הכרם
הגיא 747,בית הכרם
הגיא 8,בית הכרם
הגלבוע 10,נחלאות
הגלבוע 11,נחלאות
הגלבוע 12,נחלאות
הגלבוע 13,נחלאות
הגלבוע 14,נחלאות
הגלבוע 15,נחלאות
הגלבוע 16,נחלאות
הגלבוע 2,נחלאות
הגלבוע 24,נחלאות
הגלבוע 26,נחלאות
הגלבוע 28,נחלאות
הגלבוע 30,נחלאות
הגלבוע 32,נחלאות
הגלבוע 34,נחלאות
הגלבוע 36,נחלאות
הגלבוע 38,נחלאות
הגלבוע 4,נחלאות
הגלבוע 40,נחלאות
הגלבוע 5,נחלאות
הגלבוע 6,נחלאות
הגלבוע 7,נחלאות
הגלבוע 8,נחלאות
הגלבוע 9,נחלאות
הגליל 10,נחלאות
הגליל 11,נחלאות
הגליל 12,נחלאות
הגליל 13,נחלאות
הגליל 14,נחלאות
הגליל 15,נחלאות
הגליל 16,נחלאות
הגליל 17,נחלאות
הגליל 18,נחלאות
הגליל 19,נחלאות
הגליל 23,נחלאות
הגליל 4,נחלאות
הגליל 5,נחלאות
הגליל 6,נחלאות
הגליל 8,נחלאות
הגליל 9,נחלאות
הגפן 226,גילה
הגפן 227,גילה
הגפן 228,גילה
הגפן 229,גילה
הגפן 230,גילה
הגרא 18,נחלאות
הגרא 4,נחלאות
הגרא 6,נחלאות
הגרא 8,נחלאות
הדאיה 14,נחלאות
הדאיה 15,נחלאות
הדאיה 16,נחלאות
הדאיה 18,נחלאות
הדאיה 25,נחלאות
הדאיה 26,נחלאות
הדאיה 27,נחלאות
הדאיה 6,נחלאות
הדאיה 7,נחלאות
הדאיה 9,נחלאות
הדב 1,מלחה
הדב 10,מלחה
הדב 11,מלחה
הדב 12,מלחה
הדב 13,מלחה
הדב 14,מלחה
הדב 15,מלחה
הדב 16,מלחה
הדב 17,מלחה
הדב 18,מלחה
הדב 19,מלחה
הדב 2,מלחה
הדב 21,מלחה
הדב 3,מלחה
הדב 4,מלחה
הדב 6,מלחה
הדב 7,מלחה
הדב 8,מלחה
הדב 9,מלחה
הדולב 1,גילה
הדולב 10,גילה
הדולב 11,גילה
הדולב 12,גילה
הדולב 13,גילה
הדולב 14,גילה
הדולב 15,גילה
הדולב 16,גילה
הדולב 17,גילה
הדולב 18,גילה
הדולב 19,גילה
הדולב 3,גילה
הדולב 4,גילה
הדולב 429,גילה
הדולב 432,גילה
הדולב 5,גילה
הדולב 6,גילה
הדולב 7,גילה
הדולב 8,גילה
הדולב 9,גילה
הדישון 12,מלחה
הדישון 13,מלחה
הדישון 15,מלחה
הדישון 16,מלחה
הדישון 17,מלחה
הדישון 18,מלחה
הדישון 19,מלחה
הדישון 2,מלחה
הדישון 22,מלחה
הדישון 24,מלחה
הדישון 26,מלחה
הדישון 28,מלחה
הדישון 32,מלחה
הדישון 4,מלחה
הדישון 5,מלחה
הדישון 6,מלחה
הדישון 9,מלחה
הדמומית 10,גילה
הדמומית 12,גילה
הדמומית 14,גילה
הדמומית 16,גילה
הדמומית 18,גילה
הדמומית 2,גילה
הדמומית 4,גילה
הדמומית 6,גילה
הדמומית 8,גילה
הדף היומי 1,רמות
הדף היומי 601,רמות
הדף היומי 602,רמות
הדף היומי 603,רמות
הדף היומי 604,רמות
הדף היומי 606,רמות
הדף היומי 607,רמות
הדף היומי 608,רמות
הדף היומי 609,רמות
הדף היומי 611,רמות
הדף היומי 614,רמות
הדף היומי 615,רמות
הדף היומי 617,רמות
הדף היומי 618,רמות
הדף היומי 619,רמות
הדף היומי 620,רמות
הדף היומי 621,רמות
הדפנה 11,עין כרם
הדפנה 13,עין כרם
הדפנה 4,עין כרם
הדפנה 5,עין כרם
הדפנה 9,עין כרם
הדקל 12,נחלאות
הדקל 5,נחלאות
הדקל 7,נחלאות
הדקל 8,נחלאות
הדרך האמריקאית 100,ג'בל מוכבר
הדרך האמריקאית 101,ג'בל מוכבר
הדרך האמריקאית 102,ג'בל מוכבר
הדרך האמריקאית 104,ג'בל מוכבר
הדרך האמריקאית 106,ג'בל מוכבר
הדרך האמריקאית 108,ג'בל מוכבר
הדרך האמריקאית 109,ג'בל מוכבר
הדרך האמריקאית 111,ג'בל מוכבר
הדרך האמריקאית 112,ג'בל מוכבר
הדרך האמריקאית 115,ג'בל מוכבר
הדרך האמריקאית 116,ג'בל מוכבר
הדרך האמריקאית 118,ג'בל מוכבר
הדרך האמריקאית 119,ג'בל מוכבר
הדרך האמריקאית 120,ג'בל מוכבר
הדרך האמריקאית 122,ג'בל מוכבר
הדרך האמריקאית 123,ג'בל מוכבר
הדרך האמריקאית 124,ג'בל מוכבר
הדרך האמריקאית 125,ג'בל מוכבר
הדרך האמריקאית 126,ג'בל מוכבר
הדרך האמריקאית 127,ג'בל מוכבר
הדרך האמריקאית 128,ג'בל מוכבר
הדרך האמריקאית 129,ג'בל מוכבר
הדרך האמריקאית 13,ג'בל מוכבר
הדרך האמריקאית 133,ג'בל מוכבר
הדרך האמריקאית 135,ג'בל מוכבר
הדרך האמריקאית 137,ג'בל מוכבר
הדרך האמריקאית 139,ג'בל מוכבר
הדרך האמריקאית 16,ג'בל מוכבר
הדרך האמריקאית 17,ג'בל מוכבר
הדרך האמריקאית 18,ג'בל מוכבר
הדרך האמריקאית 19,ג'בל מוכבר
הדרך האמריקאית 20,ג'בל מוכבר
הדרך האמריקאית 27,ג'בל מוכבר
הדרך האמריקאית 3,ג'בל מוכבר
הדרך האמריקאית 31,ג'בל מוכבר
הדרך האמריקאית 5,ג'בל מוכבר
הדרך האמריקאית 50,ג'בל מוכבר
הדרך האמריקאית 7,ג'בל מוכבר
הדרך האמריקאית 71,ג'בל מוכבר
הדרך האמריקאית 81,ג'בל מוכבר
הדרך האמריקאית 82,ג'בל מוכבר
הדרך האמריקאית 83,ג'בל מוכבר
הדרך האמריקאית 85,ג'בל מוכבר
הדרך האמריקאית 91,ג'בל מוכבר
הדרך האמריקאית 999,ג'בל מוכבר
הדרך האמריקאית סמ1 15,ג'בל מוכבר
הדרך האמריקאית סמ1 17,ג'בל מוכבר
הדרך האמריקאית סמ1 21,ג'בל מוכבר
הדרך האמריקאית סמ1 6,ג'בל מוכבר
הדרך האמריקאית סמ1 9,ג'בל מוכבר
הדרך האמריקאית סמ10 13,ג'בל מוכבר
הדרך האמריקאית סמ10 14,ג'בל מוכבר
הדרך האמריקאית סמ10 16,ג'בל מוכבר
הדרך האמריקאית סמ11 13,ג'בל מוכבר
הדרך האמריקאית סמ12 11,ג'בל מוכבר
הדרך האמריקאית סמ12 14,ג'בל מוכבר
הדרך האמריקאית סמ12 17,ג'בל מוכבר
הדרך האמריקאית סמ12 20,ג'בל מוכבר
הדרך האמריקאית סמ12 21,ג'בל מוכבר
הדרך האמריקאית סמ12 25,ג'בל מוכבר
הדרך האמריקאית סמ12 27,ג'בל מוכבר
הדרך האמריקאית סמ12 9,ג'בל מוכבר
הדרך האמריקאית סמ13 11,ג'בל מוכבר
הדרך האמריקאית סמ13 13,ג'בל מוכבר
הדרך האמריקאית סמ13 15,ג'בל מוכבר
הדרך האמריקאית סמ13 19,ג'בל מוכבר
הדרך האמריקאית סמ13 25,ג'בל מוכבר
הדרך האמריקאית סמ13 27,ג'בל מוכבר
הדרך האמריקאית סמ13 3,ג'בל מוכבר
הדרך האמריקאית סמ13 33,ג'בל מוכבר
הדרך האמריקאית סמ13 4,ג'בל מוכבר
הדרך האמריקאית סמ13 5,ג'בל מוכבר
הדרך האמריקאית סמ13 7,ג'בל מוכבר
הדרך האמריקאית סמ13 9,ג'בל מוכבר
הדרך האמריקאית סמ13 90,ג'בל מוכבר
הדרך האמריקאית סמ13 9999,ג'בל מוכבר
הדרך האמריקאית סמ14 3,ג'בל מוכבר
הדרך האמריקאית סמ14 5,ג'בל מוכבר
הדרך האמריקאית סמ14 6,ג'בל מוכבר
הדרך האמריקאית סמ14 7,ג'בל מוכבר
הדרך האמריקאית סמ16 10,ג'בל מוכבר
הדרך האמריקאית סמ16 11,ג'בל מוכבר
הדרך האמריקאית סמ16 13,ג'בל מוכבר
הדרך האמריקאית סמ16 6,ג'בל מוכבר
הדרך האמריקאית סמ16 7,ג'בל מוכבר
הדרך האמריקאית סמ16 8,ג'בל מוכבר
הדרך האמריקאית סמ18 11,ג'בל מוכבר
הדרך האמריקאית סמ18 15,ג'בל מוכבר
הדרך האמריקאית סמ18 19,ג'בל מוכבר
הדרך האמריקאית סמ18 3,ג'בל מוכבר
הדרך האמריקאית סמ18 5,ג'בל מוכבר
הדרך האמריקאית סמ18 9999,ג'בל מוכבר
הדרך האמריקאית סמ2,ג'בל מוכבר
הדרך האמריקאית סמ2 5,ג'בל מוכבר
הדרך האמריקאית סמ20 8,ג'בל מוכבר
הדרך האמריקאית סמ3 11,ג'בל מוכבר
הדרך האמריקאית סמ3 12,ג'בל מוכבר
הדרך האמריקאית סמ3 13,ג'בל מוכבר
הדרך האמריקאית סמ3 7,ג'בל מוכבר
הדרך האמריקאית סמ4 6,ג'בל מוכבר
הדרך האמריקאית סמ4 8,ג'בל מוכבר
הדרך האמריקאית סמ5 10,ג'בל מוכבר
הדרך האמריקאית סמ5 11,ג'בל מוכבר
הדרך האמריקאית סמ5 15,ג'בל מוכבר
הדרך האמריקאית סמ5 7,ג'בל מוכבר
הדרך האמריקאית סמ5 9,ג'בל מוכבר
הדרך האמריקאית סמ6 11,ג'בל מוכבר
הדרך האמריקאית סמ6 13,ג'בל מוכבר
הדרך האמריקאית סמ6 9999,ג'בל מוכבר
הדרך האמריקאית סמ8 1,ג'בל מוכבר
הדרך האמריקאית סמ8 11,ג'בל מוכבר
הדרך האמריקאית סמ8 13,ג'בל מוכבר
הדרך האמריקאית סמ8 14,ג'בל מוכבר
הדרך האמריקאית סמ8 17,ג'בל מוכבר
הדרך האמריקאית סמ8 18,ג'בל מוכבר
הדרך האמריקאית סמ8 2,ג'בל מוכבר
הדרך האמריקאית סמ8 20,ג'בל מוכבר
הדרך האמריקאית סמ8 5,ג'בל מוכבר
הדרך האמריקאית סמ8 7,ג'בל מוכבר
הדרך האמריקאית סמ8 8,ג'בל מוכבר
הדרך האמריקאית סמ9 1,ג'בל מוכבר
הדרך האמריקאית סמ9 12,ג'בל מוכבר
הדרך האמריקאית סמ9 3,ג'בל מוכבר
הדרך האמריקאית סמ9 4,ג'בל מוכבר
הדרך האמריקאית סמ9 8,ג'בל מוכבר
הדרך האמריקאית סמ9 90,ג'בל מוכבר
ההבטחה 1,רמות
ההבטחה 10,רמות
ההבטחה 12,רמות
ההבטחה 14,רמות
ההבטחה 156,רמות
ההבטחה 16,רמות
ההבטחה 18,רמות
ההבטחה 2,רמות
ההבטחה 20,רמות
ההבטחה 22,רמות
ההבטחה 24,רמות
ההבטחה 26,רמות
ההבטחה 28,רמות
ההבטחה 3,רמות
ההבטחה 30,רמות
ההבטחה 32,רמות
ההבטחה 34,רמות
ההבטחה 36,רמות
ההבטחה 38,רמות
ההבטחה 4,רמות
ההבטחה 40,רמות
ההבטחה 5,רמות
ההבטחה 6,רמות
ההבטחה 7,רמות
ההבטחה 8,רמות
ההגנה 12,הגבעה הצרפתית
ההגנה 14,הגבעה הצרפתית
ההגנה 16,הגבעה הצרפתית
ההגנה 18,הגבעה הצרפתית
ההגנה 2,הגבעה הצרפתית
ההגנה 20,הגבעה הצרפתית
ההגנה 22,הגבעה הצרפתית
ההגנה 24,הגבעה הצרפתית
ההגנה 25,הגבעה הצרפתית
ההגנה 26,הגבעה הצרפתית
ההגנה 27,הגבעה הצרפתית
ההגנה 28,הגבעה הצרפתית
ההגנה 3,הגבעה הצרפתית
ההגנה 30,הגבעה הצרפתית
ההגנה 32,הגבעה הצרפתית
ההגנה 5,הגבעה הצרפתית
ההגנה 6,הגבעה הצרפתית
ההגנה 8,הגבעה הצרפתית
ההגנה 9,הגבעה הצרפתית
ההגנה 999,הגבעה הצרפתית
ההדסים 10,עין כרם
ההדסים 11,עין כרם
ההדסים 12,עין כרם
ההדסים 2,עין כרם
ההדסים 20,עין כרם
ההדסים 22,עין כרם
ההדסים 6,עין כרם
ההדסים 8,עין כרם
ההדסים 9,עין כרם
ההסתדרות 14,מרכז העיר
ההסתדרות 18,מרכז העיר
ההסתדרות 20,מרכז העיר
ההעברה 10,רמות
ההעברה 11,רמות
ההעברה 13,רמות
ההעברה 14,רמות
ההעברה 16,רמות
ההעברה 18,רמות
ההעברה 20,רמות
ההעברה 22,רמות
ההעברה 26,רמות
ההעברה 3,רמות
ההעברה 30,רמות
ההעברה 32,רמות
ההעברה 34,רמות
ההעברה 36,רמות
ההעברה 38,רמות
ההעברה 40,רמות
ההעברה 42,רמות
ההעברה 5,רמות
ההעברה 7,רמות
ההעברה 9,רמות
ההרדוף 11,גילה
ההרדוף 12,גילה
ההרדוף 13,גילה
ההרדוף 15,גילה
ההרדוף 17,גילה
ההרדוף 19,גילה
ההרדוף 2,גילה
ההרדוף 3,גילה
ההרדוף 584,גילה
ההרדוף 6,גילה
ההרדוף 7,גילה
ההרדוף 8,גילה
ההרדוף 9,גילה
ההתנדבויות 1,הגבעה הצרפתית
ההתנדבויות 11,הגבעה הצרפתית
ההתנדבויות 13,הגבעה הצרפתית
ההתנדבויות 2,הגבעה הצרפתית
ההתנדבויות 22,הגבעה הצרפתית
ההתנדבויות 3,הגבעה הצרפתית
ההתנדבויות 4,הגבעה הצרפתית
ההתנדבויות 5,הגבעה הצרפתית
ההתנדבויות 54,הגבעה הצרפתית
ההתנדבויות 6,הגבעה הצרפתית
ההתנדבויות 7,הגבעה הצרפתית
ההתנדבויות 9,הגבעה הצרפתית
הולצברג שמחה 11,פסגת זאב
הולצברג שמחה 14,פסגת זאב
הולצברג שמחה 17,פסגת זאב
הולצברג שמחה 2,פסגת זאב
הולצברג שמחה 20,פסגת זאב
הולצברג שמחה 22,פסגת זאב
הולצברג שמחה 3,פסגת זאב
הולצברג שמחה 30,פסגת זאב
הולצברג שמחה 32,פסגת זאב
הולצברג שמחה 4,פסגת זאב
הולצברג שמחה 6,פסגת זאב
הולצברג שמחה 7,פסגת זאב
הולצברג שמחה 8,פסגת זאב
הולצברג שמחה 9,פסגת זאב
הופיין אליעזר 1,רמות
הופיין אליעזר 11,רמות
הופיין אליעזר 13,רמות
הופיין אליעזר 15,רמות
הופיין אליעזר 17,רמות
הופיין אליעזר 19,רמות
הופיין אליעזר 2,רמות
הופיין אליעזר 3,רמות
הופיין אליעזר 4,רמות
הופיין אליעזר 5,רמות
הופיין אליעזר 6,רמות
הופיין אליעזר 7,רמות
הופיין אליעזר 8,רמות
הופיין אליעזר 9,רמות
הורביץ 11,מאה שערים
הורביץ 12,מאה שערים
הורביץ 15,מאה שערים
הורביץ 3,מאה שערים
הורביץ 5,מאה שערים
הורביץ 6,מאה שערים
הורביץ 7,מאה שערים
הורביץ 9,מאה שערים
הורקניה 1,גוננים
הורקניה 10,גוננים
הורקניה 11,גוננים
הורקניה 13,גוננים
הורקניה 16,גוננים
הורקניה 17,גוננים
הורקניה 18,גוננים
הורקניה 2,גוננים
הורקניה 20,גוננים
הורקניה 22,גוננים
הורקניה 23,גוננים
הורקניה 25,גוננים
הורקניה 27,גוננים
הורקניה 29,גוננים
הורקניה 3,גוננים
הורקניה 33,גוננים
הורקניה 5,גוננים
הורקניה 6,גוננים
הורקניה 7,גוננים
הורקניה 9,גוננים
הושע 10,גאולה
הושע 11,גאולה
הושע 12,גאולה
הושע 13,גאולה
הושע 18,גאולה
הושע 20,גאולה
הושע 21,גאולה
הושע 24,גאולה
הושע 26,גאולה
הושע 28,גאולה
הושע 3,גאולה
הושע 30,גאולה
הושע 4,גאולה
הושע 6,גאולה
הושע 7,גאולה
הושע 9,גאולה
הותיקן 1,בית חנינא
הותיקן 10,בית חנינא
הותיקן 11,בית חנינא
הותיקן 14,בית חנינא
הותיקן 16,בית חנינא
הותיקן 3,בית חנינא
הותיקן 5,בית חנינא
הותיקן 6,בית חנינא
הותיקן 7,בית חנינא
הותיקן 710,בית חנינא
הותיקן 9,בית חנינא
הותיקן 9999,בית חנינא
הזהבית 11,גילה
הזהבית 13,גילה
הזהבית 15,גילה
הזהבית 17,גילה
הזהבית 19,גילה
הזהבית 21,גילה
הזהבית 23,גילה
הזהבית 25,גילה
הזהבית 27,גילה
הזהבית 29,גילה
הזהבית 3,גילה
הזהבית 31,גילה
הזהבית 33,גילה
הזהבית 35,גילה
הזהבית 37,גילה
הזהבית 5,גילה
הזהבית 7,גילה
הזהבית 9,גילה
הזית 1,מקור ברוך
הזית 10,מקור ברוך
הזית 11,מקור ברוך
הזית 12,מקור ברוך
הזית 13,מקור ברוך
הזית 14,מקור ברוך
הזית 16,מקור ברוך
הזית 3,מקור ברוך
הזית 4,מקור ברוך
הזית 5,מקור ברוך
הזית 6,מקור ברוך
הזית 7,מקור ברוך
הזית 8,מקור ברוך
הזית 9,מקור ברוך
החבוש 2,גילה
החבוש 6,גילה
החבוש 9,גילה
החומה השלישית 10,מוסררה
החומה השלישית 11,מוסררה
החומה השלישית 14,מוסררה
החומה השלישית 16,מוסררה
החומה השלישית 2,מוסררה
החומה השלישית 32,מוסררה
החומה השלישית 34,מוסררה
החומה השלישית 4,מוסררה
החוצב 3,בית הכרם
החוצב 5,בית הכרם
החוצב 7,בית הכרם
החידא 11,בית וגן
החידא 12,בית וגן
החידא 13,בית וגן
החידא 15,בית וגן
החידא 17,בית וגן
החידא 18,בית וגן
החידא 19,בית וגן
החידא 22,בית וגן
החידא 24,בית וגן
החידא 26,בית וגן
החידא 28,בית וגן
החידא 29,בית וגן
החידא 3,בית וגן
החידא 30,בית וגן
החידא 5,בית וגן
החידא 6,בית וגן
החידא 7,בית וגן
החידא 8,בית וגן
החידא 9,בית וגן
החיל 10,הגבעה הצרפתית
החיל 12,הגבעה הצרפתית
החיל 13,הגבעה הצרפתית
החיל 15,הגבעה הצרפתית
החיל 16,הגבעה הצרפתית
החיל 17,הגבעה הצרפתית
החיל 19,הגבעה הצרפתית
החיל 2,הגבעה הצרפתית
החיל 20,הגבעה הצרפתית
החיל 21,הגבעה הצרפתית
החיל 22,הגבעה הצרפתית
החיל 23,הגבעה הצרפתית
החיל 25,הגבעה הצרפתית
החיל 26,הגבעה הצרפתית
החיל 27,הגבעה הצרפתית
החיל 29,הגבעה הצרפתית
החיל 30,הגבעה הצרפתית
החיל 31,הגבעה הצרפתית
החיל 32,הגבעה הצרפתית
החיל 34,הגבעה הצרפתית
החיל 35,הגבעה הצרפתית
החיל 36,הגבעה הצרפתית
החיל 37,הגבעה הצרפתית
החיל 39,הגבעה הצרפתית
החיל 4,הגבעה הצרפתית
החיל 40,הגבעה הצרפתית
החיל 41,הגבעה הצרפתית
החיל 44,הגבעה הצרפתית
החיל 46,הגבעה הצרפתית
החיל 48,הגבעה הצרפתית
החיל 50,הגבעה הצרפתית
החיל 54,הגבעה הצרפתית
החיל 58,הגבעה הצרפתית
החיל 6,הגבעה הצרפתית
החיל 64,הגבעה הצרפתית
החיל 66,הגבעה הצרפתית
החיל 68,הגבעה הצרפתית
החיל 7,הגבעה הצרפתית
החיל 70,הגבעה הצרפתית
החיל 72,הגבעה הצרפתית
החיל 74,הגבעה הצרפתית
החיל 76,הגבעה הצרפתית
החיל 78,הגבעה הצרפתית
החיל 8,הגבעה הצרפתית
החיל 82,הגבעה הצרפתית
החיל 84,הגבעה הצרפתית
החיל 86,הגבעה הצרפתית
החיל 9,הגבעה הצרפתית
החיל 90,הגבעה הצרפתית
החיל 92,הגבעה הצרפתית
החים 1,קטמון
החים 13,קטמון
החים 14,קטמון
החים 3,קטמון
החים 4,קטמון
החים 6,קטמון
החים 7,קטמון
החים 8,קטמון
החים 9,קטמון
החיש 1,קטמון
החיש 10,קטמון
החיש 12,קטמון
החיש 13,קטמון
החיש 19,קטמון
החיש 3,קטמון
החיש 4,קטמון
החיש 5,קטמון
החיש 6,קטמון
החיש 7,קטמון
החלוץ 10,בית הכרם
החלוץ 11,בית הכרם
החלוץ 12,בית הכרם
החלוץ 14,בית הכרם
החלוץ 15,בית הכרם
החלוץ 16,בית הכרם
החלוץ 17,בית הכרם
החלוץ 19,בית הכרם
החלוץ 20,בית הכרם
החלוץ 21,בית הכרם
החלוץ 22,בית הכרם
החלוץ 23,בית הכרם
החלוץ 24,בית הכרם
החלוץ 26,בית הכרם
החלוץ 27,בית הכרם
החלוץ 28,בית הכרם
החלוץ 30,בית הכרם
החלוץ 31,בית הכרם
החלוץ 32,בית הכרם
החלוץ 34,בית הכרם
החלוץ 35,בית הכרם
החלוץ 36,בית הכרם
החלוץ 38,בית הכרם
החלוץ 39,בית הכרם
החלוץ 4,בית הכרם
החלוץ 40,בית הכרם
החלוץ 41,בית הכרם
החלוץ 43,בית הכרם
החלוץ 44,בית הכרם
החלוץ 45,בית הכרם
החלוץ 46,בית הכרם
החלוץ 5,בית הכרם
החלוץ 50,בית הכרם
החלוץ 51,בית הכרם
החלוץ 52,בית הכרם
החלוץ 54,בית הכרם
החלוץ 55,בית הכרם
החלוץ 56,בית הכרם
החלוץ 57,בית הכרם
החלוץ 58,בית הכרם
החלוץ 59,בית הכרם
החלוץ 6,בית הכרם
החלוץ 61,בית הכרם
החלוץ 62,בית הכרם
החלוץ 63,בית הכרם
החלוץ 64,בית הכרם
החלוץ 65,בית הכרם
החלוץ 68,בית הכרם
החלוץ 7,בית הכרם
החלוץ 70,בית הכרם
החלוץ 76,בית הכרם
החלמית 10,קרית מנחם
החלמית 4,קרית מנחם
החלמית 6,קרית מנחם
החלמית 8,קרית מנחם
החסידה 1,גילה
החסידה 10,גילה
החסידה 11,גילה
החסידה 12,גילה
החסידה 13,גילה
החסידה 14,גילה
החסידה 15,גילה
החסידה 16,גילה
החסידה 17,גילה
החסידה 18,גילה
החסידה 19,גילה
החסידה 2,גילה
החסידה 20,גילה
החסידה 21,גילה
החסידה 22,גילה
החסידה 23,גילה
החסידה 3,גילה
החסידה 4,גילה
החסידה 5,גילה
החסידה 6,גילה
החסידה 7,גילה
החסידה 8,גילה
החסידה 9,גילה
החרצית 3,קרית מנחם
החרצית 5,קרית מנחם
החרש 1,מאה שערים
החרש 28,מאה שערים
החרש 5,מאה שערים
החרש 9,מאה שערים
החשמונאים 10,מקור ברוך
החשמונאים 11,מקור ברוך
החשמונאים 12,מקור ברוך
החשמונאים 13,מקור ברוך
החשמונאים 14,מקור ברוך
החשמונאים 15,מקור ברוך
החשמונאים 16,מקור ברוך
החשמונאים 17,מקור ברוך
החשמונאים 18,מקור ברוך
החשמונאים 20,מקור ברוך
החשמונאים 22,מקור ברוך
החשמונאים 23,מקור ברוך
החשמונאים 24,מקור ברוך
החשמונאים 3,מקור ברוך
החשמונאים 5,מקור ברוך
הטורים 10,מקור ברוך
הטורים 12,מקור ברוך
הטורים 13,מקור ברוך
הטורים 15,מקור ברוך
הטורים 16,מקור ברוך
הטורים 17,מקור ברוך
הטורים 18,מקור ברוך
הטורים 19,מקור ברוך
הטורים 21,מקור ברוך
הטורים 22,מקור ברוך
הטורים 26,מקור ברוך
הטורים 27,מקור ברוך
הטורים 28,מקור ברוך
הטורים 29,מקור ברוך
הטורים 32,מקור ברוך
הטחנה 1,אבו תור
הטחנה 11,אבו תור
הטחנה 13,אבו תור
הטחנה 15,אבו תור
הטחנה 2,אבו תור
הטחנה 3,אבו תור
הטחנה 4,אבו תור
הטחנה 7,אבו תור
הטחנה 9,אבו תור
הטייסים 10,טלביה
הטייסים 12,טלביה
הטייסים 14,טלביה
הטייסים 15,טלביה
הטייסים 16,טלביה
הטייסים 17,טלביה
הטייסים 18,טלביה
הטייסים 19,טלביה
הטייסים 20,טלביה
הטייסים 21,טלביה
הטייסים 22,טלביה
הטייסים 23,טלביה
הטייסים 24,טלביה
הטייסים 25,טלביה
הטייסים 27,טלביה
הטייסים 28,טלביה
הטייסים 29,טלביה
הטייסים 30,טלביה
הטייסים 31,טלביה
הטייסים 32,טלביה
הטייסים 34,טלביה
הטייסים 37,טלביה
הטייסים 38,טלביה
הטייסים 39,טלביה
הטייסים 40,טלביה
הטייסים 41,טלביה
הטייסים 42,טלביה
הטייסים 44,טלביה
הטייסים 46,טלביה
הטייסים 48,טלביה
היבוק 12,נחלאות
היבוק 13,נחלאות
היבוק 17,נחלאות
היבוק 19,נחלאות
היבוק 21,נחלאות
היבוק 22,נחלאות
היבוק 23,נחלאות
היבוק 25,נחלאות
היבוק 27,נחלאות
היבוק 3,נחלאות
היבוק 4,נחלאות
היבוק 5,נחלאות
היבוק 6,נחלאות
היבוק 7,נחלאות
היבוק 8,נחלאות
היבוק 9,נחלאות
היהודים 127,הרובע היהודי
היהודים 29,הרובע היהודי
היהודים 3,הרובע היהודי
היהודים 37,הרובע היהודי
היהודים 41,הרובע היהודי
היהודים 5,הרובע היהודי
היהודים 67,הרובע היהודי
היזמה 2,כפר עקב
היכל המשפט 2,קרית הלאום
הילדסהיימר עזריאל 10,המושבה הגרמנית
הילדסהיימר עזריאל 11,המושבה הגרמנית
הילדסהיימר עזריאל 12,המושבה הגרמנית
הילדסהיימר עזריאל 13,המושבה הגרמנית
הילדסהיימר עזריאל 15,המושבה הגרמנית
הילדסהיימר עזריאל 16,המושבה הגרמנית
הילדסהיימר עזריאל 2,המושבה הגרמנית
הילדסהיימר עזריאל 20,המושבה הגרמנית
הילדסהיימר עזריאל 4,המושבה הגרמנית
הינד אל חוסייני 1,באב א-זהרה
הינד אל חוסייני 2,באב א-זהרה
הינד אל חוסייני 5,באב א-זהרה
הינד אל חוסייני סמ2 2,באב א-זהרה
היען 1,מלחה
היען 11,מלחה
היען 12,מלחה
היען 14,מלחה
היען 16,מלחה
היען 2,מלחה
היען 21,מלחה
היען 23,מלחה
היען 24,מלחה
היען 25,מלחה
היען 27,מלחה
היען 3,מלחה
היען 31,מלחה
היען 33,מלחה
היען 37,מלחה
היען 7,מלחה
היען 9,מלחה
הירדן 10,תלפיות
הירדן 12,תלפיות
הירדן 3,תלפיות
הירדן 5,תלפיות
הירדן 6,תלפיות
הירדן 7,תלפיות
הירדן 8,תלפיות
הירדן 9,תלפיות
הירמוך 1,נחלאות
הירמוך 10,נחלאות
הירמוך 11,נחלאות
הירמוך 12,נחלאות
הירמוך 13,נחלאות
הירמוך 14,נחלאות
הירמוך 15,נחלאות
הירמוך 17,נחלאות
הירמוך 18,נחלאות
הירמוך 19,נחלאות
הירמוך 21,נחלאות
הירמוך 26,נחלאות
הירמוך 28,נחלאות
הירמוך 3,נחלאות
הירמוך 4,נחלאות
הירמוך 5,נחלאות
הירמוך 6,נחלאות
הירמוך 7,נחלאות
הירמוך 8,נחלאות
הירמוך 9,נחלאות
הירשנברג 10,נחלאות
הירשנברג 12,נחלאות
הירשנברג 2,נחלאות
הירשנברג 3,נחלאות
הירשנברג 4,נחלאות
הירשנברג 5,נחלאות
הירשנברג 6,נחלאות
הירשנברג 7,נחלאות
הירשנברג 9,נחלאות
הישיבה 10,גאולה
הישיבה 11,גאולה
הישיבה 13,גאולה
הישיבה 15,גאולה
הישיבה 17,גאולה
הישיבה 19,גאולה
הישיבה 2,גאולה
הישיבה 21,גאולה
הכלדיים,באב א-זהרה
הכלדיים 14,באב א-זהרה
הכנור 1,העיר העתיקה
הכנסיות,העיר העתיקה
הכנסיות 1,העיר העתיקה
הכנסיות 10,העיר העתיקה
הכנסיות 11,העיר העתיקה
הכנסיות 12,העיר העתיקה
הכנסיות 13,העיר העתיקה
הכנסיות 14,העיר העתיקה
הכנסיות 18,העיר העתיקה
הכנסיות 2,העיר העתיקה
הכנסיות 20,העיר העתיקה
הכנסיות 22,העיר העתיקה
הכנסיות 3,העיר העתיקה
הכנסיות 4,העיר העתיקה
הכנסיות 5,העיר העתיקה
הכנסיות 6,העיר העתיקה
הכנסיות 8,העיר העתיקה
הכנסיות 808,העיר העתיקה
הכנסיות 83,העיר העתיקה
הכנסיות 9,העיר העתיקה
הכנסיות 92,העיר העתיקה
הכנסיות 93,העיר העתיקה
הכנסיות 999,העיר העתיקה
הכנסיות 9999,העיר העתיקה
הכפיר 1,מלחה
הכפיר 10,מלחה
הכפיר 100,מלחה
הכפיר 101,מלחה
הכפיר 102,מלחה
הכפיר 103,מלחה
הכפיר 104,מלחה
הכפיר 105,מלחה
הכפיר 106,מלחה
הכפיר 107,מלחה
הכפיר 108,מלחה
הכפיר 109,מלחה
הכפיר 11,מלחה
הכפיר 110,מלחה
הכפיר 111,מלחה
הכפיר 112,מלחה
הכפיר 113,מלחה
הכפיר 114,מלחה
הכפיר 115,מלחה
הכפיר 116,מלחה
הכפיר 117,מלחה
הכפיר 118,מלחה
הכפיר 119,מלחה
הכפיר 12,מלחה
הכפיר 120,מלחה
הכפיר 121,מלחה
הכפיר 122,מלחה
הכפיר 123,מלחה
הכפיר 124,מלחה
הכפיר 125,מלחה
הכפיר 126,מלחה
הכפיר 127,מלחה
הכפיר 128,מלחה
הכפיר 129,מלחה
הכפיר 13,מלחה
הכפיר 130,מלחה
הכפיר 131,מלחה
הכפיר 132,מלחה
הכפיר 133,מלחה
הכפיר 134,מלחה
הכפיר 135,מלחה
הכפיר 136,מלחה
הכפיר 137,מלחה
הכפיר 138,מלחה
הכפיר 139,מלחה
הכפיר 14,מלחה
הכפיר 140,מלחה
הכפיר 141,מלחה
הכפיר 142,מלחה
הכפיר 143,מלחה
הכפיר 144,מלחה
הכפיר 145,מלחה
הכפיר 146,מלחה
הכפיר 147,מלחה
הכפיר 148,מלחה
הכפיר 149,מלחה
הכפיר 15,מלחה
הכפיר 151,מלחה
הכפיר 152,מלחה
הכפיר 153,מלחה
הכפיר 154,מלחה
הכפיר 155,מלחה
הכפיר 156,מלחה
הכפיר 157,מלחה
הכפיר 16,מלחה
הכפיר 160,מלחה
הכפיר 161,מלחה
הכפיר 162,מלחה
הכפיר 163,מלחה
הכפיר 164,מלחה
הכפיר 165,מלחה
הכפיר 166,מלחה
הכפיר 167,מלחה
הכפיר 168,מלחה
הכפיר 169,מלחה
הכפיר 17,מלחה
הכפיר 170,מלחה
הכפיר 171,מלחה
הכפיר 172,מלחה
הכפיר 173,מלחה
הכפיר 174,מלחה
הכפיר 175,מלחה
הכפיר 176,מלחה
הכפיר 177,מלחה
הכפיר 178,מלחה
הכפיר 18,מלחה
הכפיר 180,מלחה
הכפיר 182,מלחה
הכפיר 183,מלחה
הכפיר 184,מלחה
הכפיר 186,מלחה
הכפיר 19,מלחה
הכפיר 191,מלחה
הכפיר 193,מלחה
הכפיר 195,מלחה
הכפיר 199,מלחה
הכפיר 2,מלחה
הכפיר 20,מלחה
הכפיר 201,מלחה
הכפיר 203,מלחה
הכפיר 205,מלחה
הכפיר 207,מלחה
הכפיר 209,מלחה
הכפיר 21,מלחה
הכפיר 211,מלחה
הכפיר 213,מלחה
הכפיר 215,מלחה
הכפיר 217,מלחה
הכפיר 219,מלחה
הכפיר 22,מלחה
הכפיר 221,מלחה
הכפיר 223,מלחה
הכפיר 225,מלחה
הכפיר 227,מלחה
הכפיר 229,מלחה
הכפיר 23,מלחה
הכפיר 231,מלחה
הכפיר 233,מלחה
הכפיר 235,מלחה
הכפיר 237,מלחה
הכפיר 239,מלחה
הכפיר 24,מלחה
הכפיר 241,מלחה
הכפיר 243,מלחה
הכפיר 25,מלחה
הכפיר 26,מלחה
הכפיר 27,מלחה
הכפיר 28,מלחה
הכפיר 29,מלחה
הכפיר 3,מלחה
הכפיר 30,מלחה
הכפיר 31,מלחה
הכפיר 32,מלחה
הכפיר 33,מלחה
הכפיר 34,מלחה
הכפיר 35,מלחה
הכפיר 36,מלחה
הכפיר 37,מלחה
הכפיר 39,מלחה
הכפיר 4,מלחה
הכפיר 40,מלחה
הכפיר 41,מלחה
הכפיר 42,מלחה
הכפיר 45,מלחה
הכפיר 46,מלחה
הכפיר 47,מלחה
הכפיר 48,מלחה
הכפיר 49,מלחה
הכפיר 5,מלחה
הכפיר 50,מלחה
הכפיר 51,מלחה
הכפיר 52,מלחה
הכפיר 53,מלחה
הכפיר 54,מלחה
הכפיר 55,מלחה
הכפיר 56,מלחה
הכפיר 57,מלחה
הכפיר 58,מלחה
הכפיר 59,מלחה
הכפיר 6,מלחה
הכפיר 60,מלחה
הכפיר 61,מלחה
הכפיר 62,מלחה
הכפיר 63,מלחה
הכפיר 64,מלחה
הכפיר 65,מלחה
הכפיר 66,מלחה
הכפיר 67,מלחה
הכפיר 68,מלחה
הכפיר 69,מלחה
הכפיר 7,מלחה
הכפיר 70,מלחה
הכפיר 71,מלחה
הכפיר 72,מלחה
הכפיר 73,מלחה
הכפיר 75,מלחה
הכפיר 76,מלחה
הכפיר 77,מלחה
הכפיר 78,מלחה
הכפיר 8,מלחה
הכפיר 80,מלחה
הכפיר 81,מלחה
הכפיר 82,מלחה
הכפיר 83,מלחה
הכפיר 84,מלחה
הכפיר 85,מלחה
הכפיר 86,מלחה
הכפיר 87,מלחה
הכפיר 88,מלחה
הכפיר 89,מלחה
הכפיר 9,מלחה
הכפיר 90,מלחה
הכפיר 91,מלחה
הכפיר 92,מלחה
הכפיר 93,מלחה
הכפיר 94,מלחה
הכפיר 95,מלחה
הכפיר 96,מלחה
הכפיר 97,מלחה
הכפיר 98,מלחה
הכפיר 99,מלחה
הכרכום 10,קרית מנחם
הכרכום 11,קרית מנחם
הכרכום 13,קרית מנחם
הכרכום 14,קרית מנחם
הכרכום 15,קרית מנחם
הכרכום 16,קרית מנחם
הכרכום 17,קרית מנחם
הכרכום 19,קרית מנחם
הכרכום 21,קרית מנחם
הכרכום 23,קרית מנחם
הכרכום 3,קרית מנחם
הכרכום 5,קרית מנחם
הכרכום 6,קרית מנחם
הכרכום 7,קרית מנחם
הכרכום 8,קרית מנחם
הכרכום 9,קרית מנחם
הכרמל 1,נחלאות
הכרמל 10,נחלאות
הכרמל 11,נחלאות
הכרמל 12,נחלאות
הכרמל 13,נחלאות
הכרמל 15,נחלאות
הכרמל 20,נחלאות
הכרמל 24,נחלאות
הכרמל 26,נחלאות
הכרמל 30,נחלאות
הכרמל 4,נחלאות
הכרמל 40,נחלאות
הכרמל 44,נחלאות
הכרמל 46,נחלאות
הכרמל 54,נחלאות
הכרמל 56,נחלאות
הכרמל 8,נחלאות
הכרמל 9,נחלאות
הלבנון 4,נחלאות
הלה 14,קטמון
הלה 15,קטמון
הלה 17,קטמון
הלה 18,קטמון
הלה 27,קטמון
הלה 28,קטמון
הלה 29,קטמון
הלה 3,קטמון
הלה 30,קטמון
הלה 31,קטמון
הלה 32,קטמון
הלה 34,קטמון
הלה 35,קטמון
הלה 36,קטמון
הלה 4,קטמון
הלה 5,קטמון
הלה 6,קטמון
הלה 7,קטמון
הלה 8,קטמון
הלה 9,קטמון
הלוט 11,גילה
הלוט 3,גילה
הלוט 42,גילה
הלוט 5,גילה
הלוט 7,גילה
הלוט 9,גילה
הלוי אליעזר 10,קרית משה
הלוי אליעזר 11,קרית משה
הלוי אליעזר 12,קרית משה
הלוי אליעזר 13,קרית משה
הלוי אליעזר 14,קרית משה
הלוי אליעזר 16,קרית משה
הלוי אליעזר 17,קרית משה
הלוי אליעזר 19,קרית משה
הלוי אליעזר 20,קרית משה
הלוי אליעזר 21,קרית משה
הלוי אליעזר 22,קרית משה
הלוי אליעזר 23,קרית משה
הלוי אליעזר 25,קרית משה
הלוי אליעזר 28,קרית משה
הלוי אליעזר 3,קרית משה
הלוי אליעזר 30,קרית משה
הלוי אליעזר 31,קרית משה
הלוי אליעזר 33,קרית משה
הלוי אליעזר 34,קרית משה
הלוי אליעזר 4,קרית משה
הלוי אליעזר 5,קרית משה
הלוי אליעזר 6,קרית משה
הלוי אליעזר 7,קרית משה
הלוי אליעזר 8,קרית משה
הלוי אליעזר 9,קרית משה
הלילך 1,קרית מנחם
הלילך 10,קרית מנחם
הלילך 11,קרית מנחם
הלילך 12,קרית מנחם
הלילך 13,קרית מנחם
הלילך 14,קרית מנחם
הלילך 15,קרית מנחם
הלילך 16,קרית מנחם
הלילך 18,קרית מנחם
הלילך 2,קרית מנחם
הלילך 3,קרית מנחם
הלילך 4,קרית מנחם
הלילך 5,קרית מנחם
הלילך 6,קרית מנחם
הלילך 7,קרית מנחם
הלילך 8,קרית מנחם
הלילך 9,קרית מנחם
הלל 7,מרכז העיר
הלל 9,מרכז העיר
הלני המלכה 24,מוסררה
הלני המלכה 26,מוסררה
הלני המלכה 28,מוסררה
הלני המלכה 30,מוסררה
הלסה 26,ג'בל מוכבר
הלסה 27,ג'בל מוכבר
הלסה 29,ג'בל מוכבר
הלסה 3,ג'בל מוכבר
הלסה 4,ג'בל מוכבר
הלסה 5,ג'בל מוכבר
הלסה סמ1 10,ג'בל מוכבר
הלסה סמ1 13,ג'בל מוכבר
הלסה סמ1 2,ג'בל מוכבר
הלסה סמ1 3,ג'בל מוכבר
הלסה סמ1 5,ג'בל מוכבר
הלסה סמ1 6,ג'בל מוכבר
הלסה סמ1 9,ג'בל מוכבר
הלסה סמ3 11,ג'בל מוכבר
הלסה סמ3 4,ג'בל מוכבר
הלסה סמ3 5,ג'בל מוכבר
הלסה סמ4 1,ג'בל מוכבר
הלסה סמ4 3,ג'בל מוכבר
הלסה סמ4 9,ג'בל מוכבר
הלסה סמ4 9999,ג'בל מוכבר
הלסה סמ5 1,ג'בל מוכבר
הלסה סמ5 3,ג'בל מוכבר
הלסה סמ5 5,ג'בל מוכבר
הלסה סמ6 4,ג'בל מוכבר
הלסה סמ6 8,ג'בל מוכבר
הלר חיים 16,גבעת מרדכי
הלר חיים 18,גבעת מרדכי
הלר חיים 20,גבעת מרדכי
הלר חיים 23,גבעת מרדכי
הלר חיים 25,גבעת מרדכי
הלר חיים 3,גבעת מרדכי
הלר חיים 7,גבעת מרדכי
המאסף 11,רוממה
המאסף 7,רוממה
המביט 12,גאולה
המביט 14,גאולה
המביט 6,גאולה
המבשר 12,אבו תור
המבשר 14,אבו תור
המבשר 16,אבו תור
המבשר 2,אבו תור
המבשר 20,אבו תור
המבשר 3,אבו תור
המבשר 4,אבו תור
המבשר 6,אבו תור
המבשר 8,אבו תור
המג 10,רוממה
המג 11,רוממה
המג 12,רוממה
המג 13,רוממה
המג 14,רוממה
המג 16,רוממה
המג 18,רוממה
המג 19,רוממה
המג 20,רוממה
המג 21,רוממה
המג 22,רוממה
המג 24,רוממה
המג 27,רוממה
המג 29,רוממה
המג 30,רוממה
המג 31,רוממה
המג 32,רוממה
המג 34,רוממה
המג 37,רוממה
המג 39,רוממה
המג 40,רוממה
המג 41,רוממה
המג 6,רוממה
המג 9,רוממה
המגדל 1,אבו תור
המגדל 2,אבו תור
המגדל 7,אבו תור
המגיד 1,המושבה הגרמנית
המגיד 13,המושבה הגרמנית
המגיד 15,המושבה הגרמנית
המגיד 17,המושבה הגרמנית
המגיד 19,המושבה הגרמנית
המגיד 3,המושבה הגרמנית
המגיד 5,המושבה הגרמנית
המגיד 6,המושבה הגרמנית
המגיד 7,המושבה הגרמנית
המדרגות 10,נחלאות
המדרגות 11,נחלאות
המדרגות 12,נחלאות
המדרגות 14,נחלאות
המדרגות 15,נחלאות
המדרגות 16,נחלאות
המדרגות 17,נחלאות
המדרגות 18,נחלאות
המדרגות 19,נחלאות
המדרגות 2,נחלאות
המדרגות 20,נחלאות
המדרגות 22,נחלאות
המדרגות 23,נחלאות
המדרגות 24,נחלאות
המדרגות 25,נחלאות
המדרגות 26,נחלאות
המדרגות 27,נחלאות
המדרגות 28,נחלאות
המדרגות 29,נחלאות
המדרגות 3,נחלאות
המדרגות 30,נחלאות
המדרגות 31,נחלאות
המדרגות 32,נחלאות
המדרגות 34,נחלאות
המדרגות 4,נחלאות
המדרגות 5,נחלאות
המדרגות 6,נחלאות
המדרגות 7,נחלאות
המדרגות 8,נחלאות
המדרגות 9,נחלאות
המון 3,רוממה
המון 6,רוממה
המוסכים 10,מקור חיים
המוסכים 8,מקור חיים
המור 10,גילה
המחנכת 1,גילה
המחנכת 10,גילה
המחנכת 11,גילה
המחנכת 12,גילה
המחנכת 13,גילה
המחנכת 14,גילה
המחנכת 15,גילה
המחנכת 16,גילה
המחנכת 17,גילה
המחנכת 19,גילה
המחנכת 23,גילה
המחנכת 25,גילה
המחנכת 26,גילה
המחנכת 27,גילה
המחנכת 28,גילה
המחנכת 3,גילה
המחנכת 35,גילה
המחנכת 37,גילה
המחנכת 39,גילה
המחנכת 41,גילה
המחנכת 43,גילה
המחנכת 49,גילה
המחנכת 5,גילה
המחנכת 50,גילה
המחנכת 51,גילה
המחנכת 52,גילה
המחנכת 53,גילה
המחנכת 54,גילה
המחנכת 55,גילה
המחנכת 56,גילה
המחנכת 58,גילה
המחנכת 6,גילה
המחנכת 60,גילה
המחנכת 62,גילה
המחנכת 64,גילה
המחנכת 66,גילה
המחנכת 8,גילה
המחנכת 9,גילה
המחתרות 1,תלפיות מזרח
המחתרות 11,תלפיות מזרח
המחתרות 13,תלפיות מזרח
המחתרות 15,תלפיות מזרח
המחתרות 17,תלפיות מזרח
המחתרות 18,תלפיות מזרח
המחתרות 19,תלפיות מזרח
המחתרות 21,תלפיות מזרח
המחתרות 3,תלפיות מזרח
המחתרות 5,תלפיות מזרח
המחתרות 7,תלפיות מזרח
המחתרות 9,תלפיות מזרח
המיסדים 1,בית הכרם
המיסדים 10,בית הכרם
המיסדים 11,בית הכרם
המיסדים 13,בית הכרם
המיסדים 16,בית הכרם
המיסדים 17,בית הכרם
המיסדים 18,בית הכרם
המיסדים 19,בית הכרם
המיסדים 2,בית הכרם
המיסדים 20,בית הכרם
המיסדים 22,בית הכרם
המיסדים 23,בית הכרם
המיסדים 4,בית הכרם
המיסדים 5,בית הכרם
המיסדים 7,בית הכרם
המיסדים 8,בית הכרם
המיסדים 9,בית הכרם
המלאך 10,העיר העתיקה
המלאך 11,העיר העתיקה
המלאך 13,העיר העתיקה
המלאך 14,העיר העתיקה
המלאך 2,העיר העתיקה
המלאך 21,העיר העתיקה
המלאך 29,העיר העתיקה
המלאך 3,העיר העתיקה
המלאך 4,העיר העתיקה
המלאך 5,העיר העתיקה
המלאך 6,העיר העתיקה
המלאך 8,העיר העתיקה
המלאך 9,העיר העתיקה
המלאך בלבן 1,אבו תור
המלאך בלבן 2,אבו תור
המלאך בלבן 3,אבו תור
המלאך בלבן 4,אבו תור
המלאך בלבן 5,אבו תור
המלאך בלבן 6,אבו תור
המלאך בלבן 7,אבו תור
המליץ 10,המושבה הגרמנית
המליץ 6,המושבה הגרמנית
המלך ג'ורג' 38,מרכז העיר
המלך פייצל,העיר העתיקה
המלך פייצל 1,העיר העתיקה
המלך פייצל 4,העיר העתיקה
המלך פייצל 8,העיר העתיקה
המלך פייצל 9999,העיר העתיקה
הממציא 10,הר חומה
הממציא 11,הר חומה
הממציא 12,הר חומה
הממציא 13,הר חומה
הממציא 14,הר חומה
הממציא 15,הר חומה
הממציא 2,הר חומה
הממציא 3,הר חומה
הממציא 4,הר חומה
הממציא 5,הר חומה
הממציא 6,הר חומה
הממציא 7,הר חומה
הממציא 8,הר חומה
המנזר היווני 19,העיר העתיקה
המנזר היווני 9,העיר העתיקה
המנזר היווני 9999,העיר העתיקה
המעיין 10,עין כרם
המעיין 11,עין כרם
המעיין 12,עין כרם
המעיין 18,עין כרם
המעיין 92,עין כרם
המעפילים 11,קטמון
המעפילים 13,קטמון
המעפילים 15,קטמון
המעפילים 16,קטמון
המעפילים 17,קטמון
המעפילים 18,קטמון
המעפילים 20,קטמון
המעפילים 3,קטמון
המעפילים 4,קטמון
המעפילים 6,קטמון
המעפילים 7,קטמון
המעפילים 8,קטמון
המעפילים 9,קטמון
המערבים 10,טלביה
המערבים 11,טלביה
המערבים 12,טלביה
המערבים 16,טלביה
המערבים 6,טלביה
המערבים 7,טלביה
המערבים 8,טלביה
המפקד 10,אבו תור
המפקד 12,אבו תור
המפקד 14,אבו תור
המפקד 15,אבו תור
המפקד 18,אבו תור
המפקד 19,אבו תור
המפקד 20,אבו תור
המפקד 21,אבו תור
המפקד 3,אבו תור
המפקד 30,אבו תור
המפקד 32,אבו תור
המפקד 33,אבו תור
המפקד 35,אבו תור
המפקד 39,אבו תור
המפקד 4,אבו תור
המפקד 40,אבו תור
המפקד 41,אבו תור
המפקד 43,אבו תור
המפקד 45,אבו תור
המפקד 46,אבו תור
המפקד 47,אבו תור
המפקד 5,אבו תור
המפקד 55,אבו תור
המפקד 6,אבו תור
המפקד 78,אבו תור
המפקד 8,אבו תור
המפקד 84,אבו תור
המפקד סמ1 13,אבו תור
המפקד סמ1 17,אבו תור
המפקד סמ1 21,אבו תור
המפקד סמ1 33,אבו תור
המפקד סמ1 5,אבו תור
המפקד סמ1 9,אבו תור
המפקד סמ3 11,אבו תור
המפקד סמ3 15,אבו תור
המפקד סמ3 22,אבו תור
המפקד סמ3 24,אבו תור
המפקד סמ3 26,אבו תור
המפקד סמ3 3,אבו תור
המפקד סמ3 31,אבו תור
המפקד סמ3 37,אבו תור
המפקד סמ3 5,אבו תור
המפקד סמ3 9999,אבו תור
המפקד סמ5 2,אבו תור
המפקד סמ5 4,אבו תור
המפקד סמ5 8,אבו תור
המפקד סמ7 11,אבו תור
המפקד סמ7 19,אבו תור
המפקד סמ7 3,אבו תור
המפקד סמ7 8,אבו תור
המפקד סמ7 9,אבו תור
המצודה 1,אבו תור
המצודה 3,אבו תור
המצודה 7,אבו תור
המצור 10,קטמון
המצור 11,קטמון
המצור 13,קטמון
המצור 3,קטמון
המצור 4,קטמון
המצור 5,קטמון
המצור 6,קטמון
המצור 9,קטמון
המקובלים 2,הרובע היהודי
המר זבולון 10,קרית הלאום
המר זבולון 6,קרית הלאום
המר זבולון 8,קרית הלאום
המשורינים 2,קטמון
המשורינים 5,קטמון
המשורינים 7,קטמון
המשורר אצג 10,רמות
המשורר אצג 12,רמות
המשורר אצג 16,רמות
המשורר אצג 18,רמות
המשורר אצג 20,רמות
המשורר אצג 28,רמות
המשורר אצג 4,רמות
המשורר אצג 46,רמות
המשורר אצג 48,רמות
המשורר אצג 50,רמות
המשורר אצג 52,רמות
המשורר אצג 54,רמות
המשורר אצג 58,רמות
המשורר אצג 6,רמות
המשורר אצג 60,רמות
המשורר אצג 63,רמות
המשורר אצג 64,רמות
המשוררים 1,הרובע היהודי
המשוררים 2,הרובע היהודי
המשוררים 3,הרובע היהודי
המשוררת 10,בית הכרם
המשוררת 11,בית הכרם
המשוררת 12,בית הכרם
המשוררת 13,בית הכרם
המשוררת 15,בית הכרם
המשוררת 20,בית הכרם
המשוררת 22,בית הכרם
המשוררת 4,בית הכרם
המשוררת 6,בית הכרם
המשוררת 7,בית הכרם
המשוררת 8,בית הכרם
המשוררת 9,בית הכרם
המשוררת זלדה 1,רמות
המשוררת זלדה 10,רמות
המשוררת זלדה 11,רמות
המשוררת זלדה 12,רמות
המשוררת זלדה 13,רמות
המשוררת זלדה 14,רמות
המשוררת זלדה 15,רמות
המשוררת זלדה 16,רמות
המשוררת זלדה 17,רמות
המשוררת זלדה 18,רמות
המשוררת זלדה 2,רמות
המשוררת זלדה 20,רמות
המשוררת זלדה 21,רמות
המשוררת זלדה 23,רמות
המשוררת זלדה 27,רמות
המשוררת זלדה 29,רמות
המשוררת זלדה 3,רמות
המשוררת זלדה 31,רמות
המשוררת זלדה 4,רמות
המשוררת זלדה 5,רמות
המשוררת זלדה 6,רמות
המשוררת זלדה 7,רמות
המשוררת זלדה 8,רמות
המשוררת זלדה 9,רמות
המשלט 10,אבו תור
המשלט 2,אבו תור
המשלט 4,אבו תור
המשלט 6,אבו תור
המשלט 8,אבו תור
המתנחלים בהר 1,רמת מוצא
המתנחלים בהר 10,רמת מוצא
המתנחלים בהר 11,רמת מוצא
המתנחלים בהר 12,רמת מוצא
המתנחלים בהר 13,רמת מוצא
המתנחלים בהר 14,רמת מוצא
המתנחלים בהר 15,רמת מוצא
המתנחלים בהר 17,רמת מוצא
המתנחלים בהר 19,רמת מוצא
המתנחלים בהר 2,רמת מוצא
המתנחלים בהר 21,רמת מוצא
המתנחלים בהר 26,רמת מוצא
המתנחלים בהר 29,רמת מוצא
המתנחלים בהר 3,רמת מוצא
המתנחלים בהר 31,רמת מוצא
המתנחלים בהר 32,רמת מוצא
המתנחלים בהר 33,רמת מוצא
המתנחלים בהר 35,רמת מוצא
המתנחלים בהר 4,רמת מוצא
המתנחלים בהר 5,רמת מוצא
המתנחלים בהר 6,רמת מוצא
המתנחלים בהר 7,רמת מוצא
המתנחלים בהר 8,רמת מוצא
המתנחלים בהר 9,רמת מוצא
הנביאים,מרכז העיר
הנביאים 11,מוסררה
הנביאים 22,מוסררה
הנביאים 29,מוסררה
הנביאים 50,מרכז העיר
הנביאים 62,מרכז העיר
הנבל 1,העיר העתיקה
הנבל 10,העיר העתיקה
הנבל 11,העיר העתיקה
הנבל 13,העיר העתיקה
הנבל 14,העיר העתיקה
הנבל 2,העיר העתיקה
הנבל 4,העיר העתיקה
הנבל 5,העיר העתיקה
הנבל 7,העיר העתיקה
הנבל 8,העיר העתיקה
הנבל 9,העיר העתיקה
הנגבי שבתאי 11,גילה
הנגבי שבתאי 13,גילה
הנגבי שבתאי 15,גילה
הנגבי שבתאי 17,גילה
הנגבי שבתאי 19,גילה
הנגבי שבתאי 21,גילה
הנגבי שבתאי 23,גילה
הנגבי שבתאי 25,גילה
הנגבי שבתאי 27,גילה
הנגבי שבתאי 281,גילה
הנגבי שבתאי 29,גילה
הנגבי שבתאי 3,גילה
הנגבי שבתאי 31,גילה
הנגבי שבתאי 33,גילה
הנגבי שבתאי 35,גילה
הנגבי שבתאי 37,גילה
הנגבי שבתאי 39,גילה
הנגבי שבתאי 41,גילה
הנגבי שבתאי 42,גילה
הנגבי שבתאי 43,גילה
הנגבי שבתאי 44,גילה
הנגבי שבתאי 45,גילה
הנגבי שבתאי 46,גילה
הנגבי שבתאי 47,גילה
הנגבי שבתאי 48,גילה
הנגבי שבתאי 49,גילה
הנגבי שבתאי 5,גילה
הנגבי שבתאי 51,גילה
הנגבי שבתאי 53,גילה
הנגבי שבתאי 55,גילה
הנגבי שבתאי 57,גילה
הנגבי שבתאי 60,גילה
הנגבי שבתאי 61,גילה
הנגבי שבתאי 65,גילה
הנגבי שבתאי 67,גילה
הנגבי שבתאי 69,גילה
הנגבי שבתאי 7,גילה
הנגבי שבתאי 71,גילה
הנגבי שבתאי 73,גילה
הנגבי שבתאי 75,גילה
הנגבי שבתאי 9,גילה
הנוטרים 14,גוננים
הנוטרים 2,גוננים
הנוטרים 20,גוננים
הנוטרים 3,גוננים
הנוטרים 5,גוננים
הנוטרים 7,גוננים
הנוטרים 8,גוננים
הנוצרים,העיר העתיקה
הנוצרים 10,העיר העתיקה
הנוצרים 127,העיר העתיקה
הנוצרים 13,העיר העתיקה
הנוצרים 14,העיר העתיקה
הנוצרים 23,העיר העתיקה
הנוצרים 24,העיר העתיקה
הנוצרים 43,העיר העתיקה
הנוצרים 79,העיר העתיקה
הנוצרים 88,העיר העתיקה
הנוצרים 9,העיר העתיקה
הנוצרים 94,העיר העתיקה
הנורית 1,קרית מנחם
הנורית 10,קרית מנחם
הנורית 102,קרית מנחם
הנורית 105,קרית מנחם
הנורית 11,קרית מנחם
הנורית 110,קרית מנחם
הנורית 12,קרית מנחם
הנורית 13,קרית מנחם
הנורית 14,קרית מנחם
הנורית 15,קרית מנחם
הנורית 17,קרית מנחם
הנורית 19,קרית מנחם
הנורית 20,קרית מנחם
הנורית 200,קרית מנחם
הנורית 202,קרית מנחם
הנורית 23,קרית מנחם
הנורית 24,קרית מנחם
הנורית 25,קרית מנחם
הנורית 26,קרית מנחם
הנורית 27,קרית מנחם
הנורית 30,קרית מנחם
הנורית 32,קרית מנחם
הנורית 34,קרית מנחם
הנורית 4,קרית מנחם
הנורית 6,קרית מנחם
הנורית 7,קרית מנחם
הנורית 8,קרית מנחם
הנחל 2,הגבעה הצרפתית
הנחל 4,הגבעה הצרפתית
הנטקה 2,קרית היובל
הנטקה 28,קרית היובל
הנטקה 30,קרית היובל
הנטקה 32,קרית היובל
הנטקה 34,קרית היובל
הנטקה 38,קרית היובל
הנטקה 40,קרית היובל
הנטקה 42,קרית היובל
הנטקה 44,קרית היובל
הנטקה 48,קרית היובל
הנטקה 50,קרית היובל
הנטקה 52,קרית היובל
הנטקה 56,קרית היובל
הנטקה 58,קרית היובל
הנטקה 60,קרית היובל
הנטקה 62,קרית היובל
הנטקה 64,קרית היובל
הנטקה 66,קרית היובל
הנטקה 68,קרית היובל
הנטקה 70,קרית היובל
הנטקה 72,קרית היובל
הנטקה 74,קרית היובל
הניידות 10,פסגת זאב
הניידות 12,פסגת זאב
הניידות 14,פסגת זאב
הניידות 15,פסגת זאב
הניידות 16,פסגת זאב
הניידות 17,פסגת זאב
הניידות 18,פסגת זאב
הניידות 19,פסגת זאב
הניידות 20,פסגת זאב
הניידות 23,פסגת זאב
הניידות 24,פסגת זאב
הניידות 25,פסגת זאב
הניידות 26,פסגת זאב
הניידות 27,פסגת זאב
הניידות 28,פסגת זאב
הניידות 29,פסגת זאב
הניידות 3,פסגת זאב
הניידות 30,פסגת זאב
הניידות 31,פסגת זאב
הניידות 32,פסגת זאב
הניידות 33,פסגת זאב
הניידות 34,פסגת זאב
הניידות 35,פסגת זאב
הניידות 36,פסגת זאב
הניידות 37,פסגת זאב
הניידות 38,פסגת זאב
הניידות 4,פסגת זאב
הניידות 6,פסגת זאב
הניידות 7,פסגת זאב
הניידות 8,פסגת זאב
הנמר 11,מלחה
הנמר 17,מלחה
הנמר 19,מלחה
הנמר 23,מלחה
הנמר 5,מלחה
הנמר 7,מלחה
הנמר 9,מלחה
הנציב 2,נחלאות
הנציב 3,נחלאות
הנציב 4,נחלאות
הנציב 6,נחלאות
הנציב 7,נחלאות
הנציב 9,נחלאות
הנרד 10,קרית מנחם
הנרד 11,קרית מנחם
הנרד 12,קרית מנחם
הנרד 13,קרית מנחם
הנרד 14,קרית מנחם
הנרד 15,קרית מנחם
הנרד 16,קרית מנחם
הנרד 17,קרית מנחם
הנרד 18,קרית מנחם
הנרד 19,קרית מנחם
הנרד 2,קרית מנחם
הנרד 20,קרית מנחם
הנרד 22,קרית מנחם
הנרד 24,קרית מנחם
הנרד 25,קרית מנחם
הנרד 26,קרית מנחם
הנרד 27,קרית מנחם
הנרד 28,קרית מנחם
הנרד 29,קרית מנחם
הנרד 3,קרית מנחם
הנרד 30,קרית מנחם
הנרד 31,קרית מנחם
הנרד 32,קרית מנחם
הנרד 34,קרית מנחם
הנרד 36,קרית מנחם
הנרד 38,קרית מנחם
הנרד 4,קרית מנחם
הנרד 40,קרית מנחם
הנרד 42,קרית מנחם
הנרד 44,קרית מנחם
הנרד 5,קרית מנחם
הנרד 6,קרית מנחם
הנרד 7,קרית מנחם
הנרד 8,קרית מנחם
הנרד 9,קרית מנחם
הנשיא 11,טלביה
הנשיא 15,טלביה
הנשיא 4,טלביה
הנשיא 6,טלביה
הנשיא 8,טלביה
הנשיא 9,טלביה
הנשיא השישי 22,קרית הלאום
הס משה 7,טלביה
הס משה 8,טלביה
הסביון 1,קרית מנחם
הסביון 10,קרית מנחם
הסביון 11,קרית מנחם
הסביון 14,קרית מנחם
הסביון 16,קרית מנחם
הסביון 18,קרית מנחם
הסביון 2,קרית מנחם
הסביון 3,קרית מנחם
הסביון 4,קרית מנחם
הסביון 5,קרית מנחם
הסביון 6,קרית מנחם
הסביון 7,קרית מנחם
הסביון 8,קרית מנחם
הסביון 9,קרית מנחם
הסוללים 5,בית הכרם
הסוללים 7,בית הכרם
הסופר 2,בית הכרם
הסופר 3,בית הכרם
הסופר 5,בית הכרם
הסופר 7,בית הכרם
הסחלב 10,קרית מנחם
הסחלב 11,קרית מנחם
הסחלב 13,קרית מנחם
הסחלב 17,קרית מנחם
הסחלב 3,קרית מנחם
הסחלב 5,קרית מנחם
הסחלב 7,קרית מנחם
הסחלב 8,קרית מנחם
הסחלב 9,קרית מנחם
הסיגלית 1,גילה
הסיגלית 10,גילה
הסיגלית 11,גילה
הסיגלית 12,גילה
הסיגלית 13,גילה
הסיגלית 14,גילה
הסיגלית 15,גילה
הסיגלית 17,גילה
הסיגלית 18,גילה
הסיגלית 19,גילה
הסיגלית 20,גילה
הסיגלית 21,גילה
הסיגלית 22,גילה
הסיגלית 23,גילה
הסיגלית 24,גילה
הסיגלית 25,גילה
הסיגלית 26,גילה
הסיגלית 27,גילה
הסיגלית 28,גילה
הסיגלית 29,גילה
הסיגלית 3,גילה
הסיגלית 30,גילה
הסיגלית 31,גילה
הסיגלית 32,גילה
הסיגלית 33,גילה
הסיגלית 34,גילה
הסיגלית 35,גילה
הסיגלית 37,גילה
הסיגלית 39,גילה
הסיגלית 4,גילה
הסיגלית 41,גילה
הסיגלית 43,גילה
הסיגלית 45,גילה
הסיגלית 47,גילה
הסיגלית 49,גילה
הסיגלית 5,גילה
הסיגלית 51,גילה
הסיגלית 53,גילה
הסיגלית 55,גילה
הסיגלית 6,גילה
הסיגלית 7,גילה
הסיגלית 8,גילה
הסיגלית 9,גילה
הסייר 2,פסגת זאב
הסייר 4,פסגת זאב
הסייר 6,פסגת זאב
הסייר 8,פסגת זאב
הסיירת הירושלמית 1,פסגת זאב
הסיירת הירושלמית 10,פסגת זאב
הסיירת הירושלמית 12,פסגת זאב
הסיירת הירושלמית 13,פסגת זאב
הסיירת הירושלמית 14,פסגת זאב
הסיירת הירושלמית 15,פסגת זאב
הסיירת הירושלמית 16,פסגת זאב
הסיירת הירושלמית 17,פסגת זאב
הסיירת הירושלמית 18,פסגת זאב
הסיירת הירושלמית 20,פסגת זאב
הסיירת הירושלמית 22,פסגת זאב
הסיירת הירושלמית 23,פסגת זאב
הסיירת הירושלמית 25,פסגת זאב
הסיירת הירושלמית 26,פסגת זאב
הסיירת הירושלמית 27,פסגת זאב
הסיירת הירושלמית 28,פסגת זאב
הסיירת הירושלמית 29,פסגת זאב
הסיירת הירושלמית 3,פסגת זאב
הסיירת הירושלמית 30,פסגת זאב
הסיירת הירושלמית 32,פסגת זאב
הסיירת הירושלמית 33,פסגת זאב
הסיירת הירושלמית 35,פסגת זאב
הסיירת הירושלמית 5,פסגת זאב
הסיירת הירושלמית 7,פסגת זאב
הסיירת הירושלמית 9,פסגת זאב
הסיפן 11,קרית מנחם
הסיפן 19,קרית מנחם
הסיפן 2,קרית מנחם
הסיפן 21,קרית מנחם
הסיפן 23,קרית מנחם
הסיפן 25,קרית מנחם
הסיפן 27,קרית מנחם
הסיפן 29,קרית מנחם
הסיפן 3,קרית מנחם
הסיפן 31,קרית מנחם
הסיפן 5,קרית מנחם
הסיפן 7,קרית מנחם
הסיפן 9,קרית מנחם
הסנהדרין 1,סנהדריה
הסנהדרין 10,סנהדריה
הסנהדרין 12,סנהדריה
הסנהדרין 14,סנהדריה
הסנהדרין 16,סנהדריה
הסנהדרין 2,סנהדריה
הסנהדרין 4,סנהדריה
הסנהדרין 8,סנהדריה
הסתונית 1,גילה
הסתונית 11,גילה
הסתונית 13,גילה
הסתונית 15,גילה
הסתונית 17,גילה
הסתונית 19,גילה
הסתונית 21,גילה
הסתונית 23,גילה
הסתונית 25,גילה
הסתונית 27,גילה
הסתונית 29,גילה
הסתונית 3,גילה
הסתונית 31,גילה
הסתונית 33,גילה
הסתונית 35,גילה
הסתונית 37,גילה
הסתונית 5,גילה
הסתונית 7,גילה
הסתונית 704,גילה
הסתונית 9,גילה
הסתת 11,בית הכרם
הסתת 13,בית הכרם
הסתת 3,בית הכרם
הסתת 5,בית הכרם
הסתת 6,בית הכרם
הסתת 9,בית הכרם
העוגב 1,הרובע היהודי
העוגב 3,הרובע היהודי
העוגב 34,הרובע היהודי
העומר 1,הרובע היהודי
העומר 18,הרובע היהודי
העומר 2,הרובע היהודי
העומר 3,הרובע היהודי
העומר 4,הרובע היהודי
העומר 5,הרובע היהודי
העומר 6,הרובע היהודי
העומר 9,הרובע היהודי
העח 10,מוסררה
העח 11,מוסררה
העח 12,מוסררה
העח 15,מוסררה
העח 17,מוסררה
העח 19,מוסררה
העח 22,מוסררה
העח 23,מוסררה
העח 24,מוסררה
העח 3,מוסררה
העח 6,מוסררה
העיר העתיקה,העיר העתיקה
העיר העתיקה 1,העיר העתיקה
העיר העתיקה 11,העיר העתיקה
העיר העתיקה 21,העיר העתיקה
העיר העתיקה 3,העיר העתיקה
העיר העתיקה 6,העיר העתיקה
העיר העתיקה 8,העיר העתיקה
העירית 1,גילה
העירית 10,גילה
העירית 12,גילה
העירית 14,גילה
העירית 16,גילה
העירית 18,גילה
העירית 2,גילה
העירית 20,גילה
העירית 22,גילה
העירית 3,גילה
העירית 4,גילה
העירית 5,גילה
העירית 6,גילה
העירית 7,גילה
העירית 8,גילה
העלוי 1,קרית משה
העלוי 12,קרית משה
העלוי 4,קרית משה
העלוי 6,קרית משה
העלוי 8,קרית משה
העמלים 11,בית ישראל
העסקן 12,תלפיות מזרח
העסקן 16,תלפיות מזרח
העסקן 20,תלפיות מזרח
העסקן 8,תלפיות מזרח
העשור 9,סילואן
הפורצים 1,קטמון
הפורצים 10,קטמון
הפורצים 12,קטמון
הפורצים 14,קטמון
הפורצים 15,קטמון
הפורצים 16,קטמון
הפורצים 17,קטמון
הפורצים 18,קטמון
הפורצים 19,קטמון
הפורצים 2,קטמון
הפורצים 21,קטמון
הפורצים 23,קטמון
הפורצים 24,קטמון
הפורצים 25,קטמון
הפורצים 27,קטמון
הפורצים 28,קטמון
הפורצים 3,קטמון
הפורצים 30,קטמון
הפורצים 34,קטמון
הפורצים 4,קטמון
הפורצים 5,קטמון
הפורצים 6,קטמון
הפורצים 7,קטמון
הפורצים 8,קטמון
הפורצים 9,קטמון
הפטרארכיה הארמנית 67,העיר העתיקה
הפטרארכיה הארמנית 73,העיר העתיקה
הפלמח 1,קטמון
הפלמח 10,קטמון
הפלמח 11,קטמון
הפלמח 12,קטמון
הפלמח 13,קטמון
הפלמח 15,קטמון
הפלמח 19,קטמון
הפלמח 20,קטמון
הפלמח 23,קטמון
הפלמח 26,קטמון
הפלמח 27,קטמון
הפלמח 3,קטמון
הפלמח 31,קטמון
הפלמח 32,קטמון
הפלמח 33,קטמון
הפלמח 35,קטמון
הפלמח 37,קטמון
הפלמח 39,קטמון
הפלמח 41,קטמון
הפלמח 43,קטמון
הפלמח 46,קטמון
הפלמח 47,קטמון
הפלמח 49,קטמון
הפלמח 5,קטמון
הפלמח 50,קטמון
הפלמח 51,קטמון
הפלמח 52,קטמון
הפלמח 54,קטמון
הפלמח 56,קטמון
הפלמח 58,קטמון
הפלמח 59,קטמון
הפלמח 60,קטמון
הפלמח 61,קטמון
הפלמח 62,קטמון
הפלמח 64,קטמון
הפלמח 65,קטמון
הפלמח 66,קטמון
הפלמח 68,קטמון
הפלמח 69,קטמון
הפלמח 71,קטמון
הפלמח 73,קטמון
הפלמח 75,קטמון
הפלמח 77,קטמון
הפלמח 9,קטמון
הפסגה 15,בית וגן
הפסגה 28,בית וגן
הפסגה 36,בית וגן
הפסגה 38,בית וגן
הפסגה 40,בית וגן
הפסגה 41,בית וגן
הפסגה 46,בית וגן
הפסגה 47,בית וגן
הפסגה 48,בית וגן
הפסגה 53,בית וגן
הפסגה 55,בית וגן
הפסגה 56,בית וגן
הפסגה 61,בית וגן
הפסגה 62,בית וגן
הפסגה 63,בית וגן
הפסגה 64,בית וגן
הפסגה 65,בית וגן
הפסגה 67,בית וגן
הפסגה 68,בית וגן
הפסגה 69,בית וגן
הפסגה 71,בית וגן
הפסגה 9,בית וגן
הפרטיזנים 304,הגבעה הצרפתית
הפרטיזנים 306,הגבעה הצרפתית
הצבי 2,רוממה
הצבי 8,רוממה
הצבעוני 1,גילה
הצבעוני 11,גילה
הצבעוני 13,גילה
הצבעוני 15,גילה
הצבעוני 17,גילה
הצבעוני 19,גילה
הצבעוני 21,גילה
הצבעוני 23,גילה
הצבעוני 25,גילה
הצבעוני 27,גילה
הצבעוני 3,גילה
הצבעוני 5,גילה
הצבעוני 7,גילה
הצבר 14,גילה
הצבר 200,גילה
הצבר 202,גילה
הצבר 203,גילה
הצבר 215,גילה
הצדיק משטפנשט 10,רמת שלמה
הצדיק משטפנשט 11,רמת שלמה
הצדיק משטפנשט 12,רמת שלמה
הצדיק משטפנשט 15,רמת שלמה
הצדיק משטפנשט 17,רמת שלמה
הצדיק משטפנשט 18,רמת שלמה
הצדיק משטפנשט 19,רמת שלמה
הצדיק משטפנשט 20,רמת שלמה
הצדיק משטפנשט 21,רמת שלמה
הצדיק משטפנשט 22,רמת שלמה
הצדיק משטפנשט 23,רמת שלמה
הצדיק משטפנשט 24,רמת שלמה
הצדיק משטפנשט 26,רמת שלמה
הצדיק משטפנשט 27,רמת שלמה
הצדיק משטפנשט 28,רמת שלמה
הצדיק משטפנשט 29,רמת שלמה
הצדיק משטפנשט 3,רמת שלמה
הצדיק משטפנשט 30,רמת שלמה
הצדיק משטפנשט 31,רמת שלמה
הצדיק משטפנשט 32,רמת שלמה
הצדיק משטפנשט 33,רמת שלמה
הצדיק משטפנשט 34,רמת שלמה
הצדיק משטפנשט 35,רמת שלמה
הצדיק משטפנשט 36,רמת שלמה
הצדיק משטפנשט 37,רמת שלמה
הצדיק משטפנשט 38,רמת שלמה
הצדיק משטפנשט 39,רמת שלמה
הצדיק משטפנשט 40,רמת שלמה
הצדיק משטפנשט 41,רמת שלמה
הצדיק משטפנשט 43,רמת שלמה
הצדיק משטפנשט 5,רמת שלמה
הצדיק משטפנשט 6,רמת שלמה
הצדיק משטפנשט 7,רמת שלמה
הצדיק משטפנשט 8,רמת שלמה
הצדיק משטפנשט 9,רמת שלמה
הצוף 1,גילה
הצוף 10,גילה
הצוף 11,גילה
הצוף 12,גילה
הצוף 14,גילה
הצוף 16,גילה
הצוף 18,גילה
הצוף 2,גילה
הצוף 20,גילה
הצוף 22,גילה
הצוף 24,גילה
הצוף 26,גילה
הצוף 28,גילה
הצוף 29,גילה
הצוף 3,גילה
הצוף 30,גילה
הצוף 32,גילה
הצוף 34,גילה
הצוף 36,גילה
הצוף 38,גילה
הצוף 4,גילה
הצוף 40,גילה
הצוף 42,גילה
הצוף 46,גילה
הצוף 5,גילה
הצוף 6,גילה
הצוף 7,גילה
הצוף 8,גילה
הצוף 9,גילה
הציונות 10,קרית היובל
הציונות 14,קרית היובל
הציונות 16,קרית היובל
הציונות 3,קרית היובל
הציונות 4,קרית היובל
הציונות 5,קרית היובל
הציונות 6,קרית היובל
הציונות 7,קרית היובל
הציונות 8,קרית היובל
הציונות 9,קרית היובל
הצייר יוסי 1,רמת שרת
הצייר יוסי 12,רמת שרת
הצייר יוסי 14,רמת שרת
הצייר יוסי 16,רמת שרת
הצייר יוסי 18,רמת שרת
הצייר יוסי 2,רמת שרת
הצייר יוסי 20,רמת שרת
הצייר יוסי 3,רמת שרת
הצייר יוסי 4,רמת שרת
הצייר יוסי 8,רמת שרת
הצלף 10,קרית מנחם
הצלף 12,קרית מנחם
הצלף 14,קרית מנחם
הצלף 16,קרית מנחם
הצלף 18,קרית מנחם
הצלף 2,קרית מנחם
הצלף 20,קרית מנחם
הצלף 22,קרית מנחם
הצלף 24,קרית מנחם
הצלף 3,קרית מנחם
הצלף 4,קרית מנחם
הצלף 6,קרית מנחם
הצלף 8,קרית מנחם
הצפורן 1,גילה
הצפורן 10,גילה
הצפורן 11,גילה
הצפורן 12,גילה
הצפורן 13,גילה
הצפורן 14,גילה
הצפורן 15,גילה
הצפורן 17,גילה
הצפורן 18,גילה
הצפורן 19,גילה
הצפורן 20,גילה
הצפורן 21,גילה
הצפורן 23,גילה
הצפורן 24,גילה
הצפורן 25,גילה
הצפורן 27,גילה
הצפורן 29,גילה
הצפורן 3,גילה
הצפורן 30,גילה
הצפורן 31,גילה
הצפורן 32,גילה
הצפורן 33,גילה
הצפורן 34,גילה
הצפורן 35,גילה
הצפורן 36,גילה
הצפורן 37,גילה
הצפורן 38,גילה
הצפורן 39,גילה
הצפורן 4,גילה
הצפורן 40,גילה
הצפורן 41,גילה
הצפורן 42,גילה
הצפורן 44,גילה
הצפורן 46,גילה
הצפורן 48,גילה
הצפורן 5,גילה
הצפורן 50,גילה
הצפורן 52,גילה
הצפורן 6,גילה
הצפורן 7,גילה
הצפורן 8,גילה
הצפורן 82,גילה
הצפורן 9,גילה
הצפירה 10,המושבה הגרמנית
הצפירה 12,המושבה הגרמנית
הצפירה 13,המושבה הגרמנית
הצפירה 14,המושבה הגרמנית
הצפירה 2,המושבה הגרמנית
הצפירה 21,המושבה הגרמנית
הצפירה 24,המושבה הגרמנית
הצפירה 25,המושבה הגרמנית
הצפירה 3,המושבה הגרמנית
הצפירה 4,המושבה הגרמנית
הצפירה 5,המושבה הגרמנית
הצפירה 6,המושבה הגרמנית
הצפירה 7,המושבה הגרמנית
הקבלן 1,הר נוף
הקבלן 12,הר נוף
הקבלן 15,הר נוף
הקבלן 16,הר נוף
הקבלן 17,הר נוף
הקבלן 18,הר נוף
הקבלן 20,הר נוף
הקבלן 24,הר נוף
הקבלן 25,הר נוף
הקבלן 26,הר נוף
הקבלן 27,הר נוף
הקבלן 28,הר נוף
הקבלן 29,הר נוף
הקבלן 30,הר נוף
הקבלן 31,הר נוף
הקבלן 33,הר נוף
הקבלן 35,הר נוף
הקבלן 37,הר נוף
הקבלן 39,הר נוף
הקבלן 47,הר נוף
הקבלן 49,הר נוף
הקבלן 51,הר נוף
הקבלן 53,הר נוף
הקבלן 55,הר נוף
הקבלן 59,הר נוף
הקבלן 61,הר נוף
הקבלן 63,הר נוף
הקבלן 67,הר נוף
הקבלן 69,הר נוף
הקבלן 9,הר נוף
הקופטים 22,העיר העתיקה
הקורא 306,גילה
הקליר 10,רחביה
הקליר 12,רחביה
הקליר 14,רחביה
הקליר 16,רחביה
הקליר 2,רחביה
הקליר 20,רחביה
הקליר 22,רחביה
הקליר 26,רחביה
הקליר 28,רחביה
הקליר 3,רחביה
הקליר 32,רחביה
הקליר 4,רחביה
הקליר 6,רחביה
הקליר 8,רחביה
הקליר 9,רחביה
הקנה 4,גילה
הקנה 45,גילה
הקנה 6,גילה
הקנה 8,גילה
הקצין סילבר 10,תלפיות
הקרן הקיימת 24,רחביה
הקרן הקיימת 28,רחביה
הקרן הקיימת 30,רחביה
הקרן הקיימת 32,רחביה
הקרן הקיימת 34,רחביה
הקרן הקיימת 37,רחביה
הקרן הקיימת 41,רחביה
הקרן הקיימת 45,רחביה
הקרן הקיימת 47,רחביה
הקרן הקיימת 49,רחביה
הקרן הקיימת 55,רחביה
הקרן הקיימת 57,רחביה
הר הזיתים 0,א-טור
הר הזיתים 1,א-טור
הר הזיתים 12,א-טור
הר הזיתים 2,א-טור
הר הזיתים 21,א-טור
הר הזיתים 5,א-טור
הר הזיתים 793,א-טור
הר הזיתים 9,א-טור
הר הזיתים 999,א-טור
הר הצופים אידלסון 5,הר הצופים
הר הצופים אידלסון 6,הר הצופים
הר הצופים אידלסון 7,הר הצופים
הר הצופים אידלסון 8,הר הצופים
הר הצופים אידלסון 9,הר הצופים
הראובני דוד 18,גבעת שאול
הראובני דוד 19,גבעת שאול
הראובני דוד 2,גבעת שאול
הראובני דוד 21,גבעת שאול
הראובני דוד 23,גבעת שאול
הראובני דוד 3,גבעת שאול
הרב אבוהב 1,בית וגן
הרב אבוהב 10,בית וגן
הרב אבוהב 14,בית וגן
הרב אבוהב 3,בית וגן
הרב אבוהב 4,בית וגן
הרב אבוהב 5,בית וגן
הרב אבוהב 6,בית וגן
הרב אבוהב 7,בית וגן
הרב אבוהב 8,בית וגן
הרב אבוהב 9,בית וגן
הרב אבן דנן 11,הר נוף
הרב אבן דנן 13,הר נוף
הרב אבן דנן 14,הר נוף
הרב אבן דנן 15,הר נוף
הרב אבן דנן 16,הר נוף
הרב אבן דנן 18,הר נוף
הרב אבן דנן 20,הר נוף
הרב אבן דנן 5,הר נוף
הרב אבן דנן 7,הר נוף
הרב אבן דנן 8,הר נוף
הרב אבן דנן 9,הר נוף
הרב אברהם רביץ 11,נווה יעקב
הרב אברהם רביץ 13,נווה יעקב
הרב אברהם רביץ 15,נווה יעקב
הרב אברהם רביץ 17,נווה יעקב
הרב אברהם רביץ 2,נווה יעקב
הרב אברהם רביץ 24,נווה יעקב
הרב אברהם רביץ 28,נווה יעקב
הרב אברהם רביץ 30,נווה יעקב
הרב אברהם רביץ 32,נווה יעקב
הרב אברהם רביץ 34,נווה יעקב
הרב אברהם רביץ 36,נווה יעקב
הרב אברהם רביץ 38,נווה יעקב
הרב אברהם רביץ 4,נווה יעקב
הרב אברהם רביץ 42,נווה יעקב
הרב אברהם רביץ 44,נווה יעקב
הרב אברהם רביץ 46,נווה יעקב
הרב אברהם רביץ 6,נווה יעקב
הרב אברהם רביץ 8,נווה יעקב
הרב אברמסקי 11,גאולה
הרב אברמסקי 12,גאולה
הרב אברמסקי 13,גאולה
הרב אברמסקי 14,גאולה
הרב אברמסקי 15,גאולה
הרב אברמסקי 2,גאולה
הרב אברמסקי 22,גאולה
הרב אברמסקי 3,גאולה
הרב אברמסקי 4,גאולה
הרב אברמסקי 6,גאולה
הרב אברמסקי 7,גאולה
הרב אברמסקי 8,גאולה
הרב אגן 14,מרכז העיר
הרב אור שרגא 15,רמות
הרב אור שרגא 17,רמות
הרב אלטשולר דוד 103,גילה
הרב אלטשולר דוד 105,גילה
הרב אלטשולר דוד 106,גילה
הרב אליעזרי 1,בית וגן
הרב אליעזרי 11,בית וגן
הרב אליעזרי 5,בית וגן
הרב אליעזרי 6,בית וגן
הרב אליעזרי 7,בית וגן
הרב אליעזרי 9,בית וגן
הרב אלמושנינו 1,רמת שלמה
הרב אלמושנינו 3,רמת שלמה
הרב אלמושנינו 4,רמת שלמה
הרב אלמושנינו 6,רמת שלמה
הרב אלנקווה 10,רמת שלמה
הרב אלנקווה 14,רמת שלמה
הרב אלנקווה 18,רמת שלמה
הרב אלנקווה 20,רמת שלמה
הרב אלנקווה 22,רמת שלמה
הרב אלנקווה 28,רמת שלמה
הרב אלנקווה 4,רמת שלמה
הרב אלנקווה 6,רמת שלמה
הרב אשלג 1,בוכרים
הרב אשלג 15,בוכרים
הרב אשלג 17,בוכרים
הרב אשלג 21,בוכרים
הרב אשלג 9,בוכרים
הרב בוקשפן 12,רמות
הרב בוקשפן 14,רמות
הרב בוקשפן 2,רמות
הרב בוקשפן 4,רמות
הרב בוקשפן 6,רמות
הרב בינה אריה 10,הר חומה
הרב בינה אריה 12,הר חומה
הרב בינה אריה 16,הר חומה
הרב בינה אריה 17,הר חומה
הרב בינה אריה 18,הר חומה
הרב בינה אריה 19,הר חומה
הרב בינה אריה 20,הר חומה
הרב בינה אריה 21,הר חומה
הרב בינה אריה 23,הר חומה
הרב בינה אריה 24,הר חומה
הרב בינה אריה 26,הר חומה
הרב בינה אריה 29,הר חומה
הרב בינה אריה 3,הר חומה
הרב בינה אריה 302,הר חומה
הרב בינה אריה 31,הר חומה
הרב בינה אריה 33,הר חומה
הרב בינה אריה 5,הר חומה
הרב בינה אריה 7,הר חומה
הרב בלוי 11,סנהדריה
הרב בלוי 13,סנהדריה
הרב בלוי 14,סנהדריה
הרב בלוי 16,סנהדריה
הרב בלוי 17,סנהדריה
הרב בלוי 18,סנהדריה
הרב בלוי 20,סנהדריה
הרב בלוי 21,סנהדריה
הרב בלוי 23,סנהדריה
הרב בלוי 25,סנהדריה
הרב בלוי 27,סנהדריה
הרב בלוי 29,סנהדריה
הרב בלוי 3,סנהדריה
הרב בלוי 31,סנהדריה
הרב בלוי 33,סנהדריה
הרב בלוי 35,סנהדריה
הרב בלוי 4,סנהדריה
הרב בלוי 5,סנהדריה
הרב בלוי 6,סנהדריה
הרב בלוי 7,סנהדריה
הרב בלוי 8,סנהדריה
הרב בלוי 9,סנהדריה
הרב בנימין צביאלי 1,פסגת זאב
הרב בנימין צביאלי 10,פסגת זאב
הרב בנימין צביאלי 12,פסגת זאב
הרב בנימין צביאלי 13,פסגת זאב
הרב בנימין צביאלי 14,פסגת זאב
הרב בנימין צביאלי 15,פסגת זאב
הרב בנימין צביאלי 16,פסגת זאב
הרב בנימין צביאלי 17,פסגת זאב
הרב בנימין צביאלי 18,פסגת זאב
הרב בנימין צביאלי 19,פסגת זאב
הרב בנימין צביאלי 2,פסגת זאב
הרב בנימין צביאלי 20,פסגת זאב
הרב בנימין צביאלי 21,פסגת זאב
הרב בנימין צביאלי 22,פסגת זאב
הרב בנימין צביאלי 24,פסגת זאב
הרב בנימין צביאלי 26,פסגת זאב
הרב בנימין צביאלי 28,פסגת זאב
הרב בנימין צביאלי 3,פסגת זאב
הרב בנימין צביאלי 4,פסגת זאב
הרב בנימין צביאלי 6,פסגת זאב
הרב ברודי 10,טלביה
הרב ברודי 11,טלביה
הרב ברודי 15,טלביה
הרב ברודי 18,טלביה
הרב ברודי 20,טלביה
הרב ברודי 3,טלביה
הרב ברודי 4,טלביה
הרב ברודי 5,טלביה
הרב ברודי 6,טלביה
הרב ברודי 8,טלביה
הרב ברים 10,רמת שלמה
הרב ברים 11,רמת שלמה
הרב ברים 13,רמת שלמה
הרב ברים 14,רמת שלמה
הרב ברים 16,רמת שלמה
הרב ברים 3,רמת שלמה
הרב ברים 4,רמת שלמה
הרב ברים 5,רמת שלמה
הרב ברים 6,רמת שלמה
הרב ברים 7,רמת שלמה
הרב ברים 8,רמת שלמה
הרב ברים 9,רמת שלמה
הרב ברלין 10,טלביה
הרב ברלין 11,טלביה
הרב ברלין 12,טלביה
הרב ברלין 14,טלביה
הרב ברלין 15,טלביה
הרב ברלין 16,טלביה
הרב ברלין 17,טלביה
הרב ברלין 18,טלביה
הרב ברלין 19,טלביה
הרב ברלין 2,טלביה
הרב ברלין 20,טלביה
הרב ברלין 21,טלביה
הרב ברלין 22,טלביה
הרב ברלין 23,טלביה
הרב ברלין 24,טלביה
הרב ברלין 25,טלביה
הרב ברלין 26,טלביה
הרב ברלין 27,טלביה
הרב ברלין 28,טלביה
הרב ברלין 3,טלביה
הרב ברלין 30,טלביה
הרב ברלין 32,טלביה
הרב ברלין 34,טלביה
הרב ברלין 36,טלביה
הרב ברלין 37,טלביה
הרב ברלין 38,טלביה
הרב ברלין 39,טלביה
הרב ברלין 4,טלביה
הרב ברלין 41,טלביה
הרב ברלין 45,טלביה
הרב ברלין 6,טלביה
הרב ברלין 7,טלביה
הרב ברלין 8,טלביה
הרב ברלין 9,טלביה
הרב ברמן יעקב 12,גילה
הרב ברמן יעקב 2,גילה
הרב ברמן יעקב 4,גילה
הרב גולדקנופף 1,רמת שלמה
הרב גולדקנופף 10,רמת שלמה
הרב גולדקנופף 13,רמת שלמה
הרב גולדקנופף 14,רמת שלמה
הרב גולדקנופף 16,רמת שלמה
הרב גולדקנופף 18,רמת שלמה
הרב גולדקנופף 2,רמת שלמה
הרב גולדקנופף 20,רמת שלמה
הרב גולדקנופף 22,רמת שלמה
הרב גולדקנופף 24,רמת שלמה
הרב גולדקנופף 26,רמת שלמה
הרב גולדקנופף 3,רמת שלמה
הרב גולדקנופף 31,רמת שלמה
הרב גולדקנופף 33,רמת שלמה
הרב גולדקנופף 35,רמת שלמה
הרב גולדקנופף 37,רמת שלמה
הרב גולדקנופף 39,רמת שלמה
הרב גולדקנופף 4,רמת שלמה
הרב גולדקנופף 41,רמת שלמה
הרב גולדקנופף 43,רמת שלמה
הרב גולדקנופף 45,רמת שלמה
הרב גולדקנופף 6,רמת שלמה
הרב גולדקנופף 8,רמת שלמה
הרב גרוסברג חנוך 1,רוממה
הרב גרוסברג חנוך 10,רוממה
הרב גרוסברג חנוך 11,רוממה
הרב גרוסברג חנוך 12,רוממה
הרב גרוסברג חנוך 3,רוממה
הרב גרוסברג חנוך 5,רוממה
הרב גרוסברג חנוך 7,רוממה
הרב גרוסברג חנוך 9,רוממה
הרב הירשלר 10,רמת שלמה
הרב הירשלר 12,רמת שלמה
הרב הירשלר 14,רמת שלמה
הרב הירשלר 16,רמת שלמה
הרב הירשלר 18,רמת שלמה
הרב הירשלר 2,רמת שלמה
הרב הירשלר 3,רמת שלמה
הרב הירשלר 4,רמת שלמה
הרב הירשלר 5,רמת שלמה
הרב הירשלר 6,רמת שלמה
הרב הירשלר 7,רמת שלמה
הרב הירשלר 8,רמת שלמה
הרב הרץ יוסף צבי 26,רמות
הרב הרץ יוסף צבי 28,רמות
הרב הרץ יוסף צבי 30,רמות
הרב הרץ יוסף צבי 34,רמות
הרב הרץ יוסף צבי 35,רמות
הרב הרץ יוסף צבי 37,רמות
הרב הרצוג 11,טלביה
הרב הרצוג 15,טלביה
הרב הרצוג 19,טלביה
הרב הרצוג 2,טלביה
הרב הרצוג 23,רחביה
הרב הרצוג 33,טלביה
הרב הרצוג 37,טלביה
הרב הרצוג 4,טלביה
הרב הרצוג 41,טלביה
הרב הרצוג 43,טלביה
הרב הרצוג 45,רחביה
הרב הרצוג 47,רחביה
הרב הרצוג 49,רחביה
הרב הרצוג 5,טלביה
הרב הרצוג 51,רחביה
הרב הרצוג 53,רחביה
הרב הרצוג 55,רחביה
הרב הרצוג 57,רחביה
הרב הרצוג 59,רחביה
הרב הרצוג 6,טלביה
הרב הרצוג 67,גבעת הוורדים
הרב הרצוג 71,גבעת הוורדים
הרב הרצוג 77,גבעת הוורדים
הרב הרצוג 79,גבעת הוורדים
הרב הרצוג 83,גבעת הוורדים
הרב ויינגרטן אברהם 11,הר חומה
הרב ויינגרטן אברהם 13,הר חומה
הרב ויינגרטן אברהם 15,הר חומה
הרב ויינגרטן אברהם 17,הר חומה
הרב ויינגרטן אברהם 3,הר חומה
הרב ויינגרטן אברהם 33,הר חומה
הרב ויינגרטן אברהם 5,הר חומה
הרב ויינגרטן אברהם 9,הר חומה
הרב וינוגרד 11,נווה יעקב
הרב וינוגרד 13,נווה יעקב
הרב וינוגרד 15,נווה יעקב
הרב וינוגרד 5,נווה יעקב
הרב וינוגרד 7,נווה יעקב
הרב וינוגרד 9,נווה יעקב
הרב ז'ולטי בצלאל 10,רמת שלמה
הרב ז'ולטי בצלאל 12,רמת שלמה
הרב ז'ולטי בצלאל 13,רמת שלמה
הרב ז'ולטי בצלאל 14,רמת שלמה
הרב ז'ולטי בצלאל 15,רמת שלמה
הרב ז'ולטי בצלאל 16,רמת שלמה
הרב ז'ולטי בצלאל 17,רמת שלמה
הרב ז'ולטי בצלאל 18,רמת שלמה
הרב ז'ולטי בצלאל 19,רמת שלמה
הרב ז'ולטי בצלאל 20,רמת שלמה
הרב ז'ולטי בצלאל 5,רמת שלמה
הרב ז'ולטי בצלאל 7,רמת שלמה
הרב ז'ולטי בצלאל 8,רמת שלמה
הרב זווין 1,נווה יעקב
הרב זווין 10,נווה יעקב
הרב זווין 11,נווה יעקב
הרב זווין 13,נווה יעקב
הרב זווין 15,נווה יעקב
הרב זווין 16,נווה יעקב
הרב זווין 18,נווה יעקב
הרב זווין 20,נווה יעקב
הרב זווין 22,נווה יעקב
הרב זווין 23,נווה יעקב
הרב זווין 25,נווה יעקב
הרב זווין 27,נווה יעקב
הרב זווין 29,נווה יעקב
הרב זווין 30,נווה יעקב
הרב זווין 31,נווה יעקב
הרב זווין 33,נווה יעקב
הרב זווין 34,נווה יעקב
הרב זווין 35,נווה יעקב
הרב זווין 36,נווה יעקב
הרב זווין 37,נווה יעקב
הרב זווין 38,נווה יעקב
הרב זווין 42,נווה יעקב
הרב זווין 43,נווה יעקב
הרב זווין 44,נווה יעקב
הרב זווין 45,נווה יעקב
הרב זווין 46,נווה יעקב
הרב זווין 47,נווה יעקב
הרב זווין 48,נווה יעקב
הרב זווין 49,נווה יעקב
הרב זווין 51,נווה יעקב
הרב זווין 55,נווה יעקב
הרב זווין 57,נווה יעקב
הרב זווין 59,נווה יעקב
הרב זווין 61,נווה יעקב
הרב זווין 63,נווה יעקב
הרב זווין 65,נווה יעקב
הרב זווין 7,נווה יעקב
הרב זווין 71,נווה יעקב
הרב זווין 73,נווה יעקב
הרב זווין 75,נווה יעקב
הרב זווין 77,נווה יעקב
הרב זווין 79,נווה יעקב
הרב זווין 8,נווה יעקב
הרב זווין 9,נווה יעקב
הרב חדש מאיר 2,רמת שלמה
הרב חדש מאיר 4,רמת שלמה
הרב חדש מאיר 5,רמת שלמה
הרב חדש מאיר 6,רמת שלמה
הרב חדש מאיר 7,רמת שלמה
הרב חדש מאיר 8,רמת שלמה
הרב חכם שמעון 10,רוממה
הרב חכם שמעון 4,רוממה
הרב חכם שמעון 8,רוממה
הרב חן 10,טלביה
הרב חן 2,טלביה
הרב חן 3,טלביה
הרב חן 4,טלביה
הרב חן 5,טלביה
הרב חן 6,טלביה
הרב חן 7,טלביה
הרב חן 8,טלביה
הרב חסדאי קרשקש 1,הר חומה
הרב חסדאי קרשקש 13,הר חומה
הרב חסדאי קרשקש 15,הר חומה
הרב חסדאי קרשקש 17,הר חומה
הרב חסדאי קרשקש 19,הר חומה
הרב חסדאי קרשקש 3,הר חומה
הרב חסדאי קרשקש 5,הר חומה
הרב חסדאי קרשקש 7,הר חומה
הרב חסדאי קרשקש 9,הר חומה
הרב טולדנו 1,רמת שלמה
הרב טולדנו 14,רמת שלמה
הרב טולדנו 15,רמת שלמה
הרב טולדנו 16,רמת שלמה
הרב טולדנו 17,רמת שלמה
הרב טולדנו 19,רמת שלמה
הרב טולדנו 22,רמת שלמה
הרב טולדנו 24,רמת שלמה
הרב טולדנו 26,רמת שלמה
הרב טולדנו 28,רמת שלמה
הרב טולדנו 3,רמת שלמה
הרב טולדנו 30,רמת שלמה
הרב טולדנו 34,רמת שלמה
הרב טולדנו 35,רמת שלמה
הרב טולדנו 36,רמת שלמה
הרב טולדנו 38,רמת שלמה
הרב טולדנו 42,רמת שלמה
הרב טולדנו 44,רמת שלמה
הרב טולדנו 7,רמת שלמה
הרב טולדנו 9,רמת שלמה
הרב טייב חי 10,הר נוף
הרב טייב חי 12,הר נוף
הרב טייב חי 14,הר נוף
הרב טייב חי 16,הר נוף
הרב טייב חי 18,הר נוף
הרב טייב חי 2,הר נוף
הרב טייב חי 27,הר נוף
הרב טייב חי 50,הר נוף
הרב טייב חי 52,הר נוף
הרב טייב חי 54,הר נוף
הרב טייב חי 56,הר נוף
הרב טייב חי 58,הר נוף
הרב טייב חי 6,הר נוף
הרב טייב חי 60,הר נוף
הרב טייב חי 62,הר נוף
הרב טייב חי 64,הר נוף
הרב טייב חי 66,הר נוף
הרב טייב חי 68,הר נוף
הרב טייב חי 7,הר נוף
הרב טייב חי 8,הר נוף
הרב טייב חי 9,הר נוף
הרב יוסף גבאי 10,מטרסדורף
הרב יוסף גבאי 13,קרית אונסדורף
הרב יוסף גבאי 14,קרית אונסדורף
הרב יוסף גבאי 15,קרית אונסדורף
הרב יוסף גבאי 16,קרית אונסדורף
הרב יוסף גבאי 18,קרית אונסדורף
הרב יוסף גבאי 5,קרית אונסדורף
הרב יוסף גבאי 6,קרית אונסדורף
הרב יוסף גבאי 8,קרית אונסדורף
הרב יצחק בראשי 10,נחלאות
הרב יצחק בראשי 12,נחלאות
הרב יצחק בראשי 13,נחלאות
הרב יצחק בראשי 15,נחלאות
הרב יצחק בראשי 16,נחלאות
הרב יצחק בראשי 18,נחלאות
הרב יצחק בראשי 19,נחלאות
הרב יצחק בראשי 20,נחלאות
הרב יצחק בראשי 21,נחלאות
הרב יצחק בראשי 23,נחלאות
הרב יצחק בראשי 24,נחלאות
הרב יצחק בראשי 26,נחלאות
הרב יצחק בראשי 28,נחלאות
הרב יצחק בראשי 3,נחלאות
הרב יצחק בראשי 30,נחלאות
הרב יצחק בראשי 31,נחלאות
הרב יצחק בראשי 32,נחלאות
הרב יצחק בראשי 33,נחלאות
הרב יצחק בראשי 4,נחלאות
הרב יצחק בראשי 5,נחלאות
הרב יצחק בראשי 6,נחלאות
הרב יצחק בראשי 7,נחלאות
הרב יצחק בראשי 9,נחלאות
הרב יצחק בראשי 90,נחלאות
הרב ישעיהו דולגין 1,הר חומה
הרב ישעיהו דולגין 10,הר חומה
הרב ישעיהו דולגין 11,הר חומה
הרב ישעיהו דולגין 12,הר חומה
הרב ישעיהו דולגין 14,הר חומה
הרב ישעיהו דולגין 16,הר חומה
הרב ישעיהו דולגין 18,הר חומה
הרב ישעיהו דולגין 20,הר חומה
הרב ישעיהו דולגין 22,הר חומה
הרב ישעיהו דולגין 3,הר חומה
הרב ישעיהו דולגין 5,הר חומה
הרב ישעיהו דולגין 6,הר חומה
הרב ישעיהו דולגין 8,הר חומה
הרב ישעיהו דולגין 9,הר חומה
הרב כדורי יצחק 138,הר חומה
הרב כדורי יצחק 3,הר חומה
הרב כדורי יצחק 5,הר חומה
הרב כדורי יצחק 7,הר חומה
הרב כהנמן 10,רמת שלמה
הרב כהנמן 12,רמת שלמה
הרב כהנמן 14,רמת שלמה
הרב כהנמן 2,רמת שלמה
הרב כהנמן 20,רמת שלמה
הרב כהנמן 22,רמת שלמה
הרב כהנמן 4,רמת שלמה
הרב כהנמן 5,רמת שלמה
הרב כהנמן 6,רמת שלמה
הרב כהנמן 7,רמת שלמה
הרב כהנמן 8,רמת שלמה
הרב כהנמן 9,רמת שלמה
הרב כלפון משה הכהן 10,הר חומה
הרב כלפון משה הכהן 11,הר חומה
הרב כלפון משה הכהן 12,הר חומה
הרב כלפון משה הכהן 13,הר חומה
הרב כלפון משה הכהן 18,הר חומה
הרב כלפון משה הכהן 2,הר חומה
הרב כלפון משה הכהן 20,הר חומה
הרב כלפון משה הכהן 22,הר חומה
הרב כלפון משה הכהן 24,הר חומה
הרב כלפון משה הכהן 26,הר חומה
הרב כלפון משה הכהן 28,הר חומה
הרב כלפון משה הכהן 30,הר חומה
הרב כלפון משה הכהן 4,הר חומה
הרב כלפון משה הכהן 6,הר חומה
הרב כלפון משה הכהן 8,הר חומה
הרב כלפון משה הכהן 9,הר חומה
הרב לופיאן 10,רמת שלמה
הרב לופיאן 11,רמת שלמה
הרב לופיאן 12,רמת שלמה
הרב לופיאן 13,רמת שלמה
הרב לופיאן 14,רמת שלמה
הרב לופיאן 15,רמת שלמה
הרב לופיאן 16,רמת שלמה
הרב לופיאן 17,רמת שלמה
הרב לופיאן 18,רמת שלמה
הרב לופיאן 19,רמת שלמה
הרב לופיאן 20,רמת שלמה
הרב לופיאן 21,רמת שלמה
הרב לופיאן 23,רמת שלמה
הרב לופיאן 25,רמת שלמה
הרב לופיאן 3,רמת שלמה
הרב לופיאן 4,רמת שלמה
הרב לופיאן 5,רמת שלמה
הרב לופיאן 6,רמת שלמה
הרב לופיאן 7,רמת שלמה
הרב לופיאן 8,רמת שלמה
הרב לופיאן 9,רמת שלמה
הרב מוהליבר שמואל 1,המושבה הגרמנית
הרב מוהליבר שמואל 3,המושבה הגרמנית
הרב מוהליבר שמואל 5,המושבה הגרמנית
הרב מוהליבר שמואל 7,המושבה הגרמנית
הרב מוהליבר שמואל 8,המושבה הגרמנית
הרב מוצפי יעקב 13,רמת שלמה
הרב מוצפי יעקב 14,רמת שלמה
הרב מוצפי יעקב 15,רמת שלמה
הרב מוצפי יעקב 17,רמת שלמה
הרב מוצפי יעקב 18,רמת שלמה
הרב מוצפי יעקב 19,רמת שלמה
הרב מוצפי יעקב 20,רמת שלמה
הרב מוצפי יעקב 21,רמת שלמה
הרב מוצפי יעקב 22,רמת שלמה
הרב מוצפי יעקב 23,רמת שלמה
הרב מוצפי יעקב 24,רמת שלמה
הרב מוצפי יעקב 25,רמת שלמה
הרב מוצפי יעקב 26,רמת שלמה
הרב מוצפי יעקב 28,רמת שלמה
הרב מוצפי יעקב 29,רמת שלמה
הרב מוצפי יעקב 30,רמת שלמה
הרב מוצפי יעקב 31,רמת שלמה
הרב מוצפי יעקב 32,רמת שלמה
הרב מוצפי יעקב 33,רמת שלמה
הרב מוצפי יעקב 34,רמת שלמה
הרב מוצפי יעקב 35,רמת שלמה
הרב מוצפי יעקב 37,רמת שלמה
הרב מוצפי יעקב 6,רמת שלמה
הרב מוצפי יעקב 7,רמת שלמה
הרב מוצפי יעקב 9,רמת שלמה
הרב מוצפי סלמן 2,בית וגן
הרב מוצפי סלמן 6,בית וגן
הרב מימון 10,קרית משה
הרב מימון 12,קרית משה
הרב מימון 16,קרית משה
הרב מימון 18,קרית משה
הרב מימון 4,קרית משה
הרב מימון 8,קרית משה
הרב מן ההר 10,הר חומה
הרב מן ההר 11,הר חומה
הרב מן ההר 12,הר חומה
הרב מן ההר 13,הר חומה
הרב מן ההר 14,הר חומה
הרב מן ההר 15,הר חומה
הרב מן ההר 17,הר חומה
הרב מן ההר 22,הר חומה
הרב מן ההר 24,הר חומה
הרב מן ההר 27,הר חומה
הרב מן ההר 5,הר חומה
הרב מן ההר 7,הר חומה
הרב מן ההר 8,הר חומה
הרב מן ההר 9,הר חומה
הרב נורוק 1,קרית משה
הרב ניסים יצחק 10,הר חומה
הרב ניסים יצחק 100,הר חומה
הרב ניסים יצחק 110,הר חומה
הרב ניסים יצחק 112,הר חומה
הרב ניסים יצחק 114,הר חומה
הרב ניסים יצחק 116,הר חומה
הרב ניסים יצחק 118,הר חומה
הרב ניסים יצחק 12,הר חומה
הרב ניסים יצחק 120,הר חומה
הרב ניסים יצחק 122,הר חומה
הרב ניסים יצחק 14,הר חומה
הרב ניסים יצחק 15,הר חומה
הרב ניסים יצחק 16,הר חומה
הרב ניסים יצחק 18,הר חומה
הרב ניסים יצחק 20,הר חומה
הרב ניסים יצחק 21,הר חומה
הרב ניסים יצחק 22,הר חומה
הרב ניסים יצחק 23,הר חומה
הרב ניסים יצחק 24,הר חומה
הרב ניסים יצחק 25,הר חומה
הרב ניסים יצחק 27,הר חומה
הרב ניסים יצחק 28,הר חומה
הרב ניסים יצחק 30,הר חומה
הרב ניסים יצחק 31,הר חומה
הרב ניסים יצחק 32,הר חומה
הרב ניסים יצחק 33,הר חומה
הרב ניסים יצחק 34,הר חומה
הרב ניסים יצחק 36,הר חומה
הרב ניסים יצחק 37,הר חומה
הרב ניסים יצחק 38,הר חומה
הרב ניסים יצחק 39,הר חומה
הרב ניסים יצחק 4,הר חומה
הרב ניסים יצחק 40,הר חומה
הרב ניסים יצחק 42,הר חומה
הרב ניסים יצחק 46,הר חומה
הרב ניסים יצחק 47,הר חומה
הרב ניסים יצחק 48,הר חומה
הרב ניסים יצחק 49,הר חומה
הרב ניסים יצחק 5,הר חומה
הרב ניסים יצחק 50,הר חומה
הרב ניסים יצחק 51,הר חומה
הרב ניסים יצחק 52,הר חומה
הרב ניסים יצחק 54,הר חומה
הרב ניסים יצחק 55,הר חומה
הרב ניסים יצחק 56,הר חומה
הרב ניסים יצחק 57,הר חומה
הרב ניסים יצחק 58,הר חומה
הרב ניסים יצחק 59,הר חומה
הרב ניסים יצחק 6,הר חומה
הרב ניסים יצחק 60,הר חומה
הרב ניסים יצחק 61,הר חומה
הרב ניסים יצחק 63,הר חומה
הרב ניסים יצחק 65,הר חומה
הרב ניסים יצחק 66,הר חומה
הרב ניסים יצחק 68,הר חומה
הרב ניסים יצחק 7,הר חומה
הרב ניסים יצחק 70,הר חומה
הרב ניסים יצחק 71,הר חומה
הרב ניסים יצחק 72,הר חומה
הרב ניסים יצחק 73,הר חומה
הרב ניסים יצחק 74,הר חומה
הרב ניסים יצחק 75,הר חומה
הרב ניסים יצחק 76,הר חומה
הרב ניסים יצחק 77,הר חומה
הרב ניסים יצחק 78,הר חומה
הרב ניסים יצחק 8,הר חומה
הרב ניסים יצחק 80,הר חומה
הרב ניסים יצחק 82,הר חומה
הרב ניסים יצחק 84,הר חומה
הרב ניסים יצחק 88,הר חומה
הרב ניסים יצחק 9,הר חומה
הרב ניסים יצחק 90,הר חומה
הרב ניסים יצחק 92,הר חומה
הרב ניסים יצחק 94,הר חומה
הרב ניסים יצחק 96,הר חומה
הרב ניסים יצחק 98,הר חומה
הרב סלנט 12,מאה שערים
הרב סלנט 14,מאה שערים
הרב סלנט 20,מאה שערים
הרב סלנט 24,מאה שערים
הרב סלנט 3,מאה שערים
הרב סלנט 34,מאה שערים
הרב סלנט 5,מאה שערים
הרב סלנט 7,מאה שערים
הרב סלנט 9,מאה שערים
הרב עדני 10,בוכרים
הרב עדני 11,בוכרים
הרב עדני 14,בוכרים
הרב עדני 16,בוכרים
הרב עדני 18,בוכרים
הרב עדני 19,בוכרים
הרב עדני 20,בוכרים
הרב עדני 22,בוכרים
הרב עדני 23,בוכרים
הרב עדני 6,בוכרים
הרב עדני 7,בוכרים
הרב עוזיאל 10,בית וגן
הרב עוזיאל 100,בית וגן
הרב עוזיאל 102,בית וגן
הרב עוזיאל 103,בית וגן
הרב עוזיאל 104,בית וגן
הרב עוזיאל 105,בית וגן
הרב עוזיאל 106,בית וגן
הרב עוזיאל 107,בית וגן
הרב עוזיאל 108,בית וגן
הרב עוזיאל 109,בית וגן
הרב עוזיאל 110,בית וגן
הרב עוזיאל 113,בית וגן
הרב עוזיאל 114,בית וגן
הרב עוזיאל 115,בית וגן
הרב עוזיאל 12,בית וגן
הרב עוזיאל 121,בית וגן
הרב עוזיאל 123,בית וגן
הרב עוזיאל 125,בית וגן
הרב עוזיאל 127,בית וגן
הרב עוזיאל 129,בית וגן
הרב עוזיאל 131,בית וגן
הרב עוזיאל 133,בית וגן
הרב עוזיאל 135,בית וגן
הרב עוזיאל 137,בית וגן
הרב עוזיאל 139,בית וגן
הרב עוזיאל 14,בית וגן
הרב עוזיאל 141,בית וגן
הרב עוזיאל 16,בית וגן
הרב עוזיאל 17,בית וגן
הרב עוזיאל 18,בית וגן
הרב עוזיאל 19,בית וגן
הרב עוזיאל 21,בית וגן
הרב עוזיאל 23,בית וגן
הרב עוזיאל 24,בית וגן
הרב עוזיאל 25,בית וגן
הרב עוזיאל 26,בית וגן
הרב עוזיאל 27,בית וגן
הרב עוזיאל 28,בית וגן
הרב עוזיאל 29,בית וגן
הרב עוזיאל 3,בית וגן
הרב עוזיאל 31,בית וגן
הרב עוזיאל 32,בית וגן
הרב עוזיאל 33,בית וגן
הרב עוזיאל 34,בית וגן
הרב עוזיאל 35,בית וגן
הרב עוזיאל 36,בית וגן
הרב עוזיאל 37,בית וגן
הרב עוזיאל 38,בית וגן
הרב עוזיאל 39,בית וגן
הרב עוזיאל 40,בית וגן
הרב עוזיאל 42,בית וגן
הרב עוזיאל 44,בית וגן
הרב עוזיאל 46,בית וגן
הרב עוזיאל 47,בית וגן
הרב עוזיאל 48,בית וגן
הרב עוזיאל 49,בית וגן
הרב עוזיאל 5,בית וגן
הרב עוזיאל 51,בית וגן
הרב עוזיאל 52,בית וגן
הרב עוזיאל 53,בית וגן
הרב עוזיאל 57,בית וגן
הרב עוזיאל 58,בית וגן
הרב עוזיאל 60,בית וגן
הרב עוזיאל 62,בית וגן
הרב עוזיאל 64,בית וגן
הרב עוזיאל 66,בית וגן
הרב עוזיאל 67,בית וגן
הרב עוזיאל 68,בית וגן
הרב עוזיאל 7,בית וגן
הרב עוזיאל 71,בית וגן
הרב עוזיאל 72,בית וגן
הרב עוזיאל 73,בית וגן
הרב עוזיאל 74,בית וגן
הרב עוזיאל 76,בית וגן
הרב עוזיאל 78,בית וגן
הרב עוזיאל 79,בית וגן
הרב עוזיאל 8,בית וגן
הרב עוזיאל 80,בית וגן
הרב עוזיאל 81,בית וגן
הרב עוזיאל 82,בית וגן
הרב עוזיאל 83,בית וגן
הרב עוזיאל 84,בית וגן
הרב עוזיאל 85,בית וגן
הרב עוזיאל 87,בית וגן
הרב עוזיאל 89,בית וגן
הרב עוזיאל 9,בית וגן
הרב עוזיאל 91,בית וגן
הרב עוזיאל 93,בית וגן
הרב עוזיאל 95,בית וגן
הרב עוזיאל 97,בית וגן
הרב עוזיאל 98,בית וגן
הרב עוזיאל 99,בית וגן
הרב עמיאל 3,קרית משה
הרב פורת ישראל 1,רמות
הרב פורת ישראל 11,רמות
הרב פורת ישראל 13,רמות
הרב פורת ישראל 14,רמות
הרב פורת ישראל 15,רמות
הרב פורת ישראל 16,רמות
הרב פורת ישראל 17,רמות
הרב פורת ישראל 19,רמות
הרב פורת ישראל 3,רמות
הרב פורת ישראל 5,רמות
הרב פורת ישראל 7,רמות
הרב פורת ישראל 9,רמות
הרב פטאל 1,רמת שלמה
הרב פטאל 10,רמת שלמה
הרב פטאל 11,רמת שלמה
הרב פטאל 12,רמת שלמה
הרב פטאל 13,רמת שלמה
הרב פטאל 14,רמת שלמה
הרב פטאל 15,רמת שלמה
הרב פטאל 16,רמת שלמה
הרב פטאל 18,רמת שלמה
הרב פטאל 2,רמת שלמה
הרב פטאל 20,רמת שלמה
הרב פטאל 21,רמת שלמה
הרב פטאל 22,רמת שלמה
הרב פטאל 23,רמת שלמה
הרב פטאל 24,רמת שלמה
הרב פטאל 26,רמת שלמה
הרב פטאל 27,רמת שלמה
הרב פטאל 28,רמת שלמה
הרב פטאל 30,רמת שלמה
הרב פטאל 32,רמת שלמה
הרב פטאל 34,רמת שלמה
הרב פטאל 35,רמת שלמה
הרב פטאל 36,רמת שלמה
הרב פטאל 37,רמת שלמה
הרב פטאל 38,רמת שלמה
הרב פטאל 40,רמת שלמה
הרב פטאל 41,רמת שלמה
הרב פטאל 42,רמת שלמה
הרב פטאל 44,רמת שלמה
הרב פטאל 45,רמת שלמה
הרב פטאל 46,רמת שלמה
הרב פטאל 47,רמת שלמה
הרב פטאל 48,רמת שלמה
הרב פטאל 49,רמת שלמה
הרב פטאל 50,רמת שלמה
הרב פטאל 51,רמת שלמה
הרב פטאל 52,רמת שלמה
הרב פטאל 53,רמת שלמה
הרב פטאל 54,רמת שלמה
הרב פטאל 55,רמת שלמה
הרב פטאל 56,רמת שלמה
הרב פטאל 57,רמת שלמה
הרב פטאל 58,רמת שלמה
הרב פטאל 59,רמת שלמה
הרב פטאל 60,רמת שלמה
הרב פטאל 62,רמת שלמה
הרב פטאל 63,רמת שלמה
הרב פטאל 64,רמת שלמה
הרב פטאל 65,רמת שלמה
הרב פטאל 66,רמת שלמה
הרב פטאל 68,רמת שלמה
הרב פטאל 69,רמת שלמה
הרב פטאל 70,רמת שלמה
הרב פטאל 71,רמת שלמה
הרב פטאל 73,רמת שלמה
הרב פטאל 74,רמת שלמה
הרב פטאל 75,רמת שלמה
הרב פטאל 76,רמת שלמה
הרב פטאל 77,רמת שלמה
הרב פטאל 78,רמת שלמה
הרב פטאל 79,רמת שלמה
הרב פטאל 8,רמת שלמה
הרב פטאל 80,רמת שלמה
הרב פטאל 81,רמת שלמה
הרב פטאל 82,רמת שלמה
הרב פטאל 83,רמת שלמה
הרב פטאל 84,רמת שלמה
הרב פטאל 85,רמת שלמה
הרב פטאל 86,רמת שלמה
הרב פטאל 87,רמת שלמה
הרב פטאל 91,רמת שלמה
הרב פטאל 93,רמת שלמה
הרב פטאל 95,רמת שלמה
הרב פניז'ל 1,נווה יעקב
הרב פניז'ל 10,נווה יעקב
הרב פניז'ל 11,נווה יעקב
הרב פניז'ל 12,נווה יעקב
הרב פניז'ל 14,נווה יעקב
הרב פניז'ל 16,נווה יעקב
הרב פניז'ל 18,נווה יעקב
הרב פניז'ל 20,נווה יעקב
הרב פניז'ל 22,נווה יעקב
הרב פניז'ל 24,נווה יעקב
הרב פניז'ל 3,נווה יעקב
הרב פניז'ל 5,נווה יעקב
הרב פניז'ל 509,נווה יעקב
הרב פניז'ל 6,נווה יעקב
הרב פניז'ל 7,נווה יעקב
הרב פניז'ל 8,נווה יעקב
הרב פניז'ל 9,נווה יעקב
הרב פרנק 11,בית וגן
הרב פרנק 12,בית וגן
הרב פרנק 13,בית וגן
הרב פרנק 15,בית וגן
הרב פרנק 17,בית וגן
הרב פרנק 19,בית וגן
הרב פרנק 23,בית וגן
הרב פרנק 27,בית וגן
הרב פרנק 29,בית וגן
הרב פרנק 3,בית וגן
הרב פרנק 31,בית וגן
הרב פרנק 32,בית וגן
הרב פרנק 33,בית וגן
הרב פרנק 34,בית וגן
הרב פרנק 35,בית וגן
הרב פרנק 36,בית וגן
הרב פרנק 37,בית וגן
הרב פרנק 5,בית וגן
הרב פרנק 7,בית וגן
הרב פרנק 9,בית וגן
הרב צבי יהודה 1,קרית משה
הרב צבי יהודה 10,קרית משה
הרב צבי יהודה 16,קרית משה
הרב צבי יהודה 18,קרית משה
הרב צבי יהודה 3,קרית משה
הרב צבי יהודה 5,קרית משה
הרב צבי יהודה 7,קרית משה
הרב צבי יהודה 8,קרית משה
הרב צבי יהודה 9,קרית משה
הרב קוסובסקי 10,קרית משה
הרב קוסובסקי 11,קרית משה
הרב קוסובסקי 12,קרית משה
הרב קוסובסקי 13,קרית משה
הרב קוסובסקי 2,קרית משה
הרב קוסובסקי 3,קרית משה
הרב קוסובסקי 4,קרית משה
הרב קוסובסקי 5,קרית משה
הרב קוסובסקי 8,קרית משה
הרב קוסובסקי 9,קרית משה
הרב קלונימוס 1,רמת שלמה
הרב קלונימוס 10,רמת שלמה
הרב קלונימוס 12,רמת שלמה
הרב קלונימוס 14,רמת שלמה
הרב קלונימוס 16,רמת שלמה
הרב קלונימוס 18,רמת שלמה
הרב קלונימוס 2,רמת שלמה
הרב קלונימוס 20,רמת שלמה
הרב קלונימוס 22,רמת שלמה
הרב קלונימוס 24,רמת שלמה
הרב קלונימוס 26,רמת שלמה
הרב קלונימוס 28,רמת שלמה
הרב קלונימוס 3,רמת שלמה
הרב קלונימוס 30,רמת שלמה
הרב קלונימוס 32,רמת שלמה
הרב קלונימוס 34,רמת שלמה
הרב קלונימוס 36,רמת שלמה
הרב קלונימוס 4,רמת שלמה
הרב קלונימוס 6,רמת שלמה
הרב קלכהיים עוזי 10,רמת שלמה
הרב קלכהיים עוזי 11,רמת שלמה
הרב קלכהיים עוזי 12,רמת שלמה
הרב קלכהיים עוזי 13,רמת שלמה
הרב קלכהיים עוזי 14,רמת שלמה
הרב קלכהיים עוזי 3,רמת שלמה
הרב קלכהיים עוזי 5,רמת שלמה
הרב קלכהיים עוזי 7,רמת שלמה
הרב קלכהיים עוזי 9,רמת שלמה
הרב קצנלבוגן רפאל 10,הר נוף
הרב קצנלבוגן רפאל 2,הר נוף
הרב קצנלבוגן רפאל 28,הר נוף
הרב קצנלבוגן רפאל 4,הר נוף
הרב קצנלבוגן רפאל 44,הר נוף
הרב קצנלבוגן רפאל 46,הר נוף
הרב קצנלבוגן רפאל 48,הר נוף
הרב קצנלבוגן רפאל 50,הר נוף
הרב קצנלבוגן רפאל 56,הר נוף
הרב קצנלבוגן רפאל 6,הר נוף
הרב קצנלבוגן רפאל 60,הר נוף
הרב קצנלבוגן רפאל 62,הר נוף
הרב קצנלבוגן רפאל 64,הר נוף
הרב קצנלבוגן רפאל 66,הר נוף
הרב קצנלבוגן רפאל 68,הר נוף
הרב קצנלבוגן רפאל 76,הר נוף
הרב קצנלבוגן רפאל 8,הר נוף
הרב רובין 10,רמות
הרב רובין 12,רמות
הרב רובין 14,רמות
הרב רובין 16,רמות
הרב רובין 18,רמות
הרב רובין 22,רמות
הרב רובין 27,רמות
הרב רובין 29,רמות
הרב רובין 3,רמות
הרב רובין 34,רמות
הרב רובין 36,רמות
הרב רובין 37,רמות
הרב רובין 38,רמות
הרב רובין 39,רמות
הרב רובין 4,רמות
הרב רובין 40,רמות
הרב רובין 41,רמות
הרב רובין 43,רמות
הרב רובין 45,רמות
הרב רובין 6,רמות
הרב רובין 8,רמות
הרב ריינס 10,קרית משה
הרב ריינס 11,קרית משה
הרב ריינס 13,קרית משה
הרב ריינס 15,קרית משה
הרב ריינס 3,קרית משה
הרב ריינס 4,קרית משה
הרב ריינס 5,קרית משה
הרב ריינס 7,קרית משה
הרב ריינס 8,קרית משה
הרב ריינס 9,קרית משה
הרב ריינס 999,קרית משה
הרב שאולזון 12,הר נוף
הרב שאולזון 14,הר נוף
הרב שאולזון 15,הר נוף
הרב שאולזון 16,הר נוף
הרב שאולזון 24,הר נוף
הרב שאולזון 26,הר נוף
הרב שאולזון 28,הר נוף
הרב שאולזון 29,הר נוף
הרב שאולזון 32,הר נוף
הרב שאולזון 34,הר נוף
הרב שאולזון 38,הר נוף
הרב שאולזון 4,הר נוף
הרב שאולזון 40,הר נוף
הרב שאולזון 42,הר נוף
הרב שאולזון 44,הר נוף
הרב שאולזון 46,הר נוף
הרב שאולזון 48,הר נוף
הרב שאולזון 50,הר נוף
הרב שאולזון 52,הר נוף
הרב שאולזון 54,הר נוף
הרב שאולזון 61,הר נוף
הרב שאולזון 62,הר נוף
הרב שאולזון 64,הר נוף
הרב שאולזון 66,הר נוף
הרב שאולזון 86,הר נוף
הרב שאולזון 88,הר נוף
הרב שאולזון 90,הר נוף
הרב שבתאי חזקיה 11,רמות
הרב שבתאי חזקיה 13,רמות
הרב שבתאי חזקיה 15,רמות
הרב שבתאי חזקיה 17,רמות
הרב שבתאי חזקיה 29,רמות
הרב שבתאי חזקיה 31,רמות
הרב שבתאי חזקיה 9,רמות
הרב שיף אברהם 1,רמות
הרב שיף אברהם 11,רמות
הרב שיף אברהם 18,רמות
הרב שיף אברהם 22,רמות
הרב שיף אברהם 24,רמות
הרב שיף אברהם 26,רמות
הרב שיף אברהם 28,רמות
הרב שיף אברהם 3,רמות
הרב שיף אברהם 30,רמות
הרב שיף אברהם 32,רמות
הרב שיף אברהם 9,רמות
הרב שך 14,רמות
הרב שך 16,רמות
הרב שך 20,רמות
הרב שך 21,רמות
הרב שך 22,רמות
הרב שך 24,רמות
הרב שך 27,רמות
הרב שך 29,רמות
הרב שך 3,רמות
הרב שך 30,רמות
הרב שך 31,רמות
הרב שך 32,רמות
הרב שך 34,רמות
הרב שך 36,רמות
הרב שך 38,רמות
הרב שך 40,רמות
הרב שך 42,רמות
הרב שך 44,רמות
הרב שך 46,רמות
הרב שך 5,רמות
הרב שך 50,רמות
הרב שך 52,רמות
הרב שך 54,רמות
הרב שך 6,רמות
הרב שך 60,רמות
הרב שך 62,רמות
הרב שך 64,רמות
הרב שך 7,רמות
הרב שך 8,רמות
הרב שמואל ברוך 17,נחלאות
הרב שמואל ברוך 39,נחלאות
הרב שמואל ברוך 51,נחלאות
הרב שמואל ברוך 7,נחלאות
הרב שמואל נתן 10,גבעת משואה
הרב שמואל נתן 12,גבעת משואה
הרב שמואל נתן 14,גבעת משואה
הרב שמואל נתן 16,גבעת משואה
הרב שמואל נתן 18,גבעת משואה
הרב שמואל נתן 2,גבעת משואה
הרב שמואל נתן 20,גבעת משואה
הרב שמואל נתן 22,גבעת משואה
הרב שמואל נתן 4,גבעת משואה
הרב שמואל נתן 6,גבעת משואה
הרב שמואל נתן 8,גבעת משואה
הרב שרים יוסף 1,רמת שרת
הרב שרים יוסף 11,רמת שרת
הרב שרים יוסף 12,רמת שרת
הרב שרים יוסף 13,רמת שרת
הרב שרים יוסף 14,רמת שרת
הרב שרים יוסף 15,רמת שרת
הרב שרים יוסף 16,רמת שרת
הרב שרים יוסף 18,רמת שרת
הרב שרים יוסף 20,רמת שרת
הרב שרים יוסף 3,רמת שרת
הרב שרים יוסף 4,רמת שרת
הרב שרים יוסף 5,רמת שרת
הרב שרים יוסף 6,רמת שרת
הרב שרים יוסף 7,רמת שרת
הרב שרים יוסף 8,רמת שרת
הרב שרים יוסף 9,רמת שרת
הרב שרירא 1,גבעת שאול
הרב שרירא 10,גבעת שאול
הרב שרירא 13,גבעת שאול
הרב שרירא 15,גבעת שאול
הרב שרירא 2,גבעת שאול
הרב שרירא 3,גבעת שאול
הרב שרירא 4,גבעת שאול
הרב שרירא 7,גבעת שאול
הרב שרירא 8,גבעת שאול
הרב שרירא 9,גבעת שאול
הרואה 19,רמות
הרובע היהודי 9,הרובע היהודי
הרובע הנוצרי 113,העיר העתיקה
הרובע הנוצרי 66,העיר העתיקה
הרובע הנוצרי 80,העיר העתיקה
הרובע הנוצרי 94,העיר העתיקה
הרובע הנוצרי 9999,העיר העתיקה
הרוסמרין 1,גילה
הרוסמרין 10,גילה
הרוסמרין 11,גילה
הרוסמרין 12,גילה
הרוסמרין 13,גילה
הרוסמרין 15,גילה
הרוסמרין 17,גילה
הרוסמרין 19,גילה
הרוסמרין 2,גילה
הרוסמרין 3,גילה
הרוסמרין 4,גילה
הרוסמרין 6,גילה
הרוסמרין 7,גילה
הרוסמרין 8,גילה
הרוסמרין 9,גילה
הרוסמרין 9999,גילה
הרכב 142,תלפיות
הרכב 44,תלפיות
הרכבי 4,טלביה
הרכבי 6,טלביה
הרכבת 11,המושבה הגרמנית
הרכבת 13,המושבה הגרמנית
הרכבת 15,המושבה הגרמנית
הרכבת 16,המושבה הגרמנית
הרכבת 19,המושבה הגרמנית
הרכבת 20,המושבה הגרמנית
הרכבת 21,המושבה הגרמנית
הרכבת 23,המושבה הגרמנית
הרכבת 25,המושבה הגרמנית
הרכבת 27,המושבה הגרמנית
הרכבת 28,המושבה הגרמנית
הרכבת 3,המושבה הגרמנית
הרכבת 30,המושבה הגרמנית
הרכבת 31,המושבה הגרמנית
הרכבת 33,המושבה הגרמנית
הרכבת 34,בקעה
הרכבת 35,המושבה הגרמנית
הרכבת 37,המושבה הגרמנית
הרכבת 40,בקעה
הרכבת 42,המושבה הגרמנית
הרכבת 44,המושבה הגרמנית
הרכבת 48,בקעה
הרכבת 49,בקעה
הרכבת 5,המושבה הגרמנית
הרכבת 51,בקעה
הרכבת 55,בקעה
הרכבת 7,המושבה הגרמנית
הרן 10,רחביה
הרן 12,רחביה
הרן 14,רחביה
הרן 16,רחביה
הרן 18,רחביה
הרן 2,רחביה
הרן 3,רחביה
הרן 5,רחביה
הרן 6,רחביה
הרן 7,רחביה
הרן 8,רחביה
הרפוב הדומיניקנית 12,קרית מנחם
הרפוב הדומיניקנית 16,קרית מנחם
הרפוב הדומיניקנית 6,קרית מנחם
הרפוב הדומיניקנית 8,קרית מנחם
הרפז ניסן 10,בית הכרם
הרפז ניסן 11,בית הכרם
הרפז ניסן 12,בית הכרם
הרפז ניסן 3,בית הכרם
הרפז ניסן 4,בית הכרם
הרפז ניסן 5,בית הכרם
הרפז ניסן 6,בית הכרם
הרפז ניסן 7,בית הכרם
הרפז ניסן 8,בית הכרם
הרפז ניסן 9,בית הכרם
הרקח 4,מאה שערים
הרקח 5,מאה שערים
הרקח 6,מאה שערים
הרקפת 1,קרית מנחם
הרקפת 10,קרית מנחם
הרקפת 11,קרית מנחם
הרקפת 12,קרית מנחם
הרקפת 13,קרית מנחם
הרקפת 14,קרית מנחם
הרקפת 15,קרית מנחם
הרקפת 16,קרית מנחם
הרקפת 17,קרית מנחם
הרקפת 18,קרית מנחם
הרקפת 19,קרית מנחם
הרקפת 2,קרית מנחם
הרקפת 20,קרית מנחם
הרקפת 22,קרית מנחם
הרקפת 24,קרית מנחם
הרקפת 26,קרית מנחם
הרקפת 3,קרית מנחם
הרקפת 4,קרית מנחם
הרקפת 5,קרית מנחם
הרקפת 6,קרית מנחם
הרקפת 7,קרית מנחם
הרקפת 8,קרית מנחם
הררי רפול 1,פסגת זאב
הררי רפול 10,פסגת זאב
הררי רפול 11,פסגת זאב
הררי רפול 12,פסגת זאב
הררי רפול 13,פסגת זאב
הררי רפול 14,פסגת זאב
הררי רפול 16,פסגת זאב
הררי רפול 17,פסגת זאב
הררי רפול 18,פסגת זאב
הררי רפול 19,פסגת זאב
הררי רפול 20,פסגת זאב
הררי רפול 21,פסגת זאב
הררי רפול 22,פסגת זאב
הררי רפול 23,פסגת זאב
הררי רפול 24,פסגת זאב
הררי רפול 25,פסגת זאב
הררי רפול 26,פסגת זאב
הררי רפול 27,פסגת זאב
הררי רפול 28,פסגת זאב
הררי רפול 29,פסגת זאב
הררי רפול 30,פסגת זאב
הררי רפול 34,פסגת זאב
הררי רפול 36,פסגת זאב
הררי רפול 37,פסגת זאב
הררי רפול 38,פסגת זאב
הררי רפול 39,פסגת זאב
הררי רפול 4,פסגת זאב
הררי רפול 40,פסגת זאב
הררי רפול 41,פסגת זאב
הררי רפול 42,פסגת זאב
הררי רפול 43,פסגת זאב
הררי רפול 45,פסגת זאב
הררי רפול 47,פסגת זאב
הררי רפול 5,פסגת זאב
הררי רפול 6,פסגת זאב
הררי רפול 7,פסגת זאב
הררי רפול 8,פסגת זאב
הררי רפול 9,פסגת זאב
השגריר ארגוב שלמה 10,תלפיות מזרח
השגריר ארגוב שלמה 2,תלפיות מזרח
השגריר ארגוב שלמה 4,תלפיות מזרח
השגריר ארגוב שלמה 6,תלפיות מזרח
השומר 10,גוננים
השומר 11,גוננים
השומר 13,גוננים
השומר 15,גוננים
השומר 21,גוננים
השומר 6,גוננים
השומר 9,גוננים
השוערים 12,הרובע היהודי
השוערים 17,הרובע היהודי
השוערים 3,הרובע היהודי
השוערים 5,הרובע היהודי
השוערים 6,הרובע היהודי
השוערים 8,הרובע היהודי
השוערים 9,הרובע היהודי
השופט בנימין 1,רמת שרת
השופט בנימין 10,רמת שרת
השופט בנימין 11,רמת שרת
השופט בנימין 12,רמת שרת
השופט בנימין 13,רמת שרת
השופט בנימין 14,רמת שרת
השופט בנימין 15,רמת שרת
השופט בנימין 17,רמת שרת
השופט בנימין 19,רמת שרת
השופט בנימין 2,רמת שרת
השופט בנימין 21,רמת שרת
השופט בנימין 27,רמת שרת
השופט בנימין 29,רמת שרת
השופט בנימין 3,רמת שרת
השופט בנימין 30,רמת שרת
השופט בנימין 31,רמת שרת
השופט בנימין 32,רמת שרת
השופט בנימין 33,רמת שרת
השופט בנימין 34,רמת שרת
השופט בנימין 37,רמת שרת
השופט בנימין 6,רמת שרת
השופט בנימין 8,רמת שרת
השופט בנימין 9,רמת שרת
השופט חיים כהן 10,ארנונה
השופט חיים כהן 14,ארנונה
השופט חיים כהן 18,ארנונה
השופט חיים כהן 3,ארנונה
השופט חיים כהן 30,ארנונה
השופט חיים כהן 32,ארנונה
השופט חיים כהן 36,ארנונה
השופט חיים כהן 38,ארנונה
השופט חיים כהן 4,ארנונה
השופט חיים כהן 40,ארנונה
השופט חיים כהן 42,ארנונה
השופט חיים כהן 44,ארנונה
השופט חיים כהן 46,ארנונה
השופט חיים כהן 6,ארנונה
השופט חיים כהן 8,ארנונה
השופר 1,העיר העתיקה
השופר 10,העיר העתיקה
השופר 2,העיר העתיקה
השופר 4,העיר העתיקה
השופר 5,העיר העתיקה
השיירות 10,קטמון
השיירות 12,קטמון
השיירות 16,קטמון
השיירות 19,קטמון
השיירות 22,קטמון
השיירות 23,קטמון
השיירות 24,קטמון
השיירות 26,קטמון
השיירות 31,קטמון
השיירות 33,קטמון
השיירות 35,קטמון
השיירות 37,קטמון
השיירות 39,קטמון
השיירות 41,קטמון
השיירות 43,קטמון
השיירות 45,קטמון
השיירות 47,קטמון
השיירות 6,קטמון
השיש 1,גילה
השיש 10,גילה
השיש 12,גילה
השיש 2,גילה
השיש 3,גילה
השיש 4,גילה
השיש 5,גילה
השיש 8,גילה
השיש 999,גילה
השישה עשר 10,פסגת זאב
השישה עשר 12,פסגת זאב
השישה עשר 14,פסגת זאב
השישה עשר 16,פסגת זאב
השישה עשר 18,פסגת זאב
השישה עשר 20,פסגת זאב
השישה עשר 22,פסגת זאב
השישה עשר 24,פסגת זאב
השישה עשר 26,פסגת זאב
השישה עשר 28,פסגת זאב
השישה עשר 30,פסגת זאב
השישה עשר 38,פסגת זאב
השישה עשר 4,פסגת זאב
השישה עשר 40,פסגת זאב
השישה עשר 42,פסגת זאב
השישה עשר 43,פסגת זאב
השישה עשר 44,פסגת זאב
השישה עשר 45,פסגת זאב
השישה עשר 46,פסגת זאב
השישה עשר 6,פסגת זאב
השישה עשר 8,פסגת זאב
השלה 1,נחלאות
השלה 12,נחלאות
השלה 14,נחלאות
השלה 16,נחלאות
השלה 17,נחלאות
השלה 2,נחלאות
השלה 20,נחלאות
השלה 22,נחלאות
השלה 24,נחלאות
השלה 26,נחלאות
השלה 28,נחלאות
השלה 3,נחלאות
השלה 4,נחלאות
השלה 5,נחלאות
השלה 7,נחלאות
השלה 9,נחלאות
השליו 409,גילה
השליו 410,גילה
השליו 411,גילה
השליו 412,גילה
השליו 413,גילה
השליו 414,גילה
השליו 415,גילה
השליו 416,גילה
השליו 417,גילה
השליו 422,גילה
השליחים 4,העיר העתיקה
השליחים 65,העיר העתיקה
השליחים 9999,העיר העתיקה
השלכת 45,קרית מנחם
השלכת 6,קרית מנחם
השלשלת 1,העיר העתיקה
השלשלת 109,העיר העתיקה
השלשלת 111,העיר העתיקה
השלשלת 113,העיר העתיקה
השלשלת 116,העיר העתיקה
השלשלת 119,העיר העתיקה
השלשלת 125,העיר העתיקה
השלשלת 129,העיר העתיקה
השלשלת 131,העיר העתיקה
השלשלת 137,העיר העתיקה
השלשלת 138,העיר העתיקה
השלשלת 139,העיר העתיקה
השלשלת 140,העיר העתיקה
השלשלת 141,העיר העתיקה
השלשלת 143,העיר העתיקה
השלשלת 145,העיר העתיקה
השלשלת 148,העיר העתיקה
השלשלת 150,העיר העתיקה
השלשלת 151,העיר העתיקה
השלשלת 152,העיר העתיקה
השלשלת 156,העיר העתיקה
השלשלת 159,העיר העתיקה
השלשלת 161,העיר העתיקה
השלשלת 2,העיר העתיקה
השלשלת 3,העיר העתיקה
השלשלת 312,העיר העתיקה
השלשלת 48,העיר העתיקה
השלשלת 5,העיר העתיקה
השלשלת 53,העיר העתיקה
השלשלת 63,העיר העתיקה
השלשלת 67,העיר העתיקה
השלשלת 77,העיר העתיקה
השלשלת 80,העיר העתיקה
השלשלת 82,העיר העתיקה
השלשלת 91,העיר העתיקה
השלשלת 95,העיר העתיקה
השמינית 5,הרובע היהודי
השמינית 7,הרובע היהודי
השמינית 9,הרובע היהודי
השער החדש 15,העיר העתיקה
התאנה 1,גילה
התאנה 11,גילה
התאנה 12,גילה
התאנה 14,גילה
התאנה 15,גילה
התאנה 16,גילה
התאנה 17,גילה
התאנה 18,גילה
התאנה 19,גילה
התאנה 2,גילה
התאנה 20,גילה
התאנה 22,גילה
התאנה 24,גילה
התאנה 26,גילה
התאנה 28,גילה
התאנה 3,גילה
התאנה 30,גילה
התאנה 34,גילה
התאנה 36,גילה
התאנה 4,גילה
התאנה 5,גילה
התאנה 6,גילה
התאנה 7,גילה
התאנה 8,גילה
התאנה 9,גילה
התומר 10,בית הכרם
התומר 3,בית הכרם
התומר 6,בית הכרם
התומר 8,בית הכרם
התותחן 1,פסגת זאב
התותחן 3,פסגת זאב
התותחן 5,פסגת זאב
התיבונים 10,רחביה
התיבונים 14,רחביה
התיבונים 16,רחביה
התיבונים 18,רחביה
התיבונים 20,רחביה
התיבונים 22,רחביה
התיבונים 3,רחביה
התיבונים 4,רחביה
התיבונים 6,רחביה
התיבונים 7,רחביה
התיבונים 8,רחביה
התיבונים 9,רחביה
התלתן 1,רמת שרת
התלתן 10,רמת שרת
התלתן 11,רמת שרת
התלתן 12,רמת שרת
התלתן 14,רמת שרת
התלתן 16,רמת שרת
התלתן 18,רמת שרת
התלתן 2,רמת שרת
התלתן 3,רמת שרת
התלתן 4,רמת שרת
התלתן 5,רמת שרת
התלתן 6,רמת שרת
התלתן 7,רמת שרת
התלתן 8,רמת שרת
התלתן 9,רמת שרת
התמיד 1,הרובע היהודי
התמיד 2,הרובע היהודי
התמיד 3,הרובע היהודי
התמיד 38,הרובע היהודי
התקוה 12,אבו תור
התקוה 13,אבו תור
התקוה 16,אבו תור
התקוה 19,אבו תור
התקוה 21,אבו תור
התקוה 23,אבו תור
התקוה 25,אבו תור
התקוה 27,אבו תור
התקוה 29,אבו תור
התקוה 3,אבו תור
התקוה 31,אבו תור
התקוה 33,אבו תור
התקוה 35,אבו תור
התקוה 37,אבו תור
התקוה 39,אבו תור
התקוה 4,אבו תור
התקוה 41,אבו תור
התקוה 43,אבו תור
התקוה 45,אבו תור
התקוה 6,אבו תור
התקוה 8,אבו תור
התקופה 11,גבעת הוורדים
התקופה 12,גבעת הוורדים
התקופה 13,גבעת הוורדים
התקופה 17,גבעת הוורדים
התקופה 18,גבעת הוורדים
התקופה 2,גבעת הוורדים
התקופה 20,גבעת הוורדים
התקופה 22,גבעת הוורדים
התקופה 24,גבעת הוורדים
התקופה 26,גבעת הוורדים
התקופה 28,גבעת הוורדים
התקופה 4,גבעת הוורדים
התקופה 6,גבעת הוורדים
התקופה 7,גבעת הוורדים
התקופה 8,גבעת הוורדים
התקופה 9,גבעת הוורדים
ואדי אום אל עמיד 1,שועפאט
ואדי אום אל עמיד 10,שועפאט
ואדי אום אל עמיד 12,שועפאט
ואדי אום אל עמיד 16,שועפאט
ואדי אום אל עמיד 2,שועפאט
ואדי אום אל עמיד 23,שועפאט
ואדי אום אל עמיד 24,שועפאט
ואדי אום אל עמיד 25,שועפאט
ואדי אום אל עמיד 26,שועפאט
ואדי אום אל עמיד 27,שועפאט
ואדי אום אל עמיד 28,שועפאט
ואדי אום אל עמיד 29,שועפאט
ואדי אום אל עמיד 3,שועפאט
ואדי אום אל עמיד 30,שועפאט
ואדי אום אל עמיד 31,שועפאט
ואדי אום אל עמיד 32,שועפאט
ואדי אום אל עמיד 33,שועפאט
ואדי אום אל עמיד 34,שועפאט
ואדי אום אל עמיד 35,שועפאט
ואדי אום אל עמיד 38,שועפאט
ואדי אום אל עמיד 4,שועפאט
ואדי אום אל עמיד 42,שועפאט
ואדי אום אל עמיד 44,שועפאט
ואדי אום אל עמיד 48,שועפאט
ואדי אום אל עמיד 9999,שועפאט
ואדי אל ג'וז 0,וואדי אל-ג'וז
ואדי אל ג'וז 10,וואדי אל-ג'וז
ואדי אל ג'וז 16,וואדי אל-ג'וז
ואדי אל ג'וז 17,וואדי אל-ג'וז
ואדי אל ג'וז 20,וואדי אל-ג'וז
ואדי אל ג'וז 22,וואדי אל-ג'וז
ואדי אל ג'וז 26,וואדי אל-ג'וז
ואדי אל ג'וז 4,וואדי אל-ג'וז
ואדי אל ג'וז 44,וואדי אל-ג'וז
ואדי אל ג'וז 47,וואדי אל-ג'וז
ואדי אל ג'וז 57,וואדי אל-ג'וז
ואדי אל ג'וז 7,וואדי אל-ג'וז
ואדי אל ג'וז 8,וואדי אל-ג'וז
ואדי אל ג'וז 910,וואדי אל-ג'וז
ואדי אל ג'וז 925,וואדי אל-ג'וז
ואדי אל ג'וז 997,וואדי אל-ג'וז
ואדי אל ח'לף 1,שועפאט
ואדי אל ח'לף 11,שועפאט
ואדי אל ח'לף 13,שועפאט
ואדי אל ח'לף 15,שועפאט
ואדי אל ח'לף 17,שועפאט
ואדי אל ח'לף 25,שועפאט
ואדי אל ח'לף 3,שועפאט
ואדי אל ח'לף 7,שועפאט
ואדי אל ח'לף 8,שועפאט
ואדי אל ח'לף 9,שועפאט
ואדי אל ח'לף 999,שועפאט
ואדי אל ח'לף 9999,שועפאט
ואדי אל ח'לף סמ2 1,שועפאט
ואדי אל ח'לף סמ2 2,שועפאט
ואדי אל ח'לף סמ2 3,שועפאט
ואדי חילווה,סילואן
ואדי חילווה 17,סילואן
ואדי חילווה 2,סילואן
ואדי חילווה 20,סילואן
ואדי חילווה 22,סילואן
ואדי חילווה 24,סילואן
ואדי חילווה 3,סילואן
ואדי חילווה 34,סילואן
ואדי חילווה 38,סילואן
ואדי חילווה 40,סילואן
ואדי חילווה 50,סילואן
ואדי חילווה 51,סילואן
ואדי חילווה 53,סילואן
ואדי חילווה 54,סילואן
ואדי חילווה 61,סילואן
ואדי חילווה 67,סילואן
ואדי חילווה 69,סילואן
ואדי חילווה 904,סילואן
ואדי חילווה 905,סילואן
ואדי חילווה 906,סילואן
ואדי חילווה 907,סילואן
ואדי חילווה 91,סילואן
ואדי חילווה 97,סילואן
ואדי חילווה 999,סילואן
ואדי חילווה 9999,סילואן
ואדי חילווה סמ1 2,סילואן
ואדי חילווה סמ1 4,סילואן
ואדי חילווה סמ2 2,סילואן
ואדי חילווה סמ2 41,סילואן
ואדי חילווה סמ2 45,סילואן
ואדי חילווה סמ4 31,סילואן
ואדי חילווה סמ6 15,סילואן
ואדי חילווה סמ6 30,סילואן
ואדי יצול,סילואן
ואדי יצול 107,סילואן
ואדי יצול 109,סילואן
ואדי יצול 111,סילואן
ואדי יצול 117,סילואן
ואדי יצול 12,סילואן
ואדי יצול 123,סילואן
ואדי יצול 134,סילואן
ואדי יצול 138,סילואן
ואדי יצול 14,סילואן
ואדי יצול 2,סילואן
ואדי יצול 39,סילואן
ואדי יצול 47,סילואן
ואדי יצול 53,סילואן
ואדי יצול 55,סילואן
ואדי יצול 57,סילואן
ואדי יצול 60,סילואן
ואדי יצול 65,סילואן
ואדי יצול 69,סילואן
ואדי יצול 72,סילואן
ואדי יצול 74,סילואן
ואדי יצול 78,סילואן
ואדי יצול 8,סילואן
ואדי יצול 80,סילואן
ואדי יצול 82,סילואן
ואדי יצול 84,סילואן
ואדי יצול 85,סילואן
ואדי יצול 86,סילואן
ואדי יצול 89,סילואן
ואדי יצול 90,סילואן
ואדי יצול 95,סילואן
ואדי יצול 999,סילואן
ואדי יצול 9999,סילואן
ואדי יצול סמ1 7,סילואן
ואדי יצול סמ1 9999,סילואן
ואדי יצול סמ2 11,סילואן
ואדי יצול סמ2 13,סילואן
ואדי יצול סמ2 2,סילואן
ואדי יצול סמ2 5,סילואן
ואדי יצול סמ3 2,סילואן
ואדי יצול סמ3 3,סילואן
ואדי יצול סמ3 8,סילואן
ואדי יצול סמ3 999,סילואן
ואדי יצול סמ4 11,סילואן
ואדי יצול סמ4 5,סילואן
ואדי יצול סמ4 7,סילואן
ואדי יצול סמ4 9,סילואן
ואדי יצול סמ5 1,סילואן
ואדי יצול סמ5 11,סילואן
ואדי יצול סמ5 15,סילואן
ואדי יצול סמ5 3,סילואן
ואדי יצול סמ5 70,סילואן
ואדי יצול סמ6 26,סילואן
ואדי יצול סמ6 6,סילואן
ואדי יצול סמ6 7,סילואן
ואדי יצול סמ6 90,סילואן
ואדי יצול סמ7 4,סילואן
ואדי יצול סמ7 5,סילואן
ואדי יצול סמ7 6,סילואן
ואדי יצול סמ8 10,סילואן
ואדי יצול סמ8 11,סילואן
ואדי יצול סמ8 13,סילואן
ואדי יצול סמ8 14,סילואן
ואדי יצול סמ8 15,סילואן
ואדי יצול סמ8 25,סילואן
ואדי יצול סמ8 31,סילואן
ואדי יצול סמ8 32,סילואן
ואדי יצול סמ8 33,סילואן
ואדי יצול סמ9 11,סילואן
ואדי יצול סמ9 13,סילואן
ואדי יצול סמ9 23,סילואן
ואדי יצול סמ9 27,סילואן
ואדי יצול סמ9 35,סילואן
ואדי יצול סמ9 9999,סילואן
ואדי עבדאללה 12,א-טור
ואדי עבדאללה 28,א-טור
ואדי עבדאללה 30,א-טור
ואדי עבדאללה 32,א-טור
ואדי עבדאללה 33,א-טור
ואדי עבדאללה 36,א-טור
ואדי עבדאללה 37,א-טור
ואדי עבדאללה 40,א-טור
ואדי עבדאללה 42,א-טור
ואדי עבדאללה 50,א-טור
ואדי עבדאללה 52,א-טור
ואדי עבדאללה 54,א-טור
ואדי עבדאללה 58,א-טור
ואדי עבדאללה 60,א-טור
ואדי עבדאללה 62,א-טור
ואדי עבדאללה 64,א-טור
ואדי עבדאללה 999,א-טור
ואדי עבדאללה 9999,א-טור
ואדי עבדאללה סמ1 11,א-טור
ואדי עבדאללה סמ1 15,א-טור
ואדי עבדאללה סמ1 18,א-טור
ואדי עבדאללה סמ1 26,א-טור
ואדי עבדאללה סמ1 33,א-טור
ואדי עבדאללה סמ1 35,א-טור
ואדי עבדאללה סמ1 39,א-טור
ואדי עבדאללה סמ1 8,א-טור
ואדי עבדאללה סמ3 15,א-טור
ואדי עבדאללה סמ3 16,א-טור
ואדי עבדאללה סמ3 17,א-טור
ואדי עבדאללה סמ3 25,א-טור
ואדי עבדאללה סמ3 30,א-טור
ואדי עבדאללה סמ5,א-טור
ואדי עבדאללה סמ5 7,א-טור
ואדי עבדאללה סמ5 9,א-טור
ואדי עבדאללה סמ5 9999,א-טור
ואדי עבדאללה סמ6 6,א-טור
ואדי קדום 1,ראס אל-עמוד
ואדי קדום 103,ראס אל-עמוד
ואדי קדום 13,ראס אל-עמוד
ואדי קדום 135,ראס אל-עמוד
ואדי קדום 152,ראס אל-עמוד
ואדי קדום 16,ראס אל-עמוד
ואדי קדום 17,ראס אל-עמוד
ואדי קדום 176,ראס אל-עמוד
ואדי קדום 23,ראס אל-עמוד
ואדי קדום 24,ראס אל-עמוד
ואדי קדום 31,ראס אל-עמוד
ואדי קדום 38,ראס אל-עמוד
ואדי קדום 39,ראס אל-עמוד
ואדי קדום 4,ראס אל-עמוד
ואדי קדום 5,ראס אל-עמוד
ואדי קדום 59,ראס אל-עמוד
ואדי קדום 63,ראס אל-עמוד
ואדי קדום 675,ראס אל-עמוד
ואדי קדום 69,ראס אל-עמוד
ואדי קדום 70,ראס אל-עמוד
ואדי קדום 75,ראס אל-עמוד
ואדי קדום 8,ראס אל-עמוד
ואדי קדום 81,ראס אל-עמוד
ואדי קדום 83,ראס אל-עמוד
ואדי קדום 89,ראס אל-עמוד
ואדי קדום 93,ראס אל-עמוד
ואדי קדום סמ2 11,ראס אל-עמוד
ואדי קדום סמ2 12,ראס אל-עמוד
ואדי קדום סמ2 14,ראס אל-עמוד
ואדי קדום סמ2 16,ראס אל-עמוד
ואדי קדום סמ2 7,ראס אל-עמוד
ואדי קדום סמ2 9,ראס אל-עמוד
ואדי קדום סמ3 11,ראס אל-עמוד
ואדי קדום סמ4 3,ראס אל-עמוד
ואדי קדום סמ4 4,ראס אל-עמוד
ואדי קדום סמ4 6,ראס אל-עמוד
ואדי קדום סמ4 8,ראס אל-עמוד
ואדי קדום סמ5 4,ראס אל-עמוד
ואדי קדום סמ5 6,ראס אל-עמוד
ואדי קדום סמ5 999,ראס אל-עמוד
ואדי קדום סמ6 6,ראס אל-עמוד
ואדי קדום סמ6 8,ראס אל-עמוד
ואדי קדום סמ6 9999,ראס אל-עמוד
ואדי קדום סמ8 13,ראס אל-עמוד
וודגווד 1,המושבה הגרמנית
וודגווד 4,המושבה הגרמנית
וודגווד 5,המושבה הגרמנית
וודגווד 6,המושבה הגרמנית
וולטה העלית 1,קרית היובל
וולטה העלית 5,קרית היובל
וולטה העלית 7,קרית היובל
וולטה העלית 9,קרית היובל
ויה דולורוזה,העיר העתיקה
ויה דולורוזה 113,העיר העתיקה
ויה דולורוזה 13,העיר העתיקה
ויה דולורוזה 24,העיר העתיקה
ויה דולורוזה 29,העיר העתיקה
ויה דולורוזה 313,העיר העתיקה
ויה דולורוזה 4,העיר העתיקה
ויה דולורוזה 42,העיר העתיקה
ויה דולורוזה 46,העיר העתיקה
ויה דולורוזה 51,העיר העתיקה
ויה דולורוזה 57,העיר העתיקה
ויה דולורוזה 58,העיר העתיקה
ויה דולורוזה 859,העיר העתיקה
ויטל חיים 11,גבעת שאול
ויטל חיים 1111,גבעת שאול
ויטל חיים 12,גבעת שאול
ויטל חיים 14,גבעת שאול
ויטל חיים 18,גבעת שאול
ויטל חיים 20,גבעת שאול
ויטל חיים 22,גבעת שאול
ויטל חיים 24,גבעת שאול
ויטל חיים 27,גבעת שאול
ויטל חיים 31,גבעת שאול
ויטל חיים 33,גבעת שאול
ויטל חיים 35,גבעת שאול
ויטל חיים 36,גבעת שאול
ויטל חיים 38,גבעת שאול
ויטל חיים 39,גבעת שאול
ויטל חיים 40,גבעת שאול
ויטל חיים 41,גבעת שאול
ויטל חיים 42,גבעת שאול
ויטל חיים 43,גבעת שאול
ויטל חיים 44,גבעת שאול
ויטל חיים 46,גבעת שאול
ויטל חיים 50,גבעת שאול
ויטל חיים 52,גבעת שאול
ויטל חיים 9,גבעת שאול
וייסברג חיים 4,בית וגן
וינדהם דידס 4,המושבה הגרמנית
ויס יעקב 6,תלפיות מזרח
ויסמן ליאו 1,בית וגן
ויסמן ליאו 2,בית וגן
ויסמן ליאו 3,בית וגן
ויסמן ליאו 4,בית וגן
ויסמן ליאו 5,בית וגן
ויקטור ויוליוס 10,נווה יעקב
ויקטור ויוליוס 11,נווה יעקב
ויקטור ויוליוס 12,נווה יעקב
ויקטור ויוליוס 13,נווה יעקב
ויקטור ויוליוס 2,נווה יעקב
ויקטור ויוליוס 3,נווה יעקב
ויקטור ויוליוס 4,נווה יעקב
ויקטור ויוליוס 7,נווה יעקב
ויתקון אלפרד 1,רמות
ויתקון אלפרד 11,רמות
ויתקון אלפרד 13,רמות
ויתקון אלפרד 15,רמות
ויתקון אלפרד 17,רמות
ויתקון אלפרד 19,רמות
ויתקון אלפרד 2,רמות
ויתקון אלפרד 3,רמות
ויתקון אלפרד 4,רמות
ויתקון אלפרד 6,רמות
ויתקון אלפרד 7,רמות
ויתקון אלפרד 9,רמות
ולירו 19,נחלאות
ולירו 22,נחלאות
ולירו 23,נחלאות
ולירו 24,נחלאות
ולירו 26,נחלאות
ולירו 3,נחלאות
ולירו 40,נחלאות
ולירו 44,נחלאות
ולנשטיין 4,רמות
ולנשטיין 53,רמות
ולנשטיין 6,רמות
ולנשטיין 61,רמות
ולנשטיין 64,רמות
ולנשטיין 91,רמות
ונטורה משה 10,פסגת זאב
ונטורה משה 11,פסגת זאב
ונטורה משה 12,פסגת זאב
ונטורה משה 13,פסגת זאב
ונטורה משה 14,פסגת זאב
ונטורה משה 15,פסגת זאב
ונטורה משה 17,פסגת זאב
ונטורה משה 4,פסגת זאב
ונטורה משה 5,פסגת זאב
ונטורה משה 6,פסגת זאב
ונטורה משה 7,פסגת זאב
ונטורה משה 8,פסגת זאב
וסרמן פנחס 12,נווה יעקב
וסרמן פנחס 14,נווה יעקב
וסרמן פנחס 16,נווה יעקב
וסרמן פנחס 18,נווה יעקב
וסרמן פנחס 20,נווה יעקב
וסרמן פנחס 22,נווה יעקב
וסרמן פנחס 6,נווה יעקב
ועד ארבע הארצות 74,רמות
ועד ארבע הארצות 81,רמות
ועד ארבע הארצות 82,רמות
ועד ארבע הארצות 84,רמות
ועד ארבע הארצות 85,רמות
ועד ארבע הארצות 92,רמות
ורבורג 3,קרית היובל
ורבורג 4,קרית היובל
ורבורג 8,קרית היובל
ורדינון 13,גילה
ורדינון 15,גילה
ורדינון 5,גילה
ורדינון 7,גילה
ורדינון 9,גילה
ורשבסקי אריה 1,הר חומה
ורשבסקי אריה 11,הר חומה
ורשבסקי אריה 17,הר חומה
ורשבסקי אריה 19,הר חומה
ורשבסקי אריה 21,הר חומה
ורשבסקי אריה 3,הר חומה
ורשבסקי אריה 5,הר חומה
ורשבסקי אריה 7,הר חומה
ורשבסקי אריה 9,הר חומה
ושינגטון 10,טלביה
ושינגטון 12,טלביה
ושינגטון 14,טלביה
ושינגטון 16,טלביה
ושינגטון 18,טלביה
ושינגטון 20,טלביה
ושינגטון 23,טלביה
ושינגטון 25,טלביה
ושינגטון 3,טלביה
ושינגטון 8,טלביה
ושינגטון 9,טלביה
ושיץ 2,ארנונה
ושיץ 6,ארנונה
ז'בוטינסקי 10,טלביה
ז'בוטינסקי 12,טלביה
ז'בוטינסקי 13,טלביה
ז'בוטינסקי 14,טלביה
ז'בוטינסקי 15,טלביה
ז'בוטינסקי 17,טלביה
ז'בוטינסקי 19,טלביה
ז'בוטינסקי 22,טלביה
ז'בוטינסקי 23,טלביה
ז'בוטינסקי 24,טלביה
ז'בוטינסקי 28,טלביה
ז'בוטינסקי 29,טלביה
ז'בוטינסקי 35,טלביה
ז'בוטינסקי 36,טלביה
ז'בוטינסקי 37,טלביה
ז'בוטינסקי 39,טלביה
ז'בוטינסקי 4,טלביה
ז'בוטינסקי 42,טלביה
ז'בוטינסקי 6,טלביה
זבולון 1,בקעה
זבולון 2,בקעה
זבולון 3,בקעה
זבולון 7,בקעה
זוטא 1,בית הכרם
זוטא 3,בית הכרם
זוטא 4,בית הכרם
זוטא 5,בית הכרם
זויה א הונוד 1,העיר העתיקה
זוננפלד 2,בית ישראל
זוננפלד 22,בית ישראל
זוננפלד 24,בית ישראל
זוננפלד 30,בית ישראל
זוננפלד 33,בית ישראל
זוננפלד 34,בית ישראל
זוננפלד 42,בית ישראל
זוננפלד 48,בית ישראל
זוננפלד 9,בית ישראל
זוקוק א חילל 11,העיר העתיקה
זוקוק א חילל 7,העיר העתיקה
זוקוק א חילל 9,העיר העתיקה
זוקוק א חילל 9999,העיר העתיקה
זיו יוסף 1,רוממה
זיו יוסף 14,רוממה
זיו יוסף 16,רוממה
זיו יוסף 17,רוממה
זיו יוסף 5,רוממה
זייד בן חארת'ה 10,ג'בל מוכבר
זייד בן חארת'ה 11,ג'בל מוכבר
זייד בן חארת'ה 13,ג'בל מוכבר
זייד בן חארת'ה 24,ג'בל מוכבר
זייד בן חארת'ה 29,ג'בל מוכבר
זייד בן חארת'ה 31,ג'בל מוכבר
זייד בן חארת'ה 51,ג'בל מוכבר
זייד בן חארת'ה 999,ג'בל מוכבר
זייד בן חארת'ה 9999,ג'בל מוכבר
זייד בן חארת'ה סמ2 11,ג'בל מוכבר
זייד בן חארת'ה סמ4 10,ג'בל מוכבר
זייד בן חארת'ה סמ4 15,ג'בל מוכבר
זייד בן חארת'ה סמ4 2,ג'בל מוכבר
זייד בן חארת'ה סמ4 9999,ג'בל מוכבר
זייד בן חארת'ה סמ6 9999,ג'בל מוכבר
זייד ת'אבת 1,שועפאט
זייד ת'אבת 22,שועפאט
זייד ת'אבת 5,שועפאט
זילברג משה 16,רמת שרת
זילברג משה 32,רמת שרת
זילברג משה 34,רמת שרת
זילברג משה 4,רמת שרת
זילברג משה 9,רמת שרת
זילברשטיין 1,פסגת זאב
זילברשטיין 10,פסגת זאב
זילברשטיין 2,פסגת זאב
זילברשטיין 3,פסגת זאב
זילברשטיין 4,פסגת זאב
זילברשטיין 5,פסגת זאב
זילברשטיין 8,פסגת זאב
זית רענן 10,קרית צאנז
זית רענן 12,קרית צאנז
זית רענן 14,קרית צאנז
זית רענן 16,קרית צאנז
זית רענן 2,קרית צאנז
זית רענן 4,קרית צאנז
זית רענן 6,קרית צאנז
זית רענן 8,קרית צאנז
זכרון טוביה 1,נחלאות
זכרון טוביה 10,נחלאות
זכרון טוביה 11,נחלאות
זכרון טוביה 12,נחלאות
זכרון טוביה 13,נחלאות
זכרון טוביה 15,נחלאות
זכרון טוביה 16,נחלאות
זכרון טוביה 17,נחלאות
זכרון טוביה 18,נחלאות
זכרון טוביה 20,נחלאות
זכרון טוביה 21,נחלאות
זכרון טוביה 22,נחלאות
זכרון טוביה 23,נחלאות
זכרון טוביה 24,נחלאות
זכרון טוביה 25,נחלאות
זכרון טוביה 26,נחלאות
זכרון טוביה 27,נחלאות
זכרון טוביה 28,נחלאות
זכרון טוביה 29,נחלאות
זכרון טוביה 3,נחלאות
זכרון טוביה 31,נחלאות
זכרון טוביה 32,נחלאות
זכרון טוביה 33,נחלאות
זכרון טוביה 34,נחלאות
זכרון טוביה 35,נחלאות
זכרון טוביה 36,נחלאות
זכרון טוביה 37,נחלאות
זכרון טוביה 39,נחלאות
זכרון טוביה 5,נחלאות
זכרון טוביה 6,נחלאות
זכרון טוביה 7,נחלאות
זכרון טוביה 8,נחלאות
זכרון טוביה 9,נחלאות
זכרון יעקב 12,מטרסדורף
זכרון יעקב 13,מטרסדורף
זכרון יעקב 17,קרית אונסדורף
זכרון יעקב 4,קרית אונסדורף
זכרון יעקב 9,מטרסדורף
זכריה 17,גאולה
זכריה 19,גאולה
זכריה 29,גאולה
זכריה 3,גאולה
זכריה 4,גאולה
זכריה 5,גאולה
זכריה 6,גאולה
זכריה 7,גאולה
זכריה 9,גאולה
זכריה הרופא 11,בוכרים
זכריה הרופא 15,בוכרים
זכריה הרופא 16,בוכרים
זכריה הרופא 17,בוכרים
זכריה הרופא 18,בוכרים
זכריה הרופא 19,בוכרים
זכריה הרופא 20,בוכרים
זכריה הרופא 21,בוכרים
זכריה הרופא 22,בוכרים
זכריה הרופא 23,בוכרים
זכריה הרופא 25,בוכרים
זכריה הרופא 27,בוכרים
זכריה הרופא 29,בוכרים
זכריה הרופא 31,בוכרים
זכריה הרופא 35,בוכרים
זכריה הרופא 37,בוכרים
זכריה הרופא 6,בוכרים
זכריה הרופא 7,בוכרים
זכריה הרופא 9,בוכרים
זלמן צורף 1,פסגת זאב
זלמן צורף 3,פסגת זאב
זלמן צורף 5,פסגת זאב
זלמן צורף 7,פסגת זאב
זלמן צורף 9,פסגת זאב
זמזם 4,שועפאט
זמנהוף 12,טלביה
זמנהוף 4,טלביה
זמנהוף 5,טלביה
זנגויל 12,קרית היובל
זנגויל 13,קרית היובל
זנגויל 15,קרית היובל
זנגויל 17,קרית היובל
זנגויל 18,קרית היובל
זנגויל 19,קרית היובל
זנגויל 20,קרית היובל
זנגויל 21,קרית היובל
זנגויל 22,קרית היובל
זנגויל 26,קרית היובל
זנגויל 28,קרית היובל
זנגויל 5,קרית היובל
זנגויל 7,קרית היובל
זנגויל 9,קרית היובל
זקס משה 11,בית ישראל
זקס משה 3,בית ישראל
זקס משה 5,בית ישראל
זקס משה 7,בית ישראל
זקס משה 8,בית ישראל
זקס משה 9,בית ישראל
זר מרדכי 10,פסגת זאב
זר מרדכי 11,פסגת זאב
זר מרדכי 12,פסגת זאב
זר מרדכי 13,פסגת זאב
זר מרדכי 2,פסגת זאב
זר מרדכי 4,פסגת זאב
זר מרדכי 5,פסגת זאב
זר מרדכי 6,פסגת זאב
זר מרדכי 7,פסגת זאב
זר מרדכי 8,פסגת זאב
זר מרדכי 9,פסגת זאב
זרובבל 10,בקעה
זרובבל 11,בקעה
זרובבל 12,בקעה
זרובבל 4,בקעה
זרובבל 6,בקעה
זרובבל 7,בקעה
זרובבל 8,בקעה
זרובבל 9,בקעה
זרחי ישראל 11,רמות
זרחי ישראל 13,רמות
זרחי ישראל 15,רמות
זרחי ישראל 21,רמות
זרחי ישראל 23,רמות
זרחי ישראל 24,רמות
זרחי ישראל 25,רמות
זרחי ישראל 26,רמות
זרחי ישראל 27,רמות
זרחי ישראל 28,רמות
זרחי ישראל 29,רמות
זרחי ישראל 30,רמות
זרחי ישראל 31,רמות
זרחי ישראל 32,רמות
זרחי ישראל 33,רמות
זרחי ישראל 34,רמות
זרחי ישראל 35,רמות
זרחי ישראל 36,רמות
זרחי ישראל 37,רמות
זרחי ישראל 38,רמות
זרחי ישראל 39,רמות
זרחי ישראל 40,רמות
זרחי ישראל 42,רמות
זרחי ישראל 44,רמות
זרחי ישראל 46,רמות
זרחי ישראל 48,רמות
זרחי ישראל 50,רמות
זרחי ישראל 52,רמות
זרחי ישראל 53,רמות
זרחי ישראל 54,רמות
זרחי ישראל 56,רמות
זרחי ישראל 66,רמות
זרחי ישראל 68,רמות
זרחי ישראל 70,רמות
זרחי ישראל 72,רמות
זרחי ישראל 74,רמות
זרחי ישראל 76,רמות
זרחי ישראל 78,רמות
זרחי ישראל 80,רמות
זרחי ישראל 82,רמות
זרחי ישראל 84,רמות
זרחי ישראל 86,רמות
זרחי ישראל 88,רמות
זרחי ישראל 9,רמות
זרחי ישראל 90,רמות
זריצקי דוד 10,רמות
זריצקי דוד 12,רמות
זריצקי דוד 14,רמות
זריצקי דוד 16,רמות
זריצקי דוד 18,רמות
זריצקי דוד 3,רמות
זריצקי דוד 4,רמות
זריצקי דוד 5,רמות
זריצקי דוד 6,רמות
זריצקי דוד 8,רמות
ח'אלד אבן אל ואליד,וואדי אל-ג'וז
ח'אלד אבן אל ואליד 1,וואדי אל-ג'וז
ח'אלד אבן אל ואליד 10,וואדי אל-ג'וז
ח'אלד אבן אל ואליד 12,וואדי אל-ג'וז
ח'אלד אבן אל ואליד 13,וואדי אל-ג'וז
ח'אלד אבן אל ואליד 15,וואדי אל-ג'וז
ח'אלד אבן אל ואליד 16,וואדי אל-ג'וז
ח'אלד אבן אל ואליד 17,וואדי אל-ג'וז
ח'אלד אבן אל ואליד 18,וואדי אל-ג'וז
ח'אלד אבן אל ואליד 19,וואדי אל-ג'וז
ח'אלד אבן אל ואליד 2,וואדי אל-ג'וז
ח'אלד אבן אל ואליד 21,וואדי אל-ג'וז
ח'אלד אבן אל ואליד 23,וואדי אל-ג'וז
ח'אלד אבן אל ואליד 24,וואדי אל-ג'וז
ח'אלד אבן אל ואליד 27,וואדי אל-ג'וז
ח'אלד אבן אל ואליד 3,וואדי אל-ג'וז
ח'אלד אבן אל ואליד 30,וואדי אל-ג'וז
ח'אלד אבן אל ואליד 34,וואדי אל-ג'וז
ח'אלד אבן אל ואליד 35,וואדי אל-ג'וז
ח'אלד אבן אל ואליד 38,וואדי אל-ג'וז
ח'אלד אבן אל ואליד 39,וואדי אל-ג'וז
ח'אלד אבן אל ואליד 40,וואדי אל-ג'וז
ח'אלד אבן אל ואליד 41,וואדי אל-ג'וז
ח'אלד אבן אל ואליד 43,וואדי אל-ג'וז
ח'אלד אבן אל ואליד 45,וואדי אל-ג'וז
ח'אלד אבן אל ואליד 47,וואדי אל-ג'וז
ח'אלד אבן אל ואליד 5,וואדי אל-ג'וז
ח'אלד אבן אל ואליד 999,וואדי אל-ג'וז
ח'אלד אבן אל ואליד 9999,וואדי אל-ג'וז
ח'ולפא' ראשדין 5,ג'בל מוכבר
ח'ולפא' ראשדין סמ1 15,ג'בל מוכבר
ח'ולפא' ראשדין סמ2 1,ג'בל מוכבר
ח'ולפא' ראשדין סמ2 20,ג'בל מוכבר
ח'ולפא' ראשדין סמ2 43,ג'בל מוכבר
ח'ולפא' ראשדין סמ2 5,ג'בל מוכבר
ח'ילת אל עין,א-טור
ח'ילת אל עין 6,א-טור
ח'ילת אל עין 8,א-טור
ח'ליל א סכאכיני 1,בית חנינא
ח'ליל א סכאכיני 13,בית חנינא
ח'ליל א סכאכיני 16,בית חנינא
ח'ליל א סכאכיני 19,בית חנינא
ח'ליל א סכאכיני 26,בית חנינא
ח'ליל א סכאכיני 27,בית חנינא
ח'ליל א סכאכיני 28,בית חנינא
ח'ליל א סכאכיני 3,בית חנינא
ח'ליל א סכאכיני 30,בית חנינא
ח'ליל א סכאכיני 32,בית חנינא
ח'ליל א סכאכיני 33,בית חנינא
ח'ליל א סכאכיני 35,בית חנינא
ח'ליל א סכאכיני 37,בית חנינא
ח'ליל א סכאכיני 4,בית חנינא
ח'ליל א סכאכיני 45,בית חנינא
ח'ליל א סכאכיני 5,בית חנינא
ח'ליל א סכאכיני 6,בית חנינא
ח'ליל א סכאכיני 609,בית חנינא
ח'ליל א סכאכיני 61,בית חנינא
ח'ליל א סכאכיני 9,בית חנינא
ח'ליל סכאכיני סמ11 1,בית חנינא
ח'ליל סכאכיני סמ11 2,בית חנינא
ח'ליל סכאכיני סמ3 2,בית חנינא
ח'ליל סכאכיני סמ3 35,בית חנינא
ח'ליל סכאכיני סמ3 45,בית חנינא
ח'ליל סכאכיני סמ3 999,בית חנינא
ח'ליל סכאכיני סמ5 2,בית חנינא
ח'ליל סכאכיני סמ5 5,בית חנינא
ח'ליל סכאכיני סמ7 1,בית חנינא
ח'ליל סכאכיני סמ7 3,בית חנינא
ח'ליל סכאכיני סמ9 1,בית חנינא
ח'ליל סכאכיני סמ9 2,בית חנינא
ח'ליל סכאכיני סמ9 4,בית חנינא
ח'ליל סכאכיני סמ9 999,בית חנינא
ח'לת אל עין סמ1 10,א-טור
ח'לת אל עין סמ1 17,א-טור
ח'לת אל עין סמ1 20,א-טור
ח'לת אל עין סמ1 30,א-טור
ח'לת אל עין סמ1 5,א-טור
ח'לת אל עין סמ1 9999,א-טור
ח'לת אל עין סמ3 13,א-טור
ח'לת אל עין סמ3 2,א-טור
ח'לת אל עין סמ3 3,א-טור
ח'לת אל עין סמ3 4,א-טור
ח'לת אל עין סמ3 7,א-טור
ח'לת אל עין סמ3 9,א-טור
ח'לת אל עין סמ4 10,א-טור
ח'לת אל עין סמ4 15,א-טור
ח'לת אל עין סמ4 18,א-טור
ח'לת אל עין סמ4 5,א-טור
ח'לת אל עין סמ5 10,א-טור
ח'לת אל עין סמ5 11,א-טור
ח'לת אל עין סמ5 8,א-טור
ח'לת אל עין סמ5 9999,א-טור
ח'לת משעל 10,בית חנינא
ח'לת משעל 11,בית חנינא
ח'לת משעל 12,בית חנינא
ח'לת משעל 13,בית חנינא
ח'לת משעל 14,בית חנינא
ח'לת משעל 17,בית חנינא
ח'לת משעל 19,בית חנינא
ח'לת משעל 2,בית חנינא
ח'לת משעל 21,בית חנינא
ח'לת משעל 22,בית חנינא
ח'לת משעל 23,בית חנינא
ח'לת משעל 24,בית חנינא
ח'לת משעל 26,בית חנינא
ח'לת משעל 27,בית חנינא
ח'לת משעל 28,בית חנינא
ח'לת משעל 29,בית חנינא
ח'לת משעל 31,בית חנינא
ח'לת משעל 35,בית חנינא
ח'לת משעל 36,בית חנינא
ח'לת משעל 37,בית חנינא
ח'לת משעל 38,בית חנינא
ח'לת משעל 4,בית חנינא
ח'לת משעל 40,בית חנינא
ח'לת משעל 48,בית חנינא
ח'לת משעל 50,בית חנינא
ח'לת משעל 7,בית חנינא
ח'לת משעל סמ10 11,בית חנינא
ח'לת משעל סמ10 13,בית חנינא
ח'לת משעל סמ10 15,בית חנינא
ח'לת משעל סמ10 3,בית חנינא
ח'לת משעל סמ10 7,בית חנינא
ח'לת משעל סמ8 9,בית חנינא
ח'לת משעל סמ9 1,בית חנינא
ח'לת משעל סמ9 2,בית חנינא
ח'לת משעל סמ9 3,בית חנינא
ח'לת משעל סמ9 4,בית חנינא
ח'לת סינאד 1,בית חנינא
ח'לת סינאד 12,בית חנינא
ח'לת סינאד 13,בית חנינא
ח'לת סינאד 15,בית חנינא
ח'לת סינאד 16,בית חנינא
ח'לת סינאד 17,בית חנינא
ח'לת סינאד 18,בית חנינא
ח'לת סינאד 21,בית חנינא
ח'לת סינאד 22,בית חנינא
ח'לת סינאד 23,בית חנינא
ח'לת סינאד 25,בית חנינא
ח'לת סינאד 28,בית חנינא
ח'לת סינאד 3,בית חנינא
ח'לת סינאד 30,בית חנינא
ח'לת סינאד 36,בית חנינא
ח'לת סינאד 38,בית חנינא
ח'לת סינאד 40,בית חנינא
ח'לת סינאד 5,בית חנינא
ח'לת סינאד 9,בית חנינא
ח'לת סינאד סמ4 2,בית חנינא
ח'לת סינאד סמ6 4,בית חנינא
ח'רובה 10,עיסוויה
ח'רובה 13,עיסוויה
ח'רובה 25,עיסוויה
ח'רובה 3,עיסוויה
ח'רובה 7,עיסוויה
ח'רובה 9,עיסוויה
ח'רובה סמ5 3,עיסוויה
חאפז איבראהים 1,שועפאט
חאפז איבראהים 11,שועפאט
חאפז איבראהים 14,שועפאט
חאפז איבראהים 15,שועפאט
חאפז איבראהים 16,שועפאט
חאפז איבראהים 17,שועפאט
חאפז איבראהים 18,שועפאט
חאפז איבראהים 19,שועפאט
חאפז איבראהים 5,שועפאט
חאפז איבראהים 6,שועפאט
חאפז איבראהים 9,שועפאט
חאפז איבראהים סמ3 10,שועפאט
חאפז איבראהים סמ3 4,שועפאט
חאפז איבראהים סמ3 6,שועפאט
חאפז איבראהים סמ3 7,שועפאט
חאפז איבראהים סמ3 8,שועפאט
חאפז איבראהים סמ3 9,שועפאט
חארת אל-נצארה 1,א-טור
חארת אל-נצארה 2,א-טור
חארת אל-נצארה 3,א-טור
חארת אל-נצארה 4,א-טור
חארת אל-נצארה 5,א-טור
חארת אל-נצארה 7,א-טור
חארת אל-נצארה 9,א-טור
חארת אל-נצארה 9999,א-טור
חארת אל-נצארה סמ1 9,א-טור
חארת אל-נצארה סמ2 1,א-טור
חארת אל-נצארה סמ2 3,א-טור
חארת אל-נצארה סמ2 5,א-טור
חבד 13,העיר העתיקה
חבד 14,העיר העתיקה
חבד 15,העיר העתיקה
חבד 18,העיר העתיקה
חבד 23,העיר העתיקה
חבד 32,העיר העתיקה
חבד 34,העיר העתיקה
חבד 36,העיר העתיקה
חבד 40,העיר העתיקה
חבד 41,העיר העתיקה
חבד 42,העיר העתיקה
חבד 61,העיר העתיקה
חבד 68,העיר העתיקה
חבד 70,העיר העתיקה
חבד 74,העיר העתיקה
חבד 76,העיר העתיקה
חבד 78,העיר העתיקה
חבד 82,העיר העתיקה
חבד 86,העיר העתיקה
חבד 9,העיר העתיקה
חבד 90,העיר העתיקה
חבד 94,העיר העתיקה
חבד 96,העיר העתיקה
חבד 98,העיר העתיקה
חביב אבשלום 10,תלפיות מזרח
חביב אבשלום 103,תלפיות מזרח
חביב אבשלום 105,תלפיות מזרח
חביב אבשלום 12,תלפיות מזרח
חביב אבשלום 14,תלפיות מזרח
חביב אבשלום 16,תלפיות מזרח
חביב אבשלום 18,תלפיות מזרח
חביב אבשלום 2,תלפיות מזרח
חביב אבשלום 20,תלפיות מזרח
חביב אבשלום 22,תלפיות מזרח
חביב אבשלום 24,תלפיות מזרח
חביב אבשלום 26,תלפיות מזרח
חביב אבשלום 28,תלפיות מזרח
חביב אבשלום 30,תלפיות מזרח
חביב אבשלום 32,תלפיות מזרח
חביב אבשלום 34,תלפיות מזרח
חביב אבשלום 4,תלפיות מזרח
חביב אבשלום 6,תלפיות מזרח
חביב אבשלום 8,תלפיות מזרח
חביב חיים 1,קרית היובל
חביב חיים 10,קרית היובל
חביב חיים 12,קרית היובל
חביב חיים 14,קרית היובל
חביב חיים 3,קרית היובל
חביב חיים 7,קרית היובל
חבקוק 14,גאולה
חברת שס 13,מאה שערים
חברת שס 14,מאה שערים
חברת שס 16,מאה שערים
חברת שס 18,מאה שערים
חברת שס 20,מאה שערים
חברת שס 22,מאה שערים
חברת שס 24,מאה שערים
חברת שס 26,מאה שערים
חברת שס 28,מאה שערים
חברת שס 30,מאה שערים
חברת שס 4,מאה שערים
חברת שס 42,מאה שערים
חברת שס 44,מאה שערים
חברת שס 6,מאה שערים
חברת שס 7,מאה שערים
חברת תהילים 11,מאה שערים
חברת תהילים 5,מאה שערים
חברת תהילים 7,מאה שערים
חברת תהילים 9,מאה שערים
חגי 10,גאולה
חגי 12,גאולה
חגי 3,גאולה
חגי 32,גאולה
חגי 5,גאולה
חגי 8,גאולה
חגיז משה 1,גאולה
חגיז משה 10,גאולה
חגיז משה 12,גאולה
חגיז משה 13,גאולה
חגיז משה 15,גאולה
חגיז משה 16,גאולה
חגיז משה 18,גאולה
חגיז משה 2,גאולה
חגיז משה 20,גאולה
חגיז משה 21,גאולה
חגיז משה 23,גאולה
חגיז משה 5,גאולה
חגיז משה 6,גאולה
חגיז משה 8,גאולה
חובב משה 2,בית הכרם
חובב משה 3,בית הכרם
חובב משה 4,בית הכרם
חובב משה 5,בית הכרם
חובב משה 7,בית הכרם
חובבי ציון 11,טלביה
חובבי ציון 12,טלביה
חובבי ציון 13,טלביה
חובבי ציון 15,טלביה
חובבי ציון 16,טלביה
חובבי ציון 17,טלביה
חובבי ציון 19,טלביה
חובבי ציון 2,טלביה
חובבי ציון 20,טלביה
חובבי ציון 21,טלביה
חובבי ציון 22,טלביה
חובבי ציון 23,טלביה
חובבי ציון 24,טלביה
חובבי ציון 27,טלביה
חובבי ציון 3,טלביה
חובבי ציון 4,טלביה
חובבי ציון 5,טלביה
חובבי ציון 6,טלביה
חובבי ציון 7,טלביה
חובבי ציון 8,טלביה
חובבי ציון 9,טלביה
חולדה הנביאה 1,מוסררה
חולדה הנביאה 10,מוסררה
חולדה הנביאה 2,מוסררה
חולדה הנביאה 3,מוסררה
חולדה הנביאה 4,מוסררה
חולדה הנביאה 5,מוסררה
חולדה הנביאה 6,מוסררה
חולדה הנביאה 7,מוסררה
חולדה הנביאה 8,מוסררה
חולדה הנביאה 9,מוסררה
חומת הצלפים 20,עין כרם
חומת הצלפים 78,עין כרם
חוני המעגל 1,מאה שערים
חוני המעגל 11,מאה שערים
חוני המעגל 12,מאה שערים
חוני המעגל 13,מאה שערים
חוני המעגל 14,מאה שערים
חוני המעגל 15,מאה שערים
חוני המעגל 17,מאה שערים
חוני המעגל 19,מאה שערים
חוני המעגל 25,מאה שערים
חוני המעגל 3,מאה שערים
חוני המעגל 5,מאה שערים
חוני המעגל 7,מאה שערים
חוני המעגל 9,מאה שערים
חוש א שוויש,העיר העתיקה
חוש א שוויש 13,העיר העתיקה
חוש א שוויש 19,העיר העתיקה
חוש א שוויש 3,העיר העתיקה
חוש א שוויש 5,העיר העתיקה
חוש א שוויש 9,העיר העתיקה
חוש א שוויש 99,העיר העתיקה
חוש א שוויש 9999,העיר העתיקה
חוש אל-אעור 1,ראס אל-עמוד
חוש אל-אעור 11,ראס אל-עמוד
חוש אל-אעור 12,ראס אל-עמוד
חוש אל-אעור 13,ראס אל-עמוד
חוש אל-אעור 18,ראס אל-עמוד
חוש אל-אעור 20,ראס אל-עמוד
חוש אל-אעור 21,ראס אל-עמוד
חוש אל-אעור 22,ראס אל-עמוד
חוש אל-אעור 24,ראס אל-עמוד
חוש אל-אעור 25,ראס אל-עמוד
חוש אל-אעור 30,ראס אל-עמוד
חוש אל-אעור 33,ראס אל-עמוד
חוש אל-אעור 35,ראס אל-עמוד
חוש אל-אעור 37,ראס אל-עמוד
חוש אל-אעור 39,ראס אל-עמוד
חוש אל-אעור 4,ראס אל-עמוד
חוש אל-אעור 43,ראס אל-עמוד
חוש אל-אעור 46,ראס אל-עמוד
חוש אל-אעור 47,ראס אל-עמוד
חוש אל-אעור 48,ראס אל-עמוד
חוש אל-אעור 5,ראס אל-עמוד
חוש אל-אעור 50,ראס אל-עמוד
חוש אל-אעור 52,ראס אל-עמוד
חוש אל-אעור 54,ראס אל-עמוד
חוש אל-אעור 55,ראס אל-עמוד
חוש אל-אעור 57,ראס אל-עמוד
חוש אל-אעור 6,ראס אל-עמוד
חוש אל-אעור 63,ראס אל-עמוד
חוש אל-אעור 67,ראס אל-עמוד
חוש אל-אעור 7,ראס אל-עמוד
חוש אל-אעור 74,ראס אל-עמוד
חוש אל-אעור 784,ראס אל-עמוד
חוש אל-אעור 8,ראס אל-עמוד
חוש אל-אעור 999,ראס אל-עמוד
חוש אל-אעור סמ1 2,ראס אל-עמוד
חוש אל-אעור סמ3 12,ראס אל-עמוד
חוש אל-אעור סמ4 5,ראס אל-עמוד
חוש מראע'ה 12,סילואן
חוש מראע'ה 148,סילואן
חוש מראע'ה 4,סילואן
חוש מראע'ה 6,סילואן
חזון איש 10,רמת שלמה
חזון איש 11,רמת שלמה
חזון איש 13,רמת שלמה
חזון איש 14,רמת שלמה
חזון איש 15,רמת שלמה
חזון איש 16,רמת שלמה
חזון איש 17,רמת שלמה
חזון איש 18,רמת שלמה
חזון איש 19,רמת שלמה
חזון איש 2,רמת שלמה
חזון איש 20,רמת שלמה
חזון איש 22,רמת שלמה
חזון איש 23,רמת שלמה
חזון איש 25,רמת שלמה
חזון איש 27,רמת שלמה
חזון איש 3,רמת שלמה
חזון איש 33,רמת שלמה
חזון איש 35,רמת שלמה
חזון איש 37,רמת שלמה
חזון איש 39,רמת שלמה
חזון איש 4,רמת שלמה
חזון איש 41,רמת שלמה
חזון איש 43,רמת שלמה
חזון איש 46,רמת שלמה
חזון איש 48,רמת שלמה
חזון איש 49,רמת שלמה
חזון איש 5,רמת שלמה
חזון איש 50,רמת שלמה
חזון איש 51,רמת שלמה
חזון איש 52,רמת שלמה
חזון איש 54,רמת שלמה
חזון איש 56,רמת שלמה
חזון איש 6,רמת שלמה
חזון איש 7,רמת שלמה
חזון איש 8,רמת שלמה
חזון ציון 10,בית הכרם
חזון ציון 14,בית הכרם
חזון ציון 7,בית הכרם
חזון ציון 8,בית הכרם
חזון ציון 9,בית הכרם
חזנוביץ 5,מאה שערים
חזקיהו המלך 1,המושבה הגרמנית
חזקיהו המלך 10,קטמון
חזקיהו המלך 12,קטמון
חזקיהו המלך 16,קטמון
חזקיהו המלך 18,קטמון
חזקיהו המלך 20,קטמון
חזקיהו המלך 21,קטמון
חזקיהו המלך 26,קטמון
חזקיהו המלך 28,קטמון
חזקיהו המלך 30,קטמון
חזקיהו המלך 31,קטמון
חזקיהו המלך 32,קטמון
חזקיהו המלך 39,קטמון
חזקיהו המלך 41,קטמון
חזקיהו המלך 42,קטמון
חזקיהו המלך 43,קטמון
חזקיהו המלך 45,קטמון
חזקיהו המלך 46,קטמון
חזקיהו המלך 47,קטמון
חזקיהו המלך 49,קטמון
חזקיהו המלך 50,קטמון
חזקיהו המלך 51,קטמון
חזקיהו המלך 53,קטמון
חזקיהו המלך 55,קטמון
חזקיהו המלך 57,קטמון
חזקיהו המלך 59,קטמון
חזקיהו המלך 8,קטמון
חטיבת גבעתי 10,פסגת זאב
חטיבת גבעתי 12,פסגת זאב
חטיבת גבעתי 14,פסגת זאב
חטיבת גבעתי 16,פסגת זאב
חטיבת גבעתי 3,פסגת זאב
חטיבת גבעתי 4,פסגת זאב
חטיבת גבעתי 5,פסגת זאב
חטיבת גבעתי 6,פסגת זאב
חטיבת גבעתי 7,פסגת זאב
חטיבת גבעתי 8,פסגת זאב
חי אל-מדארס,ג'בל מוכבר
חי אל-מדארס 100,ג'בל מוכבר
חי אל-מדארס 101,ג'בל מוכבר
חי אל-מדארס 103,ג'בל מוכבר
חי אל-מדארס 106,ג'בל מוכבר
חי אל-מדארס 107,ג'בל מוכבר
חי אל-מדארס 109,ג'בל מוכבר
חי אל-מדארס 11,ג'בל מוכבר
חי אל-מדארס 111,ג'בל מוכבר
חי אל-מדארס 113,ג'בל מוכבר
חי אל-מדארס 115,ג'בל מוכבר
חי אל-מדארס 116,ג'בל מוכבר
חי אל-מדארס 117,ג'בל מוכבר
חי אל-מדארס 122,ג'בל מוכבר
חי אל-מדארס 123,ג'בל מוכבר
חי אל-מדארס 124,ג'בל מוכבר
חי אל-מדארס 125,ג'בל מוכבר
חי אל-מדארס 127,ג'בל מוכבר
חי אל-מדארס 129,ג'בל מוכבר
חי אל-מדארס 13,ג'בל מוכבר
חי אל-מדארס 130,ג'בל מוכבר
חי אל-מדארס 133,ג'בל מוכבר
חי אל-מדארס 135,ג'בל מוכבר
חי אל-מדארס 139,ג'בל מוכבר
חי אל-מדארס 142,ג'בל מוכבר
חי אל-מדארס 145,ג'בל מוכבר
חי אל-מדארס 146,ג'בל מוכבר
חי אל-מדארס 147,ג'בל מוכבר
חי אל-מדארס 149,ג'בל מוכבר
חי אל-מדארס 151,ג'בל מוכבר
חי אל-מדארס 153,ג'בל מוכבר
חי אל-מדארס 16,ג'בל מוכבר
חי אל-מדארס 163,ג'בל מוכבר
חי אל-מדארס 179,ג'בל מוכבר
חי אל-מדארס 183,ג'בל מוכבר
חי אל-מדארס 187,ג'בל מוכבר
חי אל-מדארס 191,ג'בל מוכבר
חי אל-מדארס 193,ג'בל מוכבר
חי אל-מדארס 195,ג'בל מוכבר
חי אל-מדארס 197,ג'בל מוכבר
חי אל-מדארס 198,ג'בל מוכבר
חי אל-מדארס 200,ג'בל מוכבר
חי אל-מדארס 201,ג'בל מוכבר
חי אל-מדארס 203,ג'בל מוכבר
חי אל-מדארס 205,ג'בל מוכבר
חי אל-מדארס 207,ג'בל מוכבר
חי אל-מדארס 21,ג'בל מוכבר
חי אל-מדארס 213,ג'בל מוכבר
חי אל-מדארס 215,ג'בל מוכבר
חי אל-מדארס 3,ג'בל מוכבר
חי אל-מדארס 30,ג'בל מוכבר
חי אל-מדארס 41,ג'בל מוכבר
חי אל-מדארס 42,ג'בל מוכבר
חי אל-מדארס 5,ג'בל מוכבר
חי אל-מדארס 51,ג'בל מוכבר
חי אל-מדארס 52,ג'בל מוכבר
חי אל-מדארס 54,ג'בל מוכבר
חי אל-מדארס 62,ג'בל מוכבר
חי אל-מדארס 69,ג'בל מוכבר
חי אל-מדארס 70,ג'בל מוכבר
חי אל-מדארס 72,ג'בל מוכבר
חי אל-מדארס 73,ג'בל מוכבר
חי אל-מדארס 76,ג'בל מוכבר
חי אל-מדארס 77,ג'בל מוכבר
חי אל-מדארס 78,ג'בל מוכבר
חי אל-מדארס 79,ג'בל מוכבר
חי אל-מדארס 82,ג'בל מוכבר
חי אל-מדארס 83,ג'בל מוכבר
חי אל-מדארס 86,ג'בל מוכבר
חי אל-מדארס 87,ג'בל מוכבר
חי אל-מדארס 92,ג'בל מוכבר
חי אל-מדארס 94,ג'בל מוכבר
חי אל-מדארס 95,ג'בל מוכבר
חי אל-מדארס 96,ג'בל מוכבר
חי אל-מדארס 97,ג'בל מוכבר
חי אל-מדארס 98,ג'בל מוכבר
חי אל-מדארס 999,ג'בל מוכבר
חי אל-מדארס סמ1 1,ג'בל מוכבר
חי אל-מדארס סמ1 2,ג'בל מוכבר
חי אל-מדארס סמ1 36,ג'בל מוכבר
חי אל-מדארס סמ10 1,ג'בל מוכבר
חי אל-מדארס סמ10 24,ג'בל מוכבר
חי אל-מדארס סמ10 3,ג'בל מוכבר
חי אל-מדארס סמ11 2,ג'בל מוכבר
חי אל-מדארס סמ11 6,ג'בל מוכבר
חי אל-מדארס סמ11 8,ג'בל מוכבר
חי אל-מדארס סמ13 1,ג'בל מוכבר
חי אל-מדארס סמ13 9999,ג'בל מוכבר
חי אל-מדארס סמ15 1,ג'בל מוכבר
חי אל-מדארס סמ15 3,ג'בל מוכבר
חי אל-מדארס סמ15 7,ג'בל מוכבר
חי אל-מדארס סמ3 4,ג'בל מוכבר
חי אל-מדארס סמ3 8,ג'בל מוכבר
חי אל-מדארס סמ4 185,ג'בל מוכבר
חי אל-מדארס סמ4 5,ג'בל מוכבר
חי אל-מדארס סמ5 28,ג'בל מוכבר
חי אל-מדארס סמ5 34,ג'בל מוכבר
חי אל-מדארס סמ5 5,ג'בל מוכבר
חי אל-מדארס סמ5 7,ג'בל מוכבר
חי אל-מדארס סמ5 8,ג'בל מוכבר
חי אל-מדארס סמ6 1,ג'בל מוכבר
חי אל-מדארס סמ6 14,ג'בל מוכבר
חי אל-מדארס סמ6 18,ג'בל מוכבר
חי אל-מדארס סמ6 2,ג'בל מוכבר
חי אל-מדארס סמ6 3,ג'בל מוכבר
חי אל-מדארס סמ6 4,ג'בל מוכבר
חי אל-מדארס סמ6 5,ג'בל מוכבר
חי אל-מדארס סמ6 8,ג'בל מוכבר
חי אל-מדארס סמ7 1,ג'בל מוכבר
חי אל-מדארס סמ7 10,ג'בל מוכבר
חי אל-מדארס סמ7 12,ג'בל מוכבר
חי אל-מדארס סמ7 13,ג'בל מוכבר
חי אל-מדארס סמ7 19,ג'בל מוכבר
חי אל-מדארס סמ7 21,ג'בל מוכבר
חי אל-מדארס סמ7 3,ג'בל מוכבר
חי אל-מדארס סמ7 5,ג'בל מוכבר
חי אל-מדארס סמ7 6,ג'בל מוכבר
חי אל-מדארס סמ7 7,ג'בל מוכבר
חי אל-מדארס סמ7 8,ג'בל מוכבר
חי אל-מדארס סמ8 2,ג'בל מוכבר
חי אל-מדארס סמ8 3,ג'בל מוכבר
חי אל-מדארס סמ8 4,ג'בל מוכבר
חי אל-מדארס סמ8 7,ג'בל מוכבר
חי אל-מדארס סמ8 9999,ג'בל מוכבר
חי אל-מדארס סמ9 1,ג'בל מוכבר
חי אל-מדארס סמ9 19,ג'בל מוכבר
חי אל-מדארס סמ9 2,ג'בל מוכבר
חי אל-מדארס סמ9 5,ג'בל מוכבר
חי אל-מדארס סמ9 7,ג'בל מוכבר
חי בשיר 10,ג'בל מוכבר
חי בשיר 11,ג'בל מוכבר
חי בשיר 12,ג'בל מוכבר
חי בשיר 14,ג'בל מוכבר
חי בשיר 16,ג'בל מוכבר
חי בשיר 18,ג'בל מוכבר
חי בשיר 19,ג'בל מוכבר
חי בשיר 20,ג'בל מוכבר
חי בשיר 22,ג'בל מוכבר
חי בשיר 24,ג'בל מוכבר
חי בשיר 25,ג'בל מוכבר
חי בשיר 30,ג'בל מוכבר
חי בשיר 32,ג'בל מוכבר
חי בשיר 34,ג'בל מוכבר
חי בשיר 37,ג'בל מוכבר
חי בשיר 41,ג'בל מוכבר
חי בשיר 9,ג'בל מוכבר
חי בשיר 999,ג'בל מוכבר
חי בשיר סמ1 10,ג'בל מוכבר
חי בשיר סמ1 13,ג'בל מוכבר
חי בשיר סמ1 3,ג'בל מוכבר
חי בשיר סמ1 9,ג'בל מוכבר
חי בשיר סמ2 5,ג'בל מוכבר
חי בשיר סמ2 8,ג'בל מוכבר
חי בשיר סמ2 9,ג'בל מוכבר
חי בשיר סמ3 12,ג'בל מוכבר
חי בשיר סמ3 4,ג'בל מוכבר
חי בשיר סמ3 6,ג'בל מוכבר
חי בשיר סמ4 12,ג'בל מוכבר
חי בשיר סמ4 14,ג'בל מוכבר
חי בשיר סמ4 8,ג'בל מוכבר
חי בשיר סמ6 10,ג'בל מוכבר
חי בשיר סמ6 11,ג'בל מוכבר
חי בשיר סמ6 3,ג'בל מוכבר
חי בשיר סמ6 5,ג'בל מוכבר
חי בשיר סמ6 7,ג'בל מוכבר
חי בשיר סמ8,ג'בל מוכבר
חי בשיר סמ8 11,ג'בל מוכבר
חי בשיר סמ8 13,ג'בל מוכבר
חי בשיר סמ8 5,ג'בל מוכבר
חי בשיר סמ8 9,ג'בל מוכבר
חי בשיר סמ8 9999,ג'בל מוכבר
חי זע'ייר 12,כפר עקב
חי זע'ייר 17,כפר עקב
חי זע'ייר 6,כפר עקב
חי זע'ייר 72,כפר עקב
חי זע'ייר סמ1 10,כפר עקב
חי זע'ייר סמ2 9999,כפר עקב
חי זע'ייר סמ3 13,כפר עקב
חי זע'ייר סמ3 14,כפר עקב
חי זע'ייר סמ3 7,כפר עקב
חי זע'ייר סמ3 8,כפר עקב
חי זע'ייר סמ4 1,כפר עקב
חי זע'ייר סמ4 2,כפר עקב
חי זע'ייר סמ4 4,כפר עקב
חי זע'ייר סמ4 9999,כפר עקב
חי זע'ייר סמ6 5,כפר עקב
חיבר 2,בוכרים
חיבר 4,בוכרים
חיבר 6,בוכרים
חיבר 7,בוכרים
חיי אדם 14,מאה שערים
חיי אדם 16,מאה שערים
חיי אדם 18,מאה שערים
חיי אדם 20,מאה שערים
חיי אדם 28,מאה שערים
חיי אדם 30,מאה שערים
חיי אדם 34,מאה שערים
חיי אדם 8,מאה שערים
חיים דוד הלוי 1,פסגת זאב
חיים דוד הלוי 10,פסגת זאב
חיים דוד הלוי 11,פסגת זאב
חיים דוד הלוי 12,פסגת זאב
חיים דוד הלוי 14,פסגת זאב
חיים דוד הלוי 2,פסגת זאב
חיים דוד הלוי 24,פסגת זאב
חיים דוד הלוי 3,פסגת זאב
חיים דוד הלוי 4,פסגת זאב
חיים דוד הלוי 5,פסגת זאב
חיים דוד הלוי 6,פסגת זאב
חיים דוד הלוי 8,פסגת זאב
חיים דוד הלוי 9,פסגת זאב
חיים עוזר 11,בית ישראל
חיים עוזר 15,בית ישראל
חיים עוזר 17,בית ישראל
חיים עוזר 18,בית ישראל
חיים עוזר 19,בית ישראל
חיים עוזר 21,בית ישראל
חיים עוזר 23,בית ישראל
חיים עוזר 25,בית ישראל
חיים עוזר 27,בית ישראל
חיים עוזר 3,בית ישראל
חיים עוזר 32,בית ישראל
חיים עוזר 33,בית ישראל
חיים עוזר 35,בית ישראל
חיים עוזר 36,בית ישראל
חיים עוזר 38,בית ישראל
חיים עוזר 40,בית ישראל
חיים עוזר 41,בית ישראל
חיים עוזר 49,בית ישראל
חיים עוזר 5,בית ישראל
חיים עוזר 51,בית ישראל
חיים עוזר 53,בית ישראל
חיל האויר 10,פסגת זאב
חיל האויר 11,פסגת זאב
חיל האויר 12,פסגת זאב
חיל האויר 13,פסגת זאב
חיל האויר 14,פסגת זאב
חיל האויר 16,פסגת זאב
חיל האויר 17,פסגת זאב
חיל האויר 21,פסגת זאב
חיל האויר 23,פסגת זאב
חיל האויר 25,פסגת זאב
חיל האויר 27,פסגת זאב
חיל האויר 29,פסגת זאב
חיל האויר 31,פסגת זאב
חיל האויר 33,פסגת זאב
חיל האויר 37,פסגת זאב
חיל האויר 39,פסגת זאב
חיל האויר 41,פסגת זאב
חיל האויר 43,פסגת זאב
חיל האויר 45,פסגת זאב
חיל האויר 47,פסגת זאב
חיל האויר 50,פסגת זאב
חיל האויר 52,פסגת זאב
חיל האויר 53,פסגת זאב
חיל האויר 54,פסגת זאב
חיל האויר 55,פסגת זאב
חיל האויר 56,פסגת זאב
חיל האויר 57,פסגת זאב
חיל האויר 6,פסגת זאב
חיל האויר 71,פסגת זאב
חיל האויר 73,פסגת זאב
חיל האויר 8,פסגת זאב
חיל הקשר 10,פסגת זאב
חיל הקשר 12,פסגת זאב
חיל הקשר 2,פסגת זאב
חיל הקשר 6,פסגת זאב
חיל הקשר 8,פסגת זאב
חיל חמוש 13,פסגת זאב
חיל חמוש 3,פסגת זאב
חיל חמוש 5,פסגת זאב
חיל נשים 1,קטמון
חיל נשים 2,קטמון
חיל נשים 3,קטמון
חיל נשים 5,קטמון
חיל נשים 6,קטמון
חיל נשים 7,קטמון
חיל נשים 9,קטמון
חירם 5,רוממה
חירם 7,רוממה
חירם 9,רוממה
חכים אליהו 13,תלפיות מזרח
חכים אליהו 15,תלפיות מזרח
חכים אליהו 17,תלפיות מזרח
חכים אליהו 19,תלפיות מזרח
חכים אליהו 21,תלפיות מזרח
חכים אליהו 23,תלפיות מזרח
חכים אליהו 25,תלפיות מזרח
חכים אליהו 26,תלפיות מזרח
חכים אליהו 27,תלפיות מזרח
חכים אליהו 28,תלפיות מזרח
חכים אליהו 29,תלפיות מזרח
חכים אליהו 30,תלפיות מזרח
חכים אליהו 31,תלפיות מזרח
חכים אליהו 32,תלפיות מזרח
חכים אליהו 33,תלפיות מזרח
חכים אליהו 34,תלפיות מזרח
חכים אליהו 35,תלפיות מזרח
חכים אליהו 36,תלפיות מזרח
חכים אליהו 37,תלפיות מזרח
חכים אליהו 38,תלפיות מזרח
חכים אליהו 39,תלפיות מזרח
חכים אליהו 40,תלפיות מזרח
חכים אליהו 41,תלפיות מזרח
חכים אליהו 42,תלפיות מזרח
חכים אליהו 43,תלפיות מזרח
חכים אליהו 44,תלפיות מזרח
חכים אליהו 45,תלפיות מזרח
חכים אליהו 47,תלפיות מזרח
חכים אליהו 49,תלפיות מזרח
חכים אליהו 51,תלפיות מזרח
חכים אליהו 53,תלפיות מזרח
חכים אליהו 55,תלפיות מזרח
חכים אליהו 57,תלפיות מזרח
חכים אליהו 59,תלפיות מזרח
חכים אליהו 61,תלפיות מזרח
חכים אליהו 63,תלפיות מזרח
חכים אליהו 65,תלפיות מזרח
חכים אליהו 67,תלפיות מזרח
חכים אליהו 9,תלפיות מזרח
חכם אברהם 10,מלחה
חכם אברהם 3,מלחה
חכם שלום 11,נחלאות
חכם שלום 13,נחלאות
חכם שלום 15,נחלאות
חכם שלום 17,נחלאות
חכם שלום 19,נחלאות
חכם שלום 21,נחלאות
חכם שלום 3,נחלאות
חכם שלום 4,נחלאות
חכם שלום 5,נחלאות
חכם שלום 7,נחלאות
חכמי יוסף 1,בית וגן
חכמי יוסף 10,בית וגן
חכמי יוסף 11,בית וגן
חכמי יוסף 12,בית וגן
חכמי יוסף 14,בית וגן
חכמי יוסף 16,בית וגן
חכמי יוסף 18,בית וגן
חכמי יוסף 2,בית וגן
חכמי יוסף 21,בית וגן
חכמי יוסף 23,בית וגן
חכמי יוסף 25,בית וגן
חכמי יוסף 27,בית וגן
חכמי יוסף 29,בית וגן
חכמי יוסף 3,בית וגן
חכמי יוסף 31,בית וגן
חכמי יוסף 33,בית וגן
חכמי יוסף 35,בית וגן
חכמי יוסף 38,בית וגן
חכמי יוסף 4,בית וגן
חכמי יוסף 40,בית וגן
חכמי יוסף 41,בית וגן
חכמי יוסף 43,בית וגן
חכמי יוסף 44,בית וגן
חכמי יוסף 45,בית וגן
חכמי יוסף 49,בית וגן
חכמי יוסף 5,בית וגן
חכמי יוסף 51,בית וגן
חכמי יוסף 6,בית וגן
חכמי יוסף 7,בית וגן
חכמי יוסף 8,בית וגן
חכמי יוסף 9,בית וגן
חכמי לובלין 11,בית ישראל
חכמי לובלין 13,בית ישראל
חכמי לובלין 19,בית ישראל
חכמי לובלין 21,בית ישראל
חכמי לובלין 23,בית ישראל
חכמי לובלין 27,בית ישראל
חכמי לובלין 29,בית ישראל
חכמי לובלין 33,בית ישראל
חכמי לובלין 35,בית ישראל
חכמי לובלין 37,בית ישראל
חכמי לובלין 38,בית ישראל
חכמי לובלין 39,בית ישראל
חכמי לובלין 46,בית ישראל
חכמי לובלין 5,בית ישראל
חכמי לובלין 7,בית ישראל
חכמי לובלין 8,בית ישראל
חכמי לובלין 9,בית ישראל
חלחול 4,נחלאות
חלחול 6,נחלאות
חלימה אל-סעדייה,צור באחר
חלימה אל-סעדייה 1,צור באחר
חלימה אל-סעדייה 10,צור באחר
חלימה אל-סעדייה 11,צור באחר
חלימה אל-סעדייה 21,צור באחר
חלימה אל-סעדייה 22,צור באחר
חלימה אל-סעדייה 24,צור באחר
חלימה אל-סעדייה 3,צור באחר
חלימה אל-סעדייה 30,צור באחר
חלימה אל-סעדייה 32,צור באחר
חלימה אל-סעדייה 35,צור באחר
חלימה אל-סעדייה 36,צור באחר
חלימה אל-סעדייה 37,צור באחר
חלימה אל-סעדייה 38,צור באחר
חלימה אל-סעדייה 39,צור באחר
חלימה אל-סעדייה 4,צור באחר
חלימה אל-סעדייה 40,צור באחר
חלימה אל-סעדייה 41,צור באחר
חלימה אל-סעדייה 43,צור באחר
חלימה אל-סעדייה 48,צור באחר
חלימה אל-סעדייה 57,צור באחר
חלימה אל-סעדייה 6,צור באחר
חלימה אל-סעדייה 61,צור באחר
חלימה אל-סעדייה 68,צור באחר
חלימה אל-סעדייה 73,צור באחר
חלימה אל-סעדייה 9,צור באחר
חלימה אל-סעדייה סמ1 5,צור באחר
חלימה אל-סעדייה סמ2 15,צור באחר
חלימה אל-סעדייה סמ2 16,צור באחר
חלימה אל-סעדייה סמ2 20,צור באחר
חלימה אל-סעדייה סמ2 22,צור באחר
חלימה אל-סעדייה סמ2 3,צור באחר
חלימה אל-סעדייה סמ2 6,צור באחר
חלץ 10,בקעה
חלץ 12,בקעה
חלץ 14,בקעה
חלץ 16,בקעה
חלץ 2,בקעה
חלץ 3,בקעה
חלץ 4,בקעה
חלת משעל סמ3 38,בית חנינא
חלת משעל סמ3 40,בית חנינא
חלת משעל סמ3 42,בית חנינא
חמוש 1,א-טור
חמוש 11,א-טור
חמוש 12,א-טור
חמוש 121,א-טור
חמוש 123,א-טור
חמוש 13,א-טור
חמוש 14,א-טור
חמוש 32,א-טור
חמוש 38,א-טור
חמוש 4,א-טור
חמוש 41,א-טור
חמוש 49,א-טור
חמוש 5,א-טור
חמוש 6,א-טור
חמוש 9,א-טור
חמוש סמ1 10,א-טור
חמוש סמ1 22,א-טור
חמוש סמ1 25,א-טור
חמוש סמ1 27,א-טור
חמוש סמ1 7,א-טור
חמוש סמ3 12,א-טור
חמוש סמ3 3,א-טור
חמוש סמ3 4,א-טור
חמוש סמ3 7,א-טור
חמוש סמ3 8,א-טור
חמוש סמ3 9999,א-טור
חמוש סמ5 12,א-טור
חמוש סמ5 9999,א-טור
חנה 10,רוממה
חנה 13,רוממה
חנה 15,רוממה
חנה 17,רוממה
חנה 3,רוממה
חנה 4,רוממה
חנה 5,רוממה
חנה 6,רוממה
חנה 7,רוממה
חנה 8,רוממה
חנה 9,רוממה
חנה רחל מלודמיר 10,הר חומה
חנה רחל מלודמיר 12,הר חומה
חנה רחל מלודמיר 14,הר חומה
חנה רחל מלודמיר 16,הר חומה
חנה רחל מלודמיר 2,הר חומה
חנה רחל מלודמיר 3,הר חומה
חנה רחל מלודמיר 4,הר חומה
חנה רחל מלודמיר 6,הר חומה
חנה רחל מלודמיר 8,הר חומה
חנינא שיף 10,רמות
חנינא שיף 3,רמות
חנינא שיף 5,רמות
חנינא שיף 7,רמות
חנינא שיף 8,רמות
חנן 15,מאה שערים
חננאל 11,גוננים
חננאל 13,גוננים
חננאל 15,גוננים
חננאל 17,גוננים
חננאל 19,גוננים
חננאל 21,גוננים
חננאל 23,גוננים
חננאל 25,גוננים
חננאל 27,גוננים
חננאל 29,גוננים
חננאל 31,גוננים
חננאל 33,גוננים
חננאל 35,גוננים
חננאל 7,גוננים
חננאל 9,גוננים
חנניה 3,המושבה הגרמנית
חנניה 5,המושבה הגרמנית
חנניה 6,המושבה הגרמנית
חנניה 7,המושבה הגרמנית
חנניה 9,המושבה הגרמנית
חסד לאברהם 1,מאה שערים
חסד לאברהם 2,מאה שערים
חסד לאברהם 4,מאה שערים
חסד לאברהם 8,מאה שערים
חסדא 2,קטמון
חסדא 3,קטמון
חסדא 4,קטמון
חסדא 5,קטמון
חסידוב 1,גבעת משואה
חסידוב 2,גבעת משואה
חסידוב 3,גבעת משואה
חסידוב 4,גבעת משואה
חסידוב 5,גבעת משואה
חסידוב 6,גבעת משואה
חפץ חיים 12,גאולה
חפץ חיים 14,גאולה
חפץ חיים 16,גאולה
חפץ חיים 18,גאולה
חפץ חיים 19,גאולה
חפץ חיים 2,גאולה
חפץ חיים 20,גאולה
חפץ חיים 21,גאולה
חפץ חיים 22,גאולה
חפץ חיים 23,גאולה
חפץ חיים 24,גאולה
חפץ חיים 25,גאולה
חפץ חיים 26,גאולה
חפץ חיים 27,גאולה
חפץ חיים 28,גאולה
חפץ חיים 3,גאולה
חפץ חיים 33,גאולה
חפץ חיים 35,גאולה
חפץ חיים 36,גאולה
חפץ חיים 37,גאולה
חפץ חיים 38,גאולה
חפץ חיים 39,גאולה
חפץ חיים 40,גאולה
חפץ חיים 41,גאולה
חפץ חיים 42,גאולה
חפץ חיים 43,גאולה
חפץ חיים 46,גאולה
חפץ חיים 47,גאולה
חפץ חיים 48,גאולה
חפץ חיים 5,גאולה
חפץ חיים 50,גאולה
חפץ חיים 51,גאולה
חפץ חיים 53,גאולה
חפץ חיים 57,גאולה
חפץ חיים 6,גאולה
חצור 10,נחלאות
חצור 14,נחלאות
חצור 4,נחלאות
חצור 6,נחלאות
חקלאי זאב 10,בית וגן
חקלאי זאב 11,בית וגן
חקלאי זאב 6,בית וגן
חקלאי זאב 8,בית וגן
חרלפ 11,טלביה
חרלפ 12,טלביה
חרלפ 13,טלביה
חרלפ 14,טלביה
חרלפ 19,טלביה
חרלפ 22,טלביה
חרלפ 24,טלביה
חרלפ 25,טלביה
חרלפ 26,טלביה
חרלפ 27,טלביה
חרלפ 28,טלביה
חרלפ 3,טלביה
חרלפ 30,טלביה
חרלפ 31,טלביה
חרלפ 32,טלביה
חרלפ 33,טלביה
חרלפ 34,טלביה
חרלפ 36,טלביה
חרלפ 37,טלביה
חרלפ 39,טלביה
חרלפ 40,טלביה
חרלפ 42,טלביה
חרלפ 43,טלביה
חרלפ 44,טלביה
חרלפ 46,טלביה
חרלפ 47,טלביה
חרלפ 48,טלביה
חרלפ 50,טלביה
חרלפ 52,טלביה
חרלפ 54,טלביה
חרלפ 56,טלביה
חרלפ 6,טלביה
חרלפ 7,טלביה
חרלפ 9,טלביה
חתם סופר 1,נחלאות
חתם סופר 4,נחלאות
חתם סופר 6,נחלאות
טבריה 10,נחלאות
טבריה 11,נחלאות
טבריה 12,נחלאות
טבריה 13,נחלאות
טבריה 14,נחלאות
טבריה 15,נחלאות
טבריה 16,נחלאות
טבריה 17,נחלאות
טבריה 21,נחלאות
טבריה 22,נחלאות
טבריה 23,נחלאות
טבריה 24,נחלאות
טבריה 25,נחלאות
טבריה 26,נחלאות
טבריה 27,נחלאות
טבריה 28,נחלאות
טבריה 29,נחלאות
טבריה 3,נחלאות
טבריה 30,נחלאות
טבריה 31,נחלאות
טבריה 33,נחלאות
טבריה 34,נחלאות
טבריה 35,נחלאות
טבריה 37,נחלאות
טבריה 39,נחלאות
טבריה 4,נחלאות
טבריה 5,נחלאות
טבריה 6,נחלאות
טבריה 7,נחלאות
טבריה 8,נחלאות
טבריה 9,נחלאות
טדסקי גד 1,תלפיות מזרח
טדסקי גד 3,תלפיות מזרח
טדסקי גד 4,תלפיות מזרח
טדסקי גד 6,תלפיות מזרח
טדסקי גד 7,תלפיות מזרח
טהא חוסיין 1,בית חנינא
טהא חוסיין 10,בית חנינא
טהא חוסיין 11,בית חנינא
טהא חוסיין 26,בית חנינא
טהא חוסיין 30,בית חנינא
טהא חוסיין 34,בית חנינא
טהא חוסיין 36,בית חנינא
טהא חוסיין 50,בית חנינא
טהא חוסיין 52,בית חנינא
טהא חוסיין 54,בית חנינא
טהא חוסיין 56,בית חנינא
טהא חוסיין 58,בית חנינא
טהא חוסיין 60,בית חנינא
טהא חוסיין 62,בית חנינא
טהא חוסיין 64,בית חנינא
טהא חוסיין 66,בית חנינא
טהא חוסיין 9,בית חנינא
טהא חוסיין 9999,בית חנינא
טהא חוסיין סמ3 10,בית חנינא
טהא חוסיין סמ3 11,בית חנינא
טהא חוסיין סמ3 12,בית חנינא
טהא חוסיין סמ3 14,בית חנינא
טהא חוסיין סמ3 2,בית חנינא
טהא חוסיין סמ3 3,בית חנינא
טהא חוסיין סמ3 4,בית חנינא
טהא חוסיין סמ3 6,בית חנינא
טהא חוסיין סמ3 8,בית חנינא
טהא חוסיין סמ3 9,בית חנינא
טהא חוסיין סמ3 9999,בית חנינא
טהון 125,קרית היובל
טהון 14,קרית היובל
טהון 16,קרית היובל
טהון 19,קרית היובל
טהון 6,קרית היובל
טהון 8,קרית היובל
טוב משה 1,בית הכרם
טוב משה 10,בית הכרם
טוב משה 2,בית הכרם
טוב משה 3,בית הכרם
טוב משה 4,בית הכרם
טוב משה 5,בית הכרם
טוב משה 7,בית הכרם
טוב משה 8,בית הכרם
טוביה 2,גוננים
טוביה 4,גוננים
טוביה 6,גוננים
טוביה 8,גוננים
טוניק יצחק 10,פסגת זאב
טוניק יצחק 11,פסגת זאב
טוניק יצחק 13,פסגת זאב
טוניק יצחק 14,פסגת זאב
טוניק יצחק 15,פסגת זאב
טוניק יצחק 16,פסגת זאב
טוניק יצחק 19,פסגת זאב
טוניק יצחק 20,פסגת זאב
טוניק יצחק 22,פסגת זאב
טוניק יצחק 26,פסגת זאב
טוניק יצחק 27,פסגת זאב
טוניק יצחק 28,פסגת זאב
טוניק יצחק 3,פסגת זאב
טוניק יצחק 30,פסגת זאב
טוניק יצחק 32,פסגת זאב
טוניק יצחק 34,פסגת זאב
טוניק יצחק 4,פסגת זאב
טוניק יצחק 5,פסגת זאב
טוניק יצחק 6,פסגת זאב
טוניק יצחק 7,פסגת זאב
טוניק יצחק 8,פסגת זאב
טוניק יצחק 9,פסגת זאב
טור סיני 13,קרית היובל
טור סיני 15,קרית היובל
טור סיני 17,קרית היובל
טור סיני 19,קרית היובל
טור סיני 21,קרית היובל
טור סיני 27,קרית היובל
טור סיני 29,קרית היובל
טור סיני 31,קרית היובל
טורא 11,אבו תור
טורא 12,אבו תור
טורא 13,אבו תור
טורא 14,אבו תור
טורא 15,אבו תור
טורא 17,אבו תור
טורא 20,אבו תור
טורא 22,אבו תור
טורא 23,אבו תור
טורא 24,אבו תור
טורא 25,אבו תור
טורא 27,אבו תור
טורא 28,אבו תור
טורא 29,אבו תור
טורא 3,אבו תור
טורא 30,אבו תור
טורא 31,אבו תור
טורא 33,אבו תור
טורא 34,אבו תור
טורא 35,אבו תור
טורא 37,אבו תור
טורא 38,אבו תור
טורא 39,אבו תור
טורא 40,אבו תור
טורא 7,אבו תור
טורא 8,אבו תור
טחורש כתריאל 10,בית הכרם
טחורש כתריאל 3,בית הכרם
טחורש כתריאל 4,בית הכרם
טחורש כתריאל 5,בית הכרם
טחורש כתריאל 6,בית הכרם
טחורש כתריאל 8,בית הכרם
טיומקין מרדכי 3,גבעת הוורדים
טללים 1,רמות
טללים 10,רמות
טללים 11,רמות
טללים 12,רמות
טללים 13,רמות
טללים 15,רמות
טללים 16,רמות
טללים 17,רמות
טללים 19,רמות
טללים 2,רמות
טללים 21,רמות
טללים 23,רמות
טללים 24,רמות
טללים 25,רמות
טללים 3,רמות
טללים 4,רמות
טללים 5,רמות
טללים 6,רמות
טללים 7,רמות
טללים 8,רמות
טללים 9,רמות
טרומן הרי 27,רמות
טרומן הרי 29,רמות
טרומן הרי 31,רמות
טרומן הרי 33,רמות
טרומן הרי 35,רמות
טרומן הרי 37,רמות
טרומן הרי 39,רמות
טרומן הרי 41,רמות
טרומן הרי 43,רמות
טרומן הרי 45,רמות
טרומן הרי 51,רמות
טרומן הרי 53,רמות
טרומן הרי 55,רמות
טרומפלדור 10,מרכז העיר
טרומפלדור 12,מרכז העיר
טרומפלדור 6,מרכז העיר
טרומפלדור 8,מרכז העיר
טריק אל-מדארס 108,עיסוויה
טריק אל-מדארס 11,עיסוויה
טריק אל-מדארס 15,עיסוויה
טריק אל-מדארס 17,עיסוויה
טריק אל-מדארס 191,עיסוויה
טריק אל-מדארס 2,עיסוויה
טריק אל-מדארס 20,עיסוויה
טריק אל-מדארס 26,עיסוויה
טריק אל-מדארס 29,עיסוויה
טריק אל-מדארס 3,עיסוויה
טריק אל-מדארס 30,עיסוויה
טריק אל-מדארס 31,עיסוויה
טריק אל-מדארס 32,עיסוויה
טריק אל-מדארס 33,עיסוויה
טריק אל-מדארס 35,עיסוויה
טריק אל-מדארס 4,עיסוויה
טריק אל-מדארס 40,עיסוויה
טריק אל-מדארס 48,עיסוויה
טריק אל-מדארס 5,עיסוויה
טריק אל-מדארס 68,עיסוויה
טריק אל-מדארס 7,עיסוויה
טריק אל-מדארס 74,עיסוויה
טריק אל-מדארס 9,עיסוויה
טריק אל-מדארס סמ1 23,עיסוויה
טריק אל-מדארס סמ1 25,עיסוויה
טריק אל-מדארס סמ1 3,עיסוויה
טריק אל-מדארס סמ1 4,עיסוויה
טריק אל-מדארס סמ1 8,עיסוויה
טריק אל-מדארס סמ2 5,עיסוויה
טריק אל-מדארס סמ2 6,עיסוויה
טריק אל-מדארס סמ2 8,עיסוויה
טשרניחובסקי 10,טלביה
טשרניחובסקי 13,טלביה
טשרניחובסקי 14,טלביה
טשרניחובסקי 15,טלביה
טשרניחובסקי 17,טלביה
טשרניחובסקי 19,טלביה
טשרניחובסקי 20,טלביה
טשרניחובסקי 21,טלביה
טשרניחובסקי 22,טלביה
טשרניחובסקי 23,טלביה
טשרניחובסקי 24,טלביה
טשרניחובסקי 25,טלביה
טשרניחובסקי 26,טלביה
טשרניחובסקי 27,טלביה
טשרניחובסקי 28,טלביה
טשרניחובסקי 29,טלביה
טשרניחובסקי 3,טלביה
טשרניחובסקי 30,טלביה
טשרניחובסקי 31,טלביה
טשרניחובסקי 33,טלביה
טשרניחובסקי 34,טלביה
טשרניחובסקי 35,טלביה
טשרניחובסקי 36,טלביה
טשרניחובסקי 37,גבעת הוורדים
טשרניחובסקי 38,טלביה
טשרניחובסקי 39,טלביה
טשרניחובסקי 40,טלביה
טשרניחובסקי 41,טלביה
טשרניחובסקי 43,טלביה
טשרניחובסקי 44,טלביה
טשרניחובסקי 46,גבעת הוורדים
טשרניחובסקי 50,גבעת הוורדים
טשרניחובסקי 51,גבעת הוורדים
טשרניחובסקי 52,גבעת הוורדים
טשרניחובסקי 53,גבעת הוורדים
טשרניחובסקי 54,גבעת הוורדים
טשרניחובסקי 55,גבעת הוורדים
טשרניחובסקי 56,גבעת הוורדים
טשרניחובסקי 57,גבעת הוורדים
טשרניחובסקי 58,גבעת הוורדים
טשרניחובסקי 59,גבעת הוורדים
טשרניחובסקי 6,טלביה
טשרניחובסקי 60,גבעת הוורדים
טשרניחובסקי 61,גבעת הוורדים
טשרניחובסקי 62,גבעת הוורדים
טשרניחובסקי 64,גבעת הוורדים
טשרניחובסקי 65,גבעת הוורדים
טשרניחובסקי 68,גבעת הוורדים
טשרניחובסקי 70,גבעת הוורדים
טשרניחובסקי 72,גבעת הוורדים
טשרניחובסקי 74,גבעת הוורדים
טשרניחובסקי 78,גבעת הוורדים
טשרניחובסקי 8,טלביה
טשרניחובסקי 80,גבעת הוורדים
טשרניחובסקי 9,טלביה
יאיר 1,בקעה
יאיר 3,בקעה
יאיר 4,בקעה
יאיר 5,בקעה
יאיר 6,בקעה
יאיר 7,בקעה
יאיר 8,בקעה
יאקות אל חמווי 11,וואדי אל-ג'וז
יאקות אל חמווי 14,וואדי אל-ג'וז
יאקות אל חמווי 15,וואדי אל-ג'וז
יאקות אל חמווי 19,וואדי אל-ג'וז
יאקות אל חמווי 2,וואדי אל-ג'וז
יאקות אל חמווי 22,וואדי אל-ג'וז
יאקות אל חמווי 4,וואדי אל-ג'וז
יאקות אל חמווי 5,וואדי אל-ג'וז
יאקות אל חמווי 6,וואדי אל-ג'וז
יאקות אל חמווי 7,וואדי אל-ג'וז
יאקות אל חמווי 9,וואדי אל-ג'וז
יגאל 10,רמות
יגאל 12,רמות
יגאל 14,רמות
יגאל 17,רמות
יגאל 18,רמות
יגאל 19,רמות
יגאל 21,רמות
יגאל 23,רמות
יגאל 25,רמות
יגאל 27,רמות
יגאל 29,רמות
יגאל 3,רמות
יגאל 31,רמות
יגאל 33,רמות
יגאל 8,רמות
יד מרדכי 1,קטמון
יד מרדכי 11,קטמון
יד מרדכי 12,קטמון
יד מרדכי 14,קטמון
יד מרדכי 2,קטמון
יד מרדכי 3,קטמון
יד מרדכי 4,קטמון
יד מרדכי 5,קטמון
יד מרדכי 6,קטמון
יד מרדכי 8,קטמון
יד מרדכי 9,קטמון
יהואש 10,המושבה הגרמנית
יהואש 3,המושבה הגרמנית
יהואש 4,המושבה הגרמנית
יהואש 5,המושבה הגרמנית
יהואש 6,המושבה הגרמנית
יהואש 7,המושבה הגרמנית
יהואש 8,המושבה הגרמנית
יהודה 10,בקעה
יהודה 11,בקעה
יהודה 13,בקעה
יהודה 14,בקעה
יהודה 15,בקעה
יהודה 17,בקעה
יהודה 20,בקעה
יהודה 21,בקעה
יהודה 24,בקעה
יהודה 28,בקעה
יהודה 30,בקעה
יהודה 39,בקעה
יהודה 40,בקעה
יהודה 41,בקעה
יהודה 42,בקעה
יהודה 43,מקור חיים
יהודה 47,מקור חיים
יהודה 7,בקעה
יהודה המכבי 1,מקור ברוך
יהודה המכבי 10,מקור ברוך
יהודה המכבי 11,מקור ברוך
יהודה המכבי 12,מקור ברוך
יהודה המכבי 13,מקור ברוך
יהודה המכבי 18,מקור ברוך
יהודה המכבי 4,מקור ברוך
יהודה המכבי 6,מקור ברוך
יהודה המכבי 8,מקור ברוך
יהודה המכבי 9,מקור ברוך
יהודה הנשיא 16,גוננים
יהודה הנשיא 21,גוננים
יהודה הנשיא 25,גוננים
יהודה הנשיא 3,גוננים
יהודה הנשיא 4,גוננים
יהודה הנשיא 6,גוננים
יהודית 8,גאולה
יהויריב 1,בית ישראל
יהויריב 2,בית ישראל
יהויריב 4,בית ישראל
יהושע בן נון 10,המושבה הגרמנית
יהושע בן נון 12,המושבה הגרמנית
יהושע בן נון 14,המושבה הגרמנית
יהושע בן נון 15,המושבה הגרמנית
יהושע בן נון 16,המושבה הגרמנית
יהושע בן נון 18,המושבה הגרמנית
יהושע בן נון 19,המושבה הגרמנית
יהושע בן נון 20,המושבה הגרמנית
יהושע בן נון 22,המושבה הגרמנית
יהושע בן נון 23,המושבה הגרמנית
יהושע בן נון 24,המושבה הגרמנית
יהושע בן נון 25,המושבה הגרמנית
יהושע בן נון 28,המושבה הגרמנית
יהושע בן נון 29,המושבה הגרמנית
יהושע בן נון 3,המושבה הגרמנית
יהושע בן נון 30,המושבה הגרמנית
יהושע בן נון 31,המושבה הגרמנית
יהושע בן נון 32,קטמון
יהושע בן נון 33,המושבה הגרמנית
יהושע בן נון 34,קטמון
יהושע בן נון 35,המושבה הגרמנית
יהושע בן נון 37,קטמון
יהושע בן נון 39,קטמון
יהושע בן נון 4,המושבה הגרמנית
יהושע בן נון 43,קטמון
יהושע בן נון 5,המושבה הגרמנית
יהושע בן נון 6,המושבה הגרמנית
יהושע בן נון 7,המושבה הגרמנית
יהושע בן נון 9,המושבה הגרמנית
יהושע יעקב 1,פסגת זאב
יהושע יעקב 10,פסגת זאב
יהושע יעקב 11,פסגת זאב
יהושע יעקב 12,פסגת זאב
יהושע יעקב 13,פסגת זאב
יהושע יעקב 14,פסגת זאב
יהושע יעקב 15,פסגת זאב
יהושע יעקב 16,פסגת זאב
יהושע יעקב 17,פסגת זאב
יהושע יעקב 18,פסגת זאב
יהושע יעקב 19,פסגת זאב
יהושע יעקב 20,פסגת זאב
יהושע יעקב 22,פסגת זאב
יהושע יעקב 24,פסגת זאב
יהושע יעקב 25,פסגת זאב
יהושע יעקב 27,פסגת זאב
יהושע יעקב 29,פסגת זאב
יהושע יעקב 3,פסגת זאב
יהושע יעקב 31,פסגת זאב
יהושע יעקב 32,פסגת זאב
יהושע יעקב 34,פסגת זאב
יהושע יעקב 36,פסגת זאב
יהושע יעקב 37,פסגת זאב
יהושע יעקב 38,פסגת זאב
יהושע יעקב 39,פסגת זאב
יהושע יעקב 40,פסגת זאב
יהושע יעקב 41,פסגת זאב
יהושע יעקב 42,פסגת זאב
יהושע יעקב 43,פסגת זאב
יהושע יעקב 44,פסגת זאב
יהושע יעקב 45,פסגת זאב
יהושע יעקב 46,פסגת זאב
יהושע יעקב 47,פסגת זאב
יהושע יעקב 48,פסגת זאב
יהושע יעקב 49,פסגת זאב
יהושע יעקב 5,פסגת זאב
יהושע יעקב 50,פסגת זאב
יהושע יעקב 51,פסגת זאב
יהושע יעקב 52,פסגת זאב
יהושע יעקב 53,פסגת זאב
יהושע יעקב 54,פסגת זאב
יהושע יעקב 55,פסגת זאב
יהושע יעקב 56,פסגת זאב
יהושע יעקב 57,פסגת זאב
יהושע יעקב 59,פסגת זאב
יהושע יעקב 6,פסגת זאב
יהושע יעקב 63,פסגת זאב
יהושע יעקב 65,פסגת זאב
יהושע יעקב 69,פסגת זאב
יהושע יעקב 7,פסגת זאב
יהושע יעקב 71,פסגת זאב
יהושע יעקב 73,פסגת זאב
יהושע יעקב 75,פסגת זאב
יהושע יעקב 77,פסגת זאב
יהושע יעקב 79,פסגת זאב
יהושע יעקב 8,פסגת זאב
יהושע יעקב 81,פסגת זאב
יהושע יעקב 83,פסגת זאב
יהושע יעקב 85,פסגת זאב
יהושע יעקב 89,פסגת זאב
יהושע יעקב 9,פסגת זאב
יהושע יעקב 91,פסגת זאב
יהושפט 1,המושבה הגרמנית
יהושפט 10,המושבה הגרמנית
יהושפט 11,המושבה הגרמנית
יהושפט 12,המושבה הגרמנית
יהושפט 13,המושבה הגרמנית
יהושפט 3,המושבה הגרמנית
יהושפט 4,המושבה הגרמנית
יהושפט 6,המושבה הגרמנית
יהושפט 7,המושבה הגרמנית
יהלום 221,גילה
יהלום 222,גילה
יהלום 223,גילה
יהלום 224,גילה
יהלום 225,גילה
יואב 2,המושבה הגרמנית
יואב 4,המושבה הגרמנית
יואב 6,המושבה הגרמנית
יואל 1,בית ישראל
יואל 11,בית ישראל
יואל 25,בית ישראל
יואל 28,בית ישראל
יואל 29,בית ישראל
יואל 30,בית ישראל
יואל 31,בית ישראל
יואל 32,בוכרים
יואל 42,בוכרים
יואל 7,בית ישראל
יובב 1,מלחה
יובב 13,מלחה
יובב 17,מלחה
יובב 19,מלחה
יובב 25,מלחה
יובב 3,מלחה
יובב 5,מלחה
יובב 6,מלחה
יובב 8,מלחה
יובב 9,מלחה
יובל נאמן 10,הר חומה
יובל נאמן 11,הר חומה
יובל נאמן 12,הר חומה
יובל נאמן 13,הר חומה
יובל נאמן 14,הר חומה
יובל נאמן 15,הר חומה
יובל נאמן 16,הר חומה
יובל נאמן 17,הר חומה
יובל נאמן 18,הר חומה
יובל נאמן 19,הר חומה
יובל נאמן 2,הר חומה
יובל נאמן 20,הר חומה
יובל נאמן 21,הר חומה
יובל נאמן 22,הר חומה
יובל נאמן 23,הר חומה
יובל נאמן 25,הר חומה
יובל נאמן 27,הר חומה
יובל נאמן 29,הר חומה
יובל נאמן 3,הר חומה
יובל נאמן 31,הר חומה
יובל נאמן 33,הר חומה
יובל נאמן 35,הר חומה
יובל נאמן 37,הר חומה
יובל נאמן 39,הר חומה
יובל נאמן 4,הר חומה
יובל נאמן 41,הר חומה
יובל נאמן 5,הר חומה
יובל נאמן 6,הר חומה
יובל נאמן 7,הר חומה
יובל נאמן 8,הר חומה
יובל נאמן 9,הר חומה
יוחנן בן זכאי 1,גוננים
יוחנן בן זכאי 10,קטמון
יוחנן בן זכאי 105,גוננים
יוחנן בן זכאי 108,גוננים
יוחנן בן זכאי 12,קטמון
יוחנן בן זכאי 14,קטמון
יוחנן בן זכאי 18,קטמון
יוחנן בן זכאי 23,גוננים
יוחנן בן זכאי 29,גוננים
יוחנן בן זכאי 3,גוננים
יוחנן בן זכאי 36,גוננים
יוחנן בן זכאי 4,קטמון
יוחנן בן זכאי 41,גוננים
יוחנן בן זכאי 43,גוננים
יוחנן בן זכאי 54,גוננים
יוחנן בן זכאי 56,גוננים
יוחנן בן זכאי 6,קטמון
יוחנן בן זכאי 60,גוננים
יוחנן בן זכאי 68,גוננים
יוחנן בן זכאי 8,קטמון
יוחנן הסנדלר 10,גאולה
יוחנן הסנדלר 16,גאולה
יוחנן הסנדלר 18,גאולה
יוחנן הסנדלר 20,גאולה
יוחנן הסנדלר 4,גאולה
יוחנן הסנדלר 8,גאולה
יוכבד 10,בקעה
יוכבד 2,בקעה
יוכבד 4,בקעה
יוכבד 6,בקעה
יוכבד 8,בקעה
יונה 13,גאולה
יונה 14,גאולה
יונה 16,גאולה
יונה 18,גאולה
יונה 19,גאולה
יונה 21,גאולה
יונה 24,גאולה
יונה 25,גאולה
יונה 27,גאולה
יונה 29,גאולה
יונה 31,גאולה
יונה 5,גאולה
יונה 7,גאולה
יונה 8,גאולה
יונה 9,גאולה
יונתן 10,המושבה הגרמנית
יונתן 13,המושבה הגרמנית
יונתן 4,המושבה הגרמנית
יונתן 7,המושבה הגרמנית
יונתן 9,המושבה הגרמנית
יוסטמן משה 1,גילה
יוסטמן משה 10,גילה
יוסטמן משה 12,גילה
יוסטמן משה 14,גילה
יוסטמן משה 16,גילה
יוסטמן משה 18,גילה
יוסטמן משה 20,גילה
יוסטמן משה 22,גילה
יוסטמן משה 24,גילה
יוסטמן משה 26,גילה
יוסטמן משה 28,גילה
יוסטמן משה 4,גילה
יוסטמן משה 6,גילה
יוסטמן משה 8,גילה
יוסי בן יועזר 1,גוננים
יוסי בן יועזר 10,גוננים
יוסי בן יועזר 14,גוננים
יוסי בן יועזר 15,גוננים
יוסי בן יועזר 16,גוננים
יוסי בן יועזר 17,גוננים
יוסי בן יועזר 18,גוננים
יוסי בן יועזר 2,גוננים
יוסי בן יועזר 21,גוננים
יוסי בן יועזר 25,גוננים
יוסי בן יועזר 27,גוננים
יוסי בן יועזר 29,גוננים
יוסי בן יועזר 3,גוננים
יוסי בן יועזר 33,גוננים
יוסי בן יועזר 37,גוננים
יוסי בן יועזר 39,גוננים
יוסי בן יועזר 4,גוננים
יוסי בן יועזר 40,גוננים
יוסי בן יועזר 42,גוננים
יוסי בן יועזר 43,גוננים
יוסי בן יועזר 44,גוננים
יוסי בן יועזר 45,גוננים
יוסי בן יועזר 46,גוננים
יוסי בן יועזר 47,גוננים
יוסי בן יועזר 48,גוננים
יוסי בן יועזר 49,גוננים
יוסי בן יועזר 5,גוננים
יוסי בן יועזר 53,גוננים
יוסי בן יועזר 57,גוננים
יוסי בן יועזר 59,גוננים
יוסי בן יועזר 6,גוננים
יוסי בן יועזר 61,גוננים
יוסי בן יועזר 63,גוננים
יוסי בן יועזר 65,גוננים
יוסי בן יועזר 7,גוננים
יוסי בן יועזר 8,גוננים
יוסי בן יועזר 9,גוננים
יוסף בן מתתיהו 13,מקור ברוך
יוסף בן מתתיהו 15,מקור ברוך
יוסף בן מתתיהו 16,מקור ברוך
יוסף בן מתתיהו 19,מקור ברוך
יוסף בן מתתיהו 20,מקור ברוך
יוסף בן מתתיהו 22,מקור ברוך
יוסף בן מתתיהו 27,מקור ברוך
יוסף בן מתתיהו 29,מקור ברוך
יוסף בן מתתיהו 31,מקור ברוך
יוסף בן מתתיהו 37,מקור ברוך
יוסף בן מתתיהו 43,מקור ברוך
יוסף בן מתתיהו 47,מקור ברוך
יוסף בן מתתיהו 49,מקור ברוך
יוסף בן מתתיהו 7,מקור ברוך
יוסף בן מתתיהו 9,מקור ברוך
יוסף הנשיא 1,מקור ברוך
יוסף הנשיא 10,מקור ברוך
יוסף הנשיא 11,מקור ברוך
יוסף הנשיא 12,מקור ברוך
יוסף הנשיא 13,מקור ברוך
יוסף הנשיא 14,מקור ברוך
יוסף הנשיא 16,מקור ברוך
יוסף הנשיא 18,מקור ברוך
יוסף הנשיא 20,מקור ברוך
יוסף הנשיא 3,מקור ברוך
יוסף הנשיא 4,מקור ברוך
יוסף הנשיא 6,מקור ברוך
יוסף הנשיא 7,מקור ברוך
יוסף הנשיא 8,מקור ברוך
יוסף הנשיא 9,מקור ברוך
יוסף חיים 1,נחלאות
יוסף חיים 13,נחלאות
יוסף חיים 14,נחלאות
יוסף חיים 15,נחלאות
יוסף חיים 17,נחלאות
יוסף חיים 18,נחלאות
יוסף חיים 19,נחלאות
יוסף חיים 21,נחלאות
יוסף חיים 22,נחלאות
יוסף חיים 23,נחלאות
יוסף חיים 24,נחלאות
יוסף חיים 25,נחלאות
יוסף חיים 3,נחלאות
יוסף חיים 4,נחלאות
יוסף חיים 5,נחלאות
יוסף חיים 6,נחלאות
יוסף חיים 7,נחלאות
יוסף חיים 8,נחלאות
יוסף חיים 9,נחלאות
יוסף פתיחה 10,ראס אל-עמוד
יוסף פתיחה 21,ראס אל-עמוד
יוסף פתיחה 23,ראס אל-עמוד
יוסף פתיחה 27,ראס אל-עמוד
יוסף פתיחה 29,ראס אל-עמוד
יוסף פתיחה 31,ראס אל-עמוד
יוסף פתיחה 38,ראס אל-עמוד
יוסף פתיחה 5,ראס אל-עמוד
יוסף פתיחה 999,ראס אל-עמוד
יוסף פתיחה 9999,ראס אל-עמוד
יוסף פתיחה סמ1 1,ראס אל-עמוד
יוסף פתיחה סמ1 21,ראס אל-עמוד
יוסף פתיחה סמ1 3,ראס אל-עמוד
יוסף פתיחה סמ1 9999,ראס אל-עמוד
יוסף פתיחה סמ2 1,ראס אל-עמוד
יוסף פתיחה סמ2 13,ראס אל-עמוד
יוסף פתיחה סמ2 5,ראס אל-עמוד
יוסף פתיחה סמ2 7,ראס אל-עמוד
יוסף פתיחה סמ2 9,ראס אל-עמוד
יוספטל גיורא 1,פסגת זאב
יוספטל גיורא 10,פסגת זאב
יוספטל גיורא 11,פסגת זאב
יוספטל גיורא 12,פסגת זאב
יוספטל גיורא 13,פסגת זאב
יוספטל גיורא 14,פסגת זאב
יוספטל גיורא 21,פסגת זאב
יוספטל גיורא 3,פסגת זאב
יוספטל גיורא 5,פסגת זאב
יוספטל גיורא 6,פסגת זאב
יוספטל גיורא 7,פסגת זאב
יוספטל גיורא 8,פסגת זאב
יוספטל גיורא 9,פסגת זאב
יורדי הסירה 11,קטמון
יורדי הסירה 13,קטמון
יורדי הסירה 15,קטמון
יורדי הסירה 17,קטמון
יורדי הסירה 19,קטמון
יורדי הסירה 2,קטמון
יורדי הסירה 23,קטמון
יורדי הסירה 29,קטמון
יורדי הסירה 3,קטמון
יורדי הסירה 33,קטמון
יורדי הסירה 4,קטמון
יורדי הסירה 5,קטמון
יורדי הסירה 6,קטמון
יורדי הסירה 7,קטמון
יורדי הסירה 9,קטמון
יורם רונן 10,גבעת משואה
יורם רונן 12,גבעת משואה
יורם רונן 14,גבעת משואה
יורם רונן 16,גבעת משואה
יורם רונן 18,גבעת משואה
יורם רונן 2,גבעת משואה
יורם רונן 20,גבעת משואה
יורם רונן 22,גבעת משואה
יורם רונן 24,גבעת משואה
יורם רונן 26,גבעת משואה
יורם רונן 28,גבעת משואה
יורם רונן 30,גבעת משואה
יורם רונן 32,גבעת משואה
יורם רונן 34,גבעת משואה
יורם רונן 6,גבעת משואה
יורם רונן 8,גבעת משואה
יושע מאיר 10,פסגת זאב
יושע מאיר 11,פסגת זאב
יושע מאיר 12,פסגת זאב
יושע מאיר 14,פסגת זאב
יושע מאיר 16,פסגת זאב
יושע מאיר 3,פסגת זאב
יושע מאיר 4,פסגת זאב
יושע מאיר 5,פסגת זאב
יושע מאיר 6,פסגת זאב
יושע מאיר 7,פסגת זאב
יושע מאיר 8,פסגת זאב
יושע מאיר 9,פסגת זאב
יותם 11,המושבה הגרמנית
יותם 4,המושבה הגרמנית
יותם 6,המושבה הגרמנית
יותם 9,המושבה הגרמנית
יזרעאל 10,נחלאות
יזרעאל 21,נחלאות
יזרעאל 23,נחלאות
יזרעאל 4,נחלאות
יזרעאל 6,נחלאות
יזרעאל 8,נחלאות
יחזקאל 20,גאולה
יחזקאל 37,בוכרים
יחזקאל 39,בוכרים
יחזקאל 42,בוכרים
יחזקאל 44,בוכרים
יחיל חיים 4,גוננים
יחיל חיים 6,גוננים
יחיל חיים 8,גוננים
ילין דוד 10,גאולה
ילין דוד 12,גאולה
ילין דוד 18,גאולה
ילין דוד 20,גאולה
ילין דוד 23,גאולה
ילין דוד 24,גאולה
ילין דוד 30,נחלאות
ילין דוד 32,נחלאות
ילין דוד 35,נחלאות
ילין דוד 4,גאולה
ילין דוד 42,נחלאות
ילין דוד 46,נחלאות
ילין דוד 5,גאולה
ילין דוד 50,נחלאות
ילין דוד 52,נחלאות
ילין דוד 53,נחלאות
ילין דוד 7,גאולה
ים המלח 1,תלפיות
ים המלח 2,תלפיות מזרח
ים המלח 7,תלפיות
ים המלח 9,תלפיות
ים סוף 10,סנהדריה
ים סוף 12,סנהדריה
ים סוף 14,סנהדריה
ים סוף 3,רמת אשכול
ים סוף 5,רמת אשכול
ים סוף 6,רמת אשכול
ים סוף 7,רמת אשכול
ים סוף 8,רמת אשכול
ימימה 11,רמת שרת
ימימה 12,רמת שרת
ימימה 14,רמת שרת
ימימה 16,רמת שרת
ימימה 18,רמת שרת
ימימה 2,רמת שרת
ימימה 20,רמת שרת
ימימה 22,רמת שרת
ימימה 24,רמת שרת
ימימה 26,רמת שרת
ימימה 27,רמת שרת
ימימה 28,רמת שרת
ימימה 29,רמת שרת
ימימה 31,רמת שרת
ימימה 32,רמת שרת
ימימה 33,רמת שרת
ימימה 35,רמת שרת
ימימה 38,רמת שרת
ימימה 4,רמת שרת
ימימה 42,רמת שרת
ימימה 50,רמת שרת
ימימה 52,רמת שרת
ימימה 54,רמת שרת
ימימה 6,רמת שרת
ימימה 8,רמת שרת
ימין אבות 10,קרית משה
ימין אבות 12,קרית משה
ימין אבות 14,קרית משה
ימין אבות 16,קרית משה
ימין אבות 8,קרית משה
ימין משה 3,אבו תור
ינאי 2,מרכז העיר
יעל 5,בקעה
יעל 6,בקעה
יעל 7,בקעה
יעל 9,בקעה
יעקב אלעזר 10,רמות
יעקב אלעזר 12,רמות
יעקב אלעזר 14,רמות
יעקב אלעזר 16,רמות
יעקב אלעזר 17,רמות
יעקב אלעזר 19,רמות
יעקב אלעזר 20,רמות
יעקב אלעזר 21,רמות
יעקב אלעזר 23,רמות
יעקב אלעזר 25,רמות
יעקב אלעזר 27,רמות
יעקב אלעזר 29,רמות
יעקב אלעזר 31,רמות
יעקב אלעזר 34,רמות
יעקב אלעזר 36,רמות
יעקב אלעזר 38,רמות
יעקב אלעזר 4,רמות
יעקב אלעזר 43,רמות
יעקב אלעזר 45,רמות
יעקב אלעזר 47,רמות
יעקב אלעזר 49,רמות
יעקב אלעזר 6,רמות
יעקב מאיר 13,גאולה
יעקב מאיר 15,גאולה
יעקב מאיר 8,גאולה
יערי אברהם 1,גילה
יערי אברהם 11,גילה
יערי אברהם 13,גילה
יערי אברהם 15,גילה
יערי אברהם 17,גילה
יערי אברהם 19,גילה
יערי אברהם 25,גילה
יערי אברהם 27,גילה
יערי אברהם 29,גילה
יערי אברהם 3,גילה
יערי אברהם 5,גילה
יערי אברהם 7,גילה
יערי אברהם 9,גילה
יפה נוף 10,בית הכרם
יפה נוף 11,בית הכרם
יפה נוף 13,בית הכרם
יפה נוף 14,בית הכרם
יפה נוף 15,בית הכרם
יפה נוף 19,בית הכרם
יפה נוף 21,בית הכרם
יפה נוף 23,בית הכרם
יפה נוף 7,בית הכרם
יפה נוף 9,בית הכרם
יפה רום 10,גילה
יפה רום 16,גילה
יפה רום 18,גילה
יפה רום 20,גילה
יפה רום 22,גילה
יפה רום 24,גילה
יפה רום 26,גילה
יפה רום 28,גילה
יפה רום 30,גילה
יפה רום 32,גילה
יפה רום 34,גילה
יפה רום 36,גילה
יפה רום 38,גילה
יפה רום 4,גילה
יפה רום 40,גילה
יפה רום 42,גילה
יפה רום 48,גילה
יפה רום 50,גילה
יפה רום 52,גילה
יפה רום 54,גילה
יפה רום 6,גילה
יפה רום 60,גילה
יפה רום 8,גילה
יפה רום 80,גילה
יפה רום 84,גילה
יפה רום 86,גילה
יפה רום 88,גילה
יפה רום 90,גילה
יפה רום 92,גילה
יפה שמואל 1,פסגת זאב
יפה שמואל 10,פסגת זאב
יפה שמואל 11,פסגת זאב
יפה שמואל 12,פסגת זאב
יפה שמואל 2,פסגת זאב
יפה שמואל 3,פסגת זאב
יפה שמואל 4,פסגת זאב
יפה שמואל 5,פסגת זאב
יפה שמואל 7,פסגת זאב
יפה שמואל 9,פסגת זאב
יפהן אברהם 2,מאה שערים
יפהן אברהם 4,מאה שערים
יפהן אברהם 6,מאה שערים
יפהן אברהם 8,מאה שערים
יפו 167,מקור ברוך
יפו 168,נחלאות
יפו 175,רוממה
יפו 177,רוממה
יפו 179,רוממה
יפו 181,רוממה
יפו 185,רוממה
יפו 189,רוממה
יפו 83,נחלאות
יפתח 10,בקעה
יפתח 13,בקעה
יפתח 3,בקעה
יפתח 4,בקעה
יפתח 5,בקעה
יפתח 6,בקעה
יפתח 8,בקעה
יצהר 12,גילה
יצהר 14,גילה
יצהר 15,גילה
יצהר 16,גילה
יצהר 17,גילה
יצהר 19,גילה
יצהר 20,גילה
יצהר 21,גילה
יצהר 22,גילה
יצהר 23,גילה
יצהר 24,גילה
יצהר 25,גילה
יצהר 26,גילה
יצהר 27,גילה
יצהר 28,גילה
יצהר 29,גילה
יצהר 30,גילה
יצהר 31,גילה
יצהר 32,גילה
יצהר 33,גילה
יצהר 34,גילה
יצהר 36,גילה
יצהר 38,גילה
יצהר 40,גילה
יצהר 42,גילה
יצהר 44,גילה
יצהר 46,גילה
יצהר 48,גילה
יצהר 50,גילה
יצהר 52,גילה
יצהר 54,גילה
יצהר 56,גילה
יצהר 58,גילה
יצהר 60,גילה
יצהר 64,גילה
יצהר 66,גילה
יצהר 68,גילה
יצחק אלחנן 2,טלביה
יצחק בן נחום 15,בית וגן
יצחק בן נחום 17,בית וגן
יצחק בן נחום 19,בית וגן
יצחק בן נחום 2,בית וגן
יצחק בן נחום 23,בית וגן
יצחק בן נחום 4,בית וגן
יקים 4,בית ישראל
יקים 5,בית ישראל
יקים 6,בית ישראל
יקינטון 19,גילה
יקינטון 574,גילה
יקינטון 585,גילה
יראון 10,נחלאות
יראון 12,נחלאות
יראון 4,נחלאות
יראון 8,נחלאות
ירמיהו 10,רוממה
ירמיהו 12,רוממה
ירמיהו 14,רוממה
ירמיהו 2,רוממה
ירמיהו 27,רוממה
ירמיהו 4,רוממה
ירמיהו 42,רוממה
ירמיהו 52,רוממה
ירמיהו 54,רוממה
ירמיהו 6,רוממה
ירמיהו 76,רוממה
ירמיהו 8,רוממה
ישא ברכה 11,בוכרים
ישא ברכה 12,בוכרים
ישא ברכה 14,בוכרים
ישא ברכה 15,בוכרים
ישא ברכה 18,בוכרים
ישא ברכה 20,בוכרים
ישא ברכה 22,בוכרים
ישא ברכה 24,בוכרים
ישא ברכה 25,בוכרים
ישא ברכה 38,בוכרים
ישא ברכה 4,בוכרים
ישא ברכה 47,בוכרים
ישא ברכה 49,גאולה
ישא ברכה 5,בוכרים
ישא ברכה 6,בוכרים
ישא ברכה 7,בוכרים
ישא ברכה 8,בוכרים
ישי 11,אבו תור
ישי 15,אבו תור
ישי 17,אבו תור
ישי 19,אבו תור
ישי 23,אבו תור
ישי 25,אבו תור
ישי 27,אבו תור
ישי 3,אבו תור
ישי 5,אבו תור
ישי 7,אבו תור
ישי 9,אבו תור
ישיבת איתרי,תלפיות
ישיבת איתרי 13,תלפיות
ישיבת איתרי 15,תלפיות
ישיבת איתרי 9999,תלפיות
ישמח מלך 10,ממילא
ישמח מלך 12,ממילא
ישמח מלך 16,ממילא
ישמח מלך 18,ממילא
ישמח מלך 19,ממילא
ישמח מלך 2,ממילא
ישמח מלך 20,ממילא
ישמח מלך 22,ממילא
ישמח מלך 23,ממילא
ישמח מלך 24,ממילא
ישמח מלך 25,ממילא
ישמח מלך 26,ממילא
ישמח מלך 28,ממילא
ישמח מלך 30,ממילא
ישמח מלך 31,ממילא
ישמח מלך 32,ממילא
ישמח מלך 33,ממילא
ישמח מלך 34,ממילא
ישמח מלך 35,ממילא
ישמח מלך 36,ממילא
ישמח מלך 37,ממילא
ישמח מלך 38,ממילא
ישמח מלך 39,ממילא
ישמח מלך 4,ממילא
ישמח מלך 40,ממילא
ישמח מלך 6,ממילא
ישמח מלך 8,ממילא
ישעיהו 2,מרכז העיר
ישעיהו פרס 7,גאולה
ישעיהו פרס 9,גאולה
ישראל אלדד 1,תלפיות מזרח
ישראל אלדד 10,תלפיות מזרח
ישראל אלדד 12,תלפיות מזרח
ישראל אלדד 14,תלפיות מזרח
ישראל אלדד 16,תלפיות מזרח
ישראל אלדד 2,תלפיות מזרח
ישראל אלדד 25,תלפיות מזרח
ישראל אלדד 27,תלפיות מזרח
ישראל אלדד 3,תלפיות מזרח
ישראל אלדד 4,תלפיות מזרח
ישראל אלדד 6,תלפיות מזרח
ישראל אלדד 8,תלפיות מזרח
ישראלס 10,נחלאות
ישראלס 12,נחלאות
ישראלס 13,נחלאות
ישראלס 14,נחלאות
ישראלס 2,נחלאות
ישראלס 4,נחלאות
ישראלס 7,נחלאות
ישראלס 8,נחלאות
יששכר 10,בקעה
יששכר 11,בקעה
יששכר 16,בקעה
יששכר 5,בקעה
יששכר 9,בקעה
כהנוב 10,נחלאות
כהנוב 16,נחלאות
כהנוב 2,נחלאות
כהנוב 20,נחלאות
כהנוב 22,נחלאות
כהנוב 24,נחלאות
כהנוב 28,נחלאות
כהנוב 30,נחלאות
כהנוב 32,נחלאות
כהנוב 34,נחלאות
כהנוב 36,נחלאות
כהנוב 38,נחלאות
כהנוב 4,נחלאות
כהנוב 40,נחלאות
כהנוב 42,נחלאות
כהנוב 44,נחלאות
כהנוב 7,נחלאות
כהנוב 9,נחלאות
כובשי קטמון 16,קטמון
כובשי קטמון 17,קטמון
כובשי קטמון 18,קטמון
כובשי קטמון 21,קטמון
כובשי קטמון 24,קטמון
כובשי קטמון 25,קטמון
כובשי קטמון 26,קטמון
כובשי קטמון 3,קטמון
כובשי קטמון 4,קטמון
כובשי קטמון 6,קטמון
כובשי קטמון 9,קטמון
כורזים 10,נחלאות
כורזים 11,נחלאות
כורזים 12,נחלאות
כורזים 13,נחלאות
כורזים 14,נחלאות
כורזים 15,נחלאות
כורזים 16,נחלאות
כורזים 2,נחלאות
כורזים 20,נחלאות
כורזים 24,נחלאות
כורזים 4,נחלאות
כורזים 6,נחלאות
כורזים 7,נחלאות
כורזים 8,נחלאות
כורזים 9,נחלאות
כורש 16,מרכז העיר
כט' בנובמבר 14,קטמון
כט' בנובמבר 18,קטמון
כט' בנובמבר 19,קטמון
כט' בנובמבר 2,קטמון
כט' בנובמבר 20,קטמון
כט' בנובמבר 21,קטמון
כט' בנובמבר 24,קטמון
כט' בנובמבר 27,קטמון
כט' בנובמבר 28,קטמון
כט' בנובמבר 29,קטמון
כט' בנובמבר 30,קטמון
כט' בנובמבר 31,קטמון
כט' בנובמבר 33,קטמון
כט' בנובמבר 35,קטמון
ככר מגנס 1,רחביה
ככר מגנס 2,רחביה
ככר מגנס 4,רחביה
ככר מגנס 7,רחביה
ככר עומר כתב 4,העיר העתיקה
ככר עומר כתב 6,העיר העתיקה
ככר עומר כתב 75,העיר העתיקה
כמון 12,גילה
כמון 14,גילה
כמון 16,גילה
כמון 18,גילה
כמון 20,גילה
כמון 22,גילה
כמון 24,גילה
כמון 26,גילה
כמון 28,גילה
כמון 6,גילה
כמון 8,גילה
כנסת מרדכי 2,בוכרים
כנסת מרדכי 4,בוכרים
כנפי נשרים 12,גבעת שאול
כנפי נשרים 2,גבעת שאול
כנפי נשרים 4,גבעת שאול
כנפי נשרים 8,גבעת שאול
כנרת 10,מקור ברוך
כנרת 11,מקור ברוך
כנרת 12,מקור ברוך
כנרת 13,מקור ברוך
כנרת 14,מקור ברוך
כנרת 15,מקור ברוך
כנרת 16,מקור ברוך
כנרת 17,מקור ברוך
כנרת 18,מקור ברוך
כנרת 19,מקור ברוך
כנרת 20,מקור ברוך
כנרת 3,מקור ברוך
כנרת 5,מקור ברוך
כנרת 6,מקור ברוך
כנרת 7,מקור ברוך
כנרת 8,מקור ברוך
כנרת 9,מקור ברוך
כסא רחמים 10,פסגת זאב
כסא רחמים 12,פסגת זאב
כסא רחמים 14,פסגת זאב
כסא רחמים 16,פסגת זאב
כסא רחמים 18,פסגת זאב
כסא רחמים 20,פסגת זאב
כסא רחמים 22,פסגת זאב
כספי מרדכי 1,אבו תור
כספי מרדכי 10,אבו תור
כספי מרדכי 11,אבו תור
כספי מרדכי 12,אבו תור
כספי מרדכי 13,אבו תור
כספי מרדכי 14,אבו תור
כספי מרדכי 15,אבו תור
כספי מרדכי 16,אבו תור
כספי מרדכי 17,אבו תור
כספי מרדכי 19,אבו תור
כספי מרדכי 20,אבו תור
כספי מרדכי 21,אבו תור
כספי מרדכי 22,אבו תור
כספי מרדכי 23,אבו תור
כספי מרדכי 24,אבו תור
כספי מרדכי 25,אבו תור
כספי מרדכי 26,אבו תור
כספי מרדכי 27,אבו תור
כספי מרדכי 28,אבו תור
כספי מרדכי 29,אבו תור
כספי מרדכי 3,אבו תור
כספי מרדכי 30,אבו תור
כספי מרדכי 31,אבו תור
כספי מרדכי 33,אבו תור
כספי מרדכי 35,אבו תור
כספי מרדכי 37,אבו תור
כספי מרדכי 4,אבו תור
כספי מרדכי 5,אבו תור
כספי מרדכי 6,אבו תור
כספי מרדכי 7,אבו תור
כספי מרדכי 8,אבו תור
כספי מרדכי 9,אבו תור
כף מרים 14,בית צפאפא
כף מרים 17,בית צפאפא
כף מרים 19,בית צפאפא
כף מרים 23,בית צפאפא
כף מרים 42,בית צפאפא
כף מרים 9,בית צפאפא
כף מרים 9999,בית צפאפא
כפר ברעם 12,נחלאות
כפר ברעם 14,נחלאות
כפר ברעם 16,נחלאות
כפר ברעם 20,נחלאות
כפר ברעם 22,נחלאות
כפר ברעם 24,נחלאות
כפר ברעם 28,נחלאות
כפר ברעם 3,נחלאות
כפר ברעם 4,נחלאות
כפר ברעם 6,נחלאות
כפר ברעם 7,נחלאות
כפר ברעם 8,נחלאות
כפר ברעם 9,נחלאות
כפר השלוח 8,בוכרים
כפר נחום 21,מקור ברוך
כפר נחום 28,מקור ברוך
כפר נחום 4,מקור ברוך
כפר עברי 1,נווה יעקב
כפר עברי 10,נווה יעקב
כפר עברי 11,נווה יעקב
כפר עברי 12,נווה יעקב
כפר עברי 15,נווה יעקב
כפר עברי 16,נווה יעקב
כפר עברי 17,נווה יעקב
כפר עברי 18,נווה יעקב
כפר עברי 19,נווה יעקב
כפר עברי 2,נווה יעקב
כפר עברי 20,נווה יעקב
כפר עברי 21,נווה יעקב
כפר עברי 22,נווה יעקב
כפר עברי 23,נווה יעקב
כפר עברי 24,נווה יעקב
כפר עברי 26,נווה יעקב
כפר עברי 28,נווה יעקב
כפר עברי 3,נווה יעקב
כפר עברי 4,נווה יעקב
כפר עברי 5,נווה יעקב
כפר עברי 6,נווה יעקב
כפר עברי 7,נווה יעקב
כפר עברי 8,נווה יעקב
כפר עברי 9,נווה יעקב
כפר עציון 10,ארנונה
כפר עציון 11,ארנונה
כפר עציון 12,ארנונה
כפר עציון 14,ארנונה
כפר עציון 15,ארנונה
כפר עציון 16,ארנונה
כפר עציון 17,ארנונה
כפר עציון 18,ארנונה
כפר עציון 19,ארנונה
כפר עציון 20,ארנונה
כפר עציון 21,ארנונה
כפר עציון 22,ארנונה
כפר עציון 23,ארנונה
כפר עציון 24,ארנונה
כפר עציון 25,ארנונה
כפר עציון 26,ארנונה
כפר עציון 28,ארנונה
כפר עציון 29,ארנונה
כפר עציון 31,ארנונה
כפר עציון 33,ארנונה
כפר עציון 34,ארנונה
כפר עציון 35,ארנונה
כפר עציון 37,ארנונה
כפר עציון 39,ארנונה
כפר עציון 4,ארנונה
כפר עציון 41,ארנונה
כפר עציון 43,ארנונה
כפר עציון 8,ארנונה
כרם אל-הדרה 14,א-טור
כרם אל-הדרה 16,א-טור
כרם אל-הדרה 32,א-טור
כרם אל-הדרה 33,א-טור
כרם אל-הדרה 35,א-טור
כרם אל-הדרה 40,א-טור
כרם אל-הדרה 6,א-טור
כרם אל-הדרה 7,א-טור
כרם אל-הדרה סמ5 11,א-טור
כרם אל-הדרה סמ5 13,א-טור
כרם אל-הדרה סמ5 2,א-טור
כרם אל-הדרה סמ5 21,א-טור
כרם אל-הדרה סמ5 23,א-טור
כרם אנג'אץ 11,שועפאט
כרם אנג'אץ 14,שועפאט
כרם אנג'אץ 18,שועפאט
כרם אנג'אץ 20,שועפאט
כרם וולי 1,בית צפאפא
כרם וולי 13,בית צפאפא
כרם וולי 23,בית צפאפא
כרם וולי 5,בית צפאפא
כרם וולי 7,בית צפאפא
כרמון 11,בית הכרם
כרמון 12,בית הכרם
כרמון 14,בית הכרם
כרמון 2,בית הכרם
כרמון 20,בית הכרם
כרמון 4,בית הכרם
כרמון 5,בית הכרם
כרמון 8,בית הכרם
כרמיה יצחק 1,המושבה הגרמנית
כרמיה יצחק 10,המושבה הגרמנית
כרמיה יצחק 2,המושבה הגרמנית
כרמיה יצחק 3,המושבה הגרמנית
כרמיה יצחק 4,המושבה הגרמנית
כרמיה יצחק 5,המושבה הגרמנית
כרמיה יצחק 6,המושבה הגרמנית
כרמיה יצחק 7,המושבה הגרמנית
כרמיה יצחק 8,המושבה הגרמנית
כרפס 10,גילה
כרפס 2,גילה
כרפס 3,גילה
כרפס 4,גילה
כרפס 5,גילה
כרפס 6,גילה
כרפס 7,גילה
כרפס 8,גילה
כתב סופר 10,גבעת שאול
כתב סופר 14,גבעת שאול
כתב סופר 20,גבעת שאול
כתב סופר 4,גבעת שאול
כתב סופר 8,גבעת שאול
כתב סופר 9,גבעת שאול
לבונה 1,גילה
לבונה 10,גילה
לבונה 12,גילה
לבונה 14,גילה
לבונה 16,גילה
לבונה 18,גילה
לבונה 2,גילה
לבונה 20,גילה
לבונה 22,גילה
לבונה 24,גילה
לבונה 26,גילה
לבונה 28,גילה
לבונה 3,גילה
לבונה 30,גילה
לבונה 32,גילה
לבונה 34,גילה
לבונה 36,גילה
לבונה 38,גילה
לבונה 4,גילה
לבונה 40,גילה
לבונה 42,גילה
לבונה 44,גילה
לבונה 46,גילה
לבונה 48,גילה
לבונה 5,גילה
לבונה 50,גילה
לבונה 52,גילה
לבונה 54,גילה
לבונה 56,גילה
לבונה 58,גילה
לבונה 6,גילה
לבונה 60,גילה
לבונה 62,גילה
לבונה 64,גילה
לבונה 66,גילה
לבונה 68,גילה
לבונה 7,גילה
לבונה 70,גילה
לבונה 72,גילה
לבונה 74,גילה
לבונה 76,גילה
לבונה 78,גילה
לבונה 8,גילה
לבונה 80,גילה
לבונה 9,גילה
לביא תיאודור 10,רמות
לביא תיאודור 12,רמות
לביא תיאודור 14,רמות
לביא תיאודור 333,רמות
לביא תיאודור 4,רמות
לביא תיאודור 6,רמות
לביא תיאודור 8,רמות
לבנה אליעזר 10,נווה יעקב
לבנה אליעזר 12,נווה יעקב
לבנה אליעזר 2,נווה יעקב
לבנה אליעזר 4,נווה יעקב
לבנה אליעזר 6,נווה יעקב
לבנה אליעזר 8,נווה יעקב
לבנון צבי 1,פסגת זאב
לבנון צבי 2,פסגת זאב
לבנון צבי 3,פסגת זאב
לבנון צבי 4,פסגת זאב
לבנון צבי 5,פסגת זאב
לבנון צבי 6,פסגת זאב
לבנון צבי 8,פסגת זאב
לוחמי הגטאות 101,הגבעה הצרפתית
לוחמי הגטאות 102,הגבעה הצרפתית
לוחמי הגטאות 103,הגבעה הצרפתית
לוחמי הגטאות 104,הגבעה הצרפתית
לוחמי הגטאות 105,הגבעה הצרפתית
לוחמי הגטאות 106,הגבעה הצרפתית
לוחמי הגטאות 107,הגבעה הצרפתית
לוחמי הגטאות 111,הגבעה הצרפתית
לוחמי הגטאות 5,הגבעה הצרפתית
לוי 1,בקעה
לוי 10,בקעה
לוי 11,בקעה
לוי 12,בקעה
לוי 14,בקעה
לוי 5,בקעה
לוי 6,בקעה
לוי 7,בקעה
לוי 8,בקעה
לוי 9,בקעה
לוי יצחק מברדיצב 2,מאה שערים
לוי יצחק מברדיצב 3,מאה שערים
לוי יצחק מברדיצב 5,מאה שערים
לוי יצחק מברדיצב 7,מאה שערים
לוי יצחק מברדיצב 9,מאה שערים
לויד גורג 1,המושבה הגרמנית
לויד גורג 2,המושבה הגרמנית
לויד גורג 3,המושבה הגרמנית
לויד גורג 7,המושבה הגרמנית
לויד גורג 8,המושבה הגרמנית
לויד גורג 9,המושבה הגרמנית
לוין שמריהו 1,קרית היובל
לוין שמריהו 10,קרית היובל
לוין שמריהו 11,קרית היובל
לוין שמריהו 12,קרית היובל
לוין שמריהו 13,קרית היובל
לוין שמריהו 15,קרית היובל
לוין שמריהו 16,קרית היובל
לוין שמריהו 17,קרית היובל
לוין שמריהו 18,קרית היובל
לוין שמריהו 19,קרית היובל
לוין שמריהו 2,קרית היובל
לוין שמריהו 20,קרית היובל
לוין שמריהו 21,קרית היובל
לוין שמריהו 22,קרית היובל
לוין שמריהו 23,קרית היובל
לוין שמריהו 24,קרית היובל
לוין שמריהו 25,קרית היובל
לוין שמריהו 26,קרית היובל
לוין שמריהו 27,קרית היובל
לוין שמריהו 28,קרית היובל
לוין שמריהו 29,קרית היובל
לוין שמריהו 30,קרית היובל
לוין שמריהו 31,קרית היובל
לוין שמריהו 32,קרית היובל
לוין שמריהו 33,קרית היובל
לוין שמריהו 34,קרית היובל
לוין שמריהו 36,קרית היובל
לוין שמריהו 37,קרית היובל
לוין שמריהו 38,קרית היובל
לוין שמריהו 39,קרית היובל
לוין שמריהו 4,קרית היובל
לוין שמריהו 40,קרית היובל
לוין שמריהו 41,קרית היובל
לוין שמריהו 43,קרית היובל
לוין שמריהו 45,קרית היובל
לוין שמריהו 46,קרית היובל
לוין שמריהו 47,קרית היובל
לוין שמריהו 48,קרית היובל
לוין שמריהו 49,קרית היובל
לוין שמריהו 5,קרית היובל
לוין שמריהו 50,קרית היובל
לוין שמריהו 51,קרית היובל
לוין שמריהו 52,קרית היובל
לוין שמריהו 53,קרית היובל
לוין שמריהו 56,קרית היובל
לוין שמריהו 58,קרית היובל
לוין שמריהו 6,קרית היובל
לוין שמריהו 60,קרית היובל
לוין שמריהו 62,קרית היובל
לוין שמריהו 68,קרית היובל
לוין שמריהו 7,קרית היובל
לוין שמריהו 70,קרית היובל
לוין שמריהו 72,קרית היובל
לוין שמריהו 8,קרית היובל
לוין שמריהו 9,קרית היובל
לופו שמואל 10,אבו תור
לופו שמואל 11,אבו תור
לופו שמואל 13,אבו תור
לופו שמואל 15,אבו תור
לופו שמואל 2,אבו תור
לופו שמואל 20,אבו תור
לופו שמואל 4,אבו תור
לופו שמואל 5,אבו תור
לופו שמואל 7,אבו תור
לופו שמואל 8,אבו תור
לופו שמואל 9,אבו תור
לוץ צארלס 10,נווה יעקב
לוץ צארלס 2,נווה יעקב
לוץ צארלס 306,נווה יעקב
לוץ צארלס 4,נווה יעקב
לוץ צארלס 6,נווה יעקב
לוריא 10,ארנונה
לוריא 5,ארנונה
לוריא 8,ארנונה
לחי 1,הגבעה הצרפתית
לחי 12,הגבעה הצרפתית
לחי 16,הגבעה הצרפתית
לחי 17,הגבעה הצרפתית
לחי 20,הגבעה הצרפתית
לחי 24,הגבעה הצרפתית
לחי 26,הגבעה הצרפתית
לחי 30,הגבעה הצרפתית
לחי 6,הגבעה הצרפתית
לחי 8,הגבעה הצרפתית
לטין פטריאכט 101,העיר העתיקה
לטין פטריאכט 14,העיר העתיקה
לטין פטריאכט 25,העיר העתיקה
לטין פטריאכט 31,העיר העתיקה
לטין פטריאכט 6,העיר העתיקה
לטין פטריאכט 999,העיר העתיקה
ליאון בן ציון 1,פסגת זאב
ליאון בן ציון 10,פסגת זאב
ליאון בן ציון 12,פסגת זאב
ליאון בן ציון 13,פסגת זאב
ליאון בן ציון 17,פסגת זאב
ליאון בן ציון 20,פסגת זאב
ליאון בן ציון 3,פסגת זאב
ליאון בן ציון 4,פסגת זאב
ליאון בן ציון 6,פסגת זאב
ליאון בן ציון 7,פסגת זאב
ליאון בן ציון 8,פסגת זאב
ליאון בן ציון 9,פסגת זאב
ליבני איתן 10,פסגת זאב
ליבני איתן 12,פסגת זאב
ליבני איתן 14,פסגת זאב
ליבני איתן 16,פסגת זאב
ליבני איתן 20,פסגת זאב
ליבני איתן 22,פסגת זאב
ליבני איתן 24,פסגת זאב
ליבני איתן 30,פסגת זאב
ליבני איתן 32,פסגת זאב
ליבני איתן 34,פסגת זאב
ליבני איתן 36,פסגת זאב
ליבני איתן 4,פסגת זאב
ליבני איתן 6,פסגת זאב
ליבני איתן 8,פסגת זאב
לייב דיין 13,בוכרים
לייב דיין 15,בוכרים
לייב דיין 18,בוכרים
לייב דיין 19,בוכרים
לייב דיין 20,בוכרים
לייב דיין 4,בוכרים
לייב יפה 12,ארנונה
לייב יפה 13,ארנונה
לייב יפה 14,ארנונה
לייב יפה 15,ארנונה
לייב יפה 16,ארנונה
לייב יפה 2,ארנונה
לייב יפה 20,ארנונה
לייב יפה 21,ארנונה
לייב יפה 22,ארנונה
לייב יפה 24,ארנונה
לייב יפה 25,ארנונה
לייב יפה 26,ארנונה
לייב יפה 27,ארנונה
לייב יפה 28,ארנונה
לייב יפה 29,ארנונה
לייב יפה 30,ארנונה
לייב יפה 31,ארנונה
לייב יפה 32,ארנונה
לייב יפה 34,ארנונה
לייב יפה 35,ארנונה
לייב יפה 37,ארנונה
לייב יפה 39,ארנונה
לייב יפה 4,ארנונה
לייב יפה 40,ארנונה
לייב יפה 41,ארנונה
לייב יפה 42,ארנונה
לייב יפה 43,ארנונה
לייב יפה 44,ארנונה
לייב יפה 45,ארנונה
לייב יפה 47,ארנונה
לייב יפה 48,ארנונה
לייב יפה 49,ארנונה
לייב יפה 5,ארנונה
לייב יפה 50,ארנונה
לייב יפה 52,ארנונה
לייב יפה 54,ארנונה
לייב יפה 6,ארנונה
לייב יפה 61,ארנונה
לייב יפה 63,ארנונה
לייב יפה 7,ארנונה
לייב יפה 8,ארנונה
לייבוביץ 1,רמת שרת
לייבוביץ 10,רמת שרת
לייבוביץ 11,רמת שרת
לייבוביץ 12,רמת שרת
לייבוביץ 13,רמת שרת
לייבוביץ 14,רמת שרת
לייבוביץ 15,רמת שרת
לייבוביץ 16,רמת שרת
לייבוביץ 17,רמת שרת
לייבוביץ 18,רמת שרת
לייבוביץ 19,רמת שרת
לייבוביץ 2,רמת שרת
לייבוביץ 20,רמת שרת
לייבוביץ 21,רמת שרת
לייבוביץ 22,רמת שרת
לייבוביץ 23,רמת שרת
לייבוביץ 24,רמת שרת
לייבוביץ 25,רמת שרת
לייבוביץ 26,רמת שרת
לייבוביץ 27,רמת שרת
לייבוביץ 29,רמת שרת
לייבוביץ 3,רמת שרת
לייבוביץ 4,רמת שרת
לייבוביץ 5,רמת שרת
לייבוביץ 6,רמת שרת
לייבוביץ 7,רמת שרת
לייבוביץ 8,רמת שרת
לייבוביץ 9,רמת שרת
ליכטמן אברהם דוד 1,פסגת זאב
ליכטמן אברהם דוד 10,פסגת זאב
ליכטמן אברהם דוד 11,פסגת זאב
ליכטמן אברהם דוד 12,פסגת זאב
ליכטמן אברהם דוד 3,פסגת זאב
ליכטמן אברהם דוד 30,פסגת זאב
ליכטמן אברהם דוד 4,פסגת זאב
ליכטמן אברהם דוד 5,פסגת זאב
ליכטמן אברהם דוד 6,פסגת זאב
ליכטמן אברהם דוד 7,פסגת זאב
ליכטמן אברהם דוד 8,פסגת זאב
ליכטמן אברהם דוד 9,פסגת זאב
ליכטנשטיין 1,הר חומה
ליכטנשטיין 11,הר חומה
ליכטנשטיין 13,הר חומה
ליכטנשטיין 15,הר חומה
ליכטנשטיין 19,הר חומה
ליכטנשטיין 20,הר חומה
ליכטנשטיין 21,הר חומה
ליכטנשטיין 22,הר חומה
ליכטנשטיין 23,הר חומה
ליכטנשטיין 24,הר חומה
ליכטנשטיין 26,הר חומה
ליכטנשטיין 28,הר חומה
ליכטנשטיין 30,הר חומה
ליכטנשטיין 32,הר חומה
ליכטנשטיין 34,הר חומה
ליכטנשטיין 38,הר חומה
ליכטנשטיין 4,הר חומה
ליכטנשטיין 8,הר חומה
ליכטנשטיין 9,הר חומה
לינקולן 10,טלביה
לינקולן 11,טלביה
לינקולן 14,טלביה
לינקולן 16,טלביה
לינקולן 20,טלביה
לינקולן 24,טלביה
לינקולן 9,טלביה
ליפסקי לואי 1,רמות
ליפסקי לואי 10,רמות
ליפסקי לואי 11,רמות
ליפסקי לואי 12,רמות
ליפסקי לואי 13,רמות
ליפסקי לואי 14,רמות
ליפסקי לואי 16,רמות
ליפסקי לואי 2,רמות
ליפסקי לואי 25,רמות
ליפסקי לואי 3,רמות
ליפסקי לואי 39,רמות
ליפסקי לואי 4,רמות
ליפסקי לואי 40,רמות
ליפסקי לואי 41,רמות
ליפסקי לואי 42,רמות
ליפסקי לואי 6,רמות
ליפסקי לואי 7,רמות
ליפסקי לואי 8,רמות
ליפסקי לואי 9,רמות
ליפצ'ין סול 10,הר חומה
ליפצ'ין סול 12,הר חומה
ליפצ'ין סול 13,הר חומה
ליפצ'ין סול 14,הר חומה
ליפצ'ין סול 15,הר חומה
ליפצ'ין סול 17,הר חומה
ליפצ'ין סול 19,הר חומה
ליפצ'ין סול 2,הר חומה
ליפצ'ין סול 20,הר חומה
ליפצ'ין סול 21,הר חומה
ליפצ'ין סול 22,הר חומה
ליפצ'ין סול 24,הר חומה
ליפצ'ין סול 26,הר חומה
ליפצ'ין סול 28,הר חומה
ליפצ'ין סול 3,הר חומה
ליפצ'ין סול 30,הר חומה
ליפצ'ין סול 40,הר חומה
ליפצ'ין סול 42,הר חומה
ליפצ'ין סול 44,הר חומה
ליפצ'ין סול 46,הר חומה
ליפצ'ין סול 5,הר חומה
ליפצ'ין סול 6,הר חומה
ליפצ'ין סול 7,הר חומה
ליפצ'ין סול 8,הר חומה
ליפשיץ נחום 25,בקעה
ליפשיץ נחום 27,בקעה
ליש 1,גילה
ליש 2,גילה
ליש 3,גילה
ליש 401,גילה
ליש 402,גילה
ליש 403,גילה
ליש 404,גילה
ליש 405,גילה
ליש 406,גילה
ליש 408,גילה
לנדנר 4,בוכרים
לנדנר 6,בוכרים
לנקין אליהו 1,תלפיות מזרח
לנקין אליהו 11,תלפיות מזרח
לנקין אליהו 13,תלפיות מזרח
לנקין אליהו 15,תלפיות מזרח
לנקין אליהו 3,תלפיות מזרח
לנקין אליהו 5,תלפיות מזרח
לנקין אליהו 9,תלפיות מזרח
מאה שערים 68,גאולה
מאה שערים 84,גאולה
מאה שערים 85,מאה שערים
מאה שערים 90,גאולה
מאי זיאדה 2,בית חנינא
מאי זיאדה 3,בית חנינא
מאי זיאדה 7,בית חנינא
מאיר אבנר 10,קרית היובל
מאיר אבנר 12,קרית היובל
מאיר אבנר 14,קרית היובל
מאיר אבנר 16,קרית היובל
מאיר אבנר 18,קרית היובל
מאיר אבנר 2,קרית היובל
מאיר אבנר 4,קרית היובל
מאיר אבנר 6,קרית היובל
מאיר אבנר 8,קרית היובל
מאיר וייס 10,פסגת זאב
מאיר וייס 11,פסגת זאב
מאיר וייס 12,פסגת זאב
מאיר וייס 13,פסגת זאב
מאיר וייס 14,פסגת זאב
מאיר וייס 15,פסגת זאב
מאיר וייס 17,פסגת זאב
מאיר וייס 19,פסגת זאב
מאיר וייס 2,פסגת זאב
מאיר וייס 20,פסגת זאב
מאיר וייס 21,פסגת זאב
מאיר וייס 23,פסגת זאב
מאיר וייס 3,פסגת זאב
מאיר וייס 4,פסגת זאב
מאיר וייס 5,פסגת זאב
מאיר וייס 6,פסגת זאב
מאיר וייס 7,פסגת זאב
מאיר וייס 8,פסגת זאב
מאיר וייס 9,פסגת זאב
מאפו 3,טלביה
מאפו 4,טלביה
מבוא בנין 12,גבעת הוורדים
מבוא בנין 18,גבעת הוורדים
מבוא בנין 2,גבעת הוורדים
מבוא בנין 20,גבעת הוורדים
מבוא בנין 22,גבעת הוורדים
מבוא בנין 24,גבעת הוורדים
מבוא בנין 26,גבעת הוורדים
מבוא בנין 28,גבעת הוורדים
מבוא בנין 30,גבעת הוורדים
מבוא בנין 32,גבעת הוורדים
מבוא בנין 34,גבעת הוורדים
מבוא בנין 36,גבעת הוורדים
מבוא בנין 38,גבעת הוורדים
מבוא בנין 4,גבעת הוורדים
מבוא בנין 6,גבעת הוורדים
מבוא בנין 8,גבעת הוורדים
מבוא בשמת 1,גילה
מבוא בשמת 2,גילה
מבוא בשמת 4,גילה
מבוא בשמת 5,גילה
מבוא די זהב 1,רמת אשכול
מבוא די זהב 2,רמת אשכול
מבוא דקר 1,הגבעה הצרפתית
מבוא דקר 2,הגבעה הצרפתית
מבוא דקר 3,הגבעה הצרפתית
מבוא דקר 4,הגבעה הצרפתית
מבוא דקר 5,הגבעה הצרפתית
מבוא הברכה 1,רמת שלמה
מבוא הברכה 2,רמת שלמה
מבוא הברכה 3,רמת שלמה
מבוא הברכה 4,רמת שלמה
מבוא הברכה 5,רמת שלמה
מבוא הברכה 6,רמת שלמה
מבוא הברכה 7,רמת שלמה
מבוא הברכה 8,רמת שלמה
מבוא הדודאים 1,גילה
מבוא הדודאים 3,גילה
מבוא הדודאים 4,גילה
מבוא הדודאים 5,גילה
מבוא החוסן 5,רמת שלמה
מבוא המאבק 1,הגבעה הצרפתית
מבוא המאבק 10,הגבעה הצרפתית
מבוא המאבק 11,הגבעה הצרפתית
מבוא המאבק 12,הגבעה הצרפתית
מבוא המאבק 13,הגבעה הצרפתית
מבוא המאבק 14,הגבעה הצרפתית
מבוא המאבק 15,הגבעה הצרפתית
מבוא המאבק 16,הגבעה הצרפתית
מבוא המאבק 17,הגבעה הצרפתית
מבוא המאבק 18,הגבעה הצרפתית
מבוא המאבק 19,הגבעה הצרפתית
מבוא המאבק 2,הגבעה הצרפתית
מבוא המאבק 20,הגבעה הצרפתית
מבוא המאבק 21,הגבעה הצרפתית
מבוא המאבק 22,הגבעה הצרפתית
מבוא המאבק 24,הגבעה הצרפתית
מבוא המאבק 25,הגבעה הצרפתית
מבוא המאבק 26,הגבעה הצרפתית
מבוא המאבק 27,הגבעה הצרפתית
מבוא המאבק 28,הגבעה הצרפתית
מבוא המאבק 29,הגבעה הצרפתית
מבוא המאבק 3,הגבעה הצרפתית
מבוא המאבק 31,הגבעה הצרפתית
מבוא המאבק 32,הגבעה הצרפתית
מבוא המאבק 5,הגבעה הצרפתית
מבוא המאבק 6,הגבעה הצרפתית
מבוא המאבק 7,הגבעה הצרפתית
מבוא המאבק 8,הגבעה הצרפתית
מבוא המאבק 9,הגבעה הצרפתית
מבוא המתמיד 11,מרכז העיר
מבוא העולה 10,גבעת הוורדים
מבוא העולה 12,גבעת הוורדים
מבוא העולה 14,גבעת הוורדים
מבוא העולה 16,גבעת הוורדים
מבוא העולה 18,גבעת הוורדים
מבוא העולה 2,גבעת הוורדים
מבוא העולה 20,גבעת הוורדים
מבוא העולה 6,גבעת הוורדים
מבוא העולה 8,גבעת הוורדים
מבוא העשרה 1,הגבעה הצרפתית
מבוא העשרה 3,הגבעה הצרפתית
מבוא העשרה 311,הגבעה הצרפתית
מבוא העשרה 5,הגבעה הצרפתית
מבוא העשרה 7,הגבעה הצרפתית
מבוא הצרי 12,גילה
מבוא הצרי 3,גילה
מבוא הצרי 4,גילה
מבוא הצרי 5,גילה
מבוא הצרי 6,גילה
מבוא הקנמון 1,גילה
מבוא הקנמון 2,גילה
מבוא הקנמון 3,גילה
מבוא הררי 1,הגבעה הצרפתית
מבוא הררי 10,הגבעה הצרפתית
מבוא הררי 11,הגבעה הצרפתית
מבוא הררי 12,הגבעה הצרפתית
מבוא הררי 13,הגבעה הצרפתית
מבוא הררי 15,הגבעה הצרפתית
מבוא הררי 16,הגבעה הצרפתית
מבוא הררי 17,הגבעה הצרפתית
מבוא הררי 19,הגבעה הצרפתית
מבוא הררי 20,הגבעה הצרפתית
מבוא הררי 21,הגבעה הצרפתית
מבוא הררי 22,הגבעה הצרפתית
מבוא הררי 23,הגבעה הצרפתית
מבוא הררי 24,הגבעה הצרפתית
מבוא הררי 25,הגבעה הצרפתית
מבוא הררי 26,הגבעה הצרפתית
מבוא הררי 27,הגבעה הצרפתית
מבוא הררי 29,הגבעה הצרפתית
מבוא הררי 3,הגבעה הצרפתית
מבוא הררי 30,הגבעה הצרפתית
מבוא הררי 31,הגבעה הצרפתית
מבוא הררי 32,הגבעה הצרפתית
מבוא הררי 33,הגבעה הצרפתית
מבוא הררי 34,הגבעה הצרפתית
מבוא הררי 35,הגבעה הצרפתית
מבוא הררי 36,הגבעה הצרפתית
מבוא הררי 37,הגבעה הצרפתית
מבוא הררי 39,הגבעה הצרפתית
מבוא הררי 4,הגבעה הצרפתית
מבוא הררי 40,הגבעה הצרפתית
מבוא הררי 41,הגבעה הצרפתית
מבוא הררי 42,הגבעה הצרפתית
מבוא הררי 43,הגבעה הצרפתית
מבוא הררי 44,הגבעה הצרפתית
מבוא הררי 45,הגבעה הצרפתית
מבוא הררי 47,הגבעה הצרפתית
מבוא הררי 49,הגבעה הצרפתית
מבוא הררי 5,הגבעה הצרפתית
מבוא הררי 51,הגבעה הצרפתית
מבוא הררי 6,הגבעה הצרפתית
מבוא הררי 7,הגבעה הצרפתית
מבוא הררי 8,הגבעה הצרפתית
מבוא הררי 9,הגבעה הצרפתית
מבוא חיות פרץ 22,נווה יעקב
מבוא חיות פרץ 25,נווה יעקב
מבוא חיות פרץ 66,נווה יעקב
מבוא חיי עולם 10,הרובע היהודי
מבוא חיי עולם 11,הרובע היהודי
מבוא חיי עולם 16,הרובע היהודי
מבוא חיי עולם 18,הרובע היהודי
מבוא חיי עולם 2,הרובע היהודי
מבוא חיי עולם 20,הרובע היהודי
מבוא חיי עולם 4,הרובע היהודי
מבוא חיי עולם 5,הרובע היהודי
מבוא חיי עולם 54,הרובע היהודי
מבוא חיי עולם 60,הרובע היהודי
מבוא חיי עולם 8,הרובע היהודי
מבוא חצרות 1,רמת אשכול
מבוא חצרות 2,רמת אשכול
מבוא יורם 1,קטמון
מבוא יורם 11,קטמון
מבוא יורם 2,קטמון
מבוא יורם 3,קטמון
מבוא יורם 4,קטמון
מבוא יורם 5,קטמון
מבוא יורם 6,קטמון
מבוא יורם 7,קטמון
מבוא יורם 8,קטמון
מבוא יורם 9,קטמון
מבוא יטבתה 1,רמת אשכול
מבוא יטבתה 2,רמת אשכול
מבוא יסמין 1,גילה
מבוא יסמין 2,גילה
מבוא יסמין 5,גילה
מבוא יסמין 6,גילה
מבוא לבנה 1,רמת אשכול
מבוא לבנה 2,רמת אשכול
מבוא לבנה 3,רמת אשכול
מבוא לבנה 4,רמת אשכול
מבוא לבנה 5,רמת אשכול
מבוא נטף 1,גילה
מבוא נטף 3,גילה
מבוא עברונה 1,רמת אשכול
מבוא פל ים 1,הגבעה הצרפתית
מבוא פל ים 10,הגבעה הצרפתית
מבוא פל ים 11,הגבעה הצרפתית
מבוא פל ים 12,הגבעה הצרפתית
מבוא פל ים 13,הגבעה הצרפתית
מבוא פל ים 14,הגבעה הצרפתית
מבוא פל ים 15,הגבעה הצרפתית
מבוא פל ים 16,הגבעה הצרפתית
מבוא פל ים 17,הגבעה הצרפתית
מבוא פל ים 18,הגבעה הצרפתית
מבוא פל ים 19,הגבעה הצרפתית
מבוא פל ים 2,הגבעה הצרפתית
מבוא פל ים 20,הגבעה הצרפתית
מבוא פל ים 21,הגבעה הצרפתית
מבוא פל ים 22,הגבעה הצרפתית
מבוא פל ים 23,הגבעה הצרפתית
מבוא פל ים 24,הגבעה הצרפתית
מבוא פל ים 25,הגבעה הצרפתית
מבוא פל ים 26,הגבעה הצרפתית
מבוא פל ים 27,הגבעה הצרפתית
מבוא פל ים 28,הגבעה הצרפתית
מבוא פל ים 29,הגבעה הצרפתית
מבוא פל ים 31,הגבעה הצרפתית
מבוא פל ים 32,הגבעה הצרפתית
מבוא פל ים 33,הגבעה הצרפתית
מבוא פל ים 35,הגבעה הצרפתית
מבוא פל ים 37,הגבעה הצרפתית
מבוא פל ים 38,הגבעה הצרפתית
מבוא פל ים 39,הגבעה הצרפתית
מבוא פל ים 4,הגבעה הצרפתית
מבוא פל ים 40,הגבעה הצרפתית
מבוא פל ים 41,הגבעה הצרפתית
מבוא פל ים 43,הגבעה הצרפתית
מבוא פל ים 44,הגבעה הצרפתית
מבוא פל ים 46,הגבעה הצרפתית
מבוא פל ים 5,הגבעה הצרפתית
מבוא פל ים 50,הגבעה הצרפתית
מבוא פל ים 52,הגבעה הצרפתית
מבוא פל ים 54,הגבעה הצרפתית
מבוא פל ים 58,הגבעה הצרפתית
מבוא פל ים 6,הגבעה הצרפתית
מבוא פל ים 60,הגבעה הצרפתית
מבוא פל ים 62,הגבעה הצרפתית
מבוא פל ים 64,הגבעה הצרפתית
מבוא פל ים 66,הגבעה הצרפתית
מבוא פל ים 68,הגבעה הצרפתית
מבוא פל ים 7,הגבעה הצרפתית
מבוא פל ים 70,הגבעה הצרפתית
מבוא פל ים 72,הגבעה הצרפתית
מבוא פל ים 74,הגבעה הצרפתית
מבוא פל ים 76,הגבעה הצרפתית
מבוא פל ים 78,הגבעה הצרפתית
מבוא פל ים 8,הגבעה הצרפתית
מבוא פל ים 80,הגבעה הצרפתית
מבוא פל ים 82,הגבעה הצרפתית
מבוא פל ים 84,הגבעה הצרפתית
מבוא פל ים 86,הגבעה הצרפתית
מבוא פל ים 88,הגבעה הצרפתית
מבוא פל ים 9,הגבעה הצרפתית
מבוא פל ים 90,הגבעה הצרפתית
מבוא פל ים 92,הגבעה הצרפתית
מבוא פלג אדמונד 14,נווה יעקב
מבוא פלג אדמונד 414,נווה יעקב
מבוא צלמונה 1,רמת אשכול
מבוא צלמונה 3,רמת אשכול
מבוא קטורה 2,גילה
מבוא קידה 4,גילה
מבוא קידה 6,גילה
מבוא קידה 8,גילה
מבוא קציעה 1,גילה
מבוא קציעה 2,גילה
מבוא קציעה 3,גילה
מבוא רוזנשטיין דב 10,גוננים
מבוא רוזנשטיין דב 4,גוננים
מבוא רוזנשטיין דב 6,גוננים
מבוא רוזנשטיין דב 7,גוננים
מבוא רוזנשטיין דב 8,גוננים
מבוא רפידים 1,רמת אשכול
מבוא רפידים 2,רמת אשכול
מבוא שלום בנימין 10,פסגת זאב
מבוא שלום בנימין 12,פסגת זאב
מבוא שלום בנימין 4,פסגת זאב
מבוא שלום בנימין 6,פסגת זאב
מבוא שלום בנימין 8,פסגת זאב
מבוא שרף 1,גילה
מבוא שרף 2,גילה
מבוא תמנע 4,רמת אשכול
מבוא תמנע 6,רמת אשכול
מגדים 12,בית הכרם
מגדים 13,בית הכרם
מגדים 14,בית הכרם
מגדים 15,בית הכרם
מגדים 16,בית הכרם
מגדים 17,בית הכרם
מגדים 18,בית הכרם
מגדים 20,בית הכרם
מגדים 22,בית הכרם
מגדים 24,בית הכרם
מגדים 4,בית הכרם
מדבר סיני 10,הגבעה הצרפתית
מדבר סיני 11,הגבעה הצרפתית
מדבר סיני 12,הגבעה הצרפתית
מדבר סיני 13,הגבעה הצרפתית
מדבר סיני 14,הגבעה הצרפתית
מדבר סיני 15,הגבעה הצרפתית
מדבר סיני 17,הגבעה הצרפתית
מדבר סיני 18,הגבעה הצרפתית
מדבר סיני 20,הגבעה הצרפתית
מדבר סיני 21,הגבעה הצרפתית
מדבר סיני 22,הגבעה הצרפתית
מדבר סיני 24,הגבעה הצרפתית
מדבר סיני 25,הגבעה הצרפתית
מדבר סיני 26,הגבעה הצרפתית
מדבר סיני 27,הגבעה הצרפתית
מדבר סיני 28,הגבעה הצרפתית
מדבר סיני 3,הגבעה הצרפתית
מדבר סיני 30,הגבעה הצרפתית
מדבר סיני 33,הגבעה הצרפתית
מדבר סיני 34,הגבעה הצרפתית
מדבר סיני 35,הגבעה הצרפתית
מדבר סיני 36,הגבעה הצרפתית
מדבר סיני 37,הגבעה הצרפתית
מדבר סיני 38,הגבעה הצרפתית
מדבר סיני 39,הגבעה הצרפתית
מדבר סיני 4,הגבעה הצרפתית
מדבר סיני 40,הגבעה הצרפתית
מדבר סיני 41,הגבעה הצרפתית
מדבר סיני 42,הגבעה הצרפתית
מדבר סיני 43,הגבעה הצרפתית
מדבר סיני 44,הגבעה הצרפתית
מדבר סיני 45,הגבעה הצרפתית
מדבר סיני 46,הגבעה הצרפתית
מדבר סיני 47,הגבעה הצרפתית
מדבר סיני 48,הגבעה הצרפתית
מדבר סיני 49,הגבעה הצרפתית
מדבר סיני 50,הגבעה הצרפתית
מדבר סיני 51,הגבעה הצרפתית
מדבר סיני 52,הגבעה הצרפתית
מדבר סיני 53,הגבעה הצרפתית
מדבר סיני 54,הגבעה הצרפתית
מדבר סיני 55,הגבעה הצרפתית
מדבר סיני 57,הגבעה הצרפתית
מדבר סיני 59,הגבעה הצרפתית
מדבר סיני 6,הגבעה הצרפתית
מדבר סיני 60,הגבעה הצרפתית
מדבר סיני 62,הגבעה הצרפתית
מדבר סיני 63,הגבעה הצרפתית
מדבר סיני 64,הגבעה הצרפתית
מדבר סיני 65,הגבעה הצרפתית
מדבר סיני 66,הגבעה הצרפתית
מדבר סיני 67,הגבעה הצרפתית
מדבר סיני 68,הגבעה הצרפתית
מדבר סיני 69,הגבעה הצרפתית
מדבר סיני 7,הגבעה הצרפתית
מדבר סיני 70,הגבעה הצרפתית
מדבר סיני 71,הגבעה הצרפתית
מדבר סיני 72,הגבעה הצרפתית
מדבר סיני 76,הגבעה הצרפתית
מדבר סיני 78,הגבעה הצרפתית
מדבר סיני 8,הגבעה הצרפתית
מדבר סיני 80,הגבעה הצרפתית
מדבר סיני 82,הגבעה הצרפתית
מדבר סיני 86,הגבעה הצרפתית
מדבר סיני 9,הגבעה הצרפתית
מדרגות הביקור 1,עין כרם
מדרגות הביקור 56,עין כרם
מדרגות הבציר 2,עין כרם
מדרגות הבציר 5,עין כרם
מדרגות הבציר 6,עין כרם
מדרגות הכפר 11,עין כרם
מדרגות הכפר 16,עין כרם
מדרגות הכפר 20,עין כרם
מדרגות הרומאים 10,עין כרם
מדרגות הרומאים 12,עין כרם
מדרגות הרומאים 13,עין כרם
מוג'יר א דין 10,שיח' ג'ראח
מודיעין 10,מקור ברוך
מודיעין 12,מקור ברוך
מודיעין 15,מקור ברוך
מודיעין 16,מקור ברוך
מודיעין 17,מקור ברוך
מודיעין 18,מקור ברוך
מודיעין 19,מקור ברוך
מודיעין 22,מקור ברוך
מודיעין 23,מקור ברוך
מודיעין 24,מקור ברוך
מודיעין 26,מקור ברוך
מודיעין 28,מקור ברוך
מודיעין 30,מקור ברוך
מודיעין 34,מקור ברוך
מודיעין 36,מקור ברוך
מודיעין 38,מקור ברוך
מודיעין 4,מקור ברוך
מודיעין 6,מקור ברוך
מודיעין 7,מקור ברוך
מוחמד אל פאתח 13,בית חנינא
מוחמד אל פאתח 19,בית חנינא
מוחמד אל פאתח 23,בית חנינא
מוחמד אל פאתח 25,בית חנינא
מוחמד אל פאתח 999,בית חנינא
מוחמד אל פאתח סמ1 4,בית חנינא
מוחמד אל פאתח סמ1 6,בית חנינא
מוחמד אל פאתח סמ1 8,בית חנינא
מולכו 1,טלביה
מולכו 2,טלביה
מולכו 3,טלביה
מולכו 4,טלביה
מולכו 5,טלביה
מולכו 6,טלביה
מולכו 7,טלביה
מולכו 8,טלביה
מולכו 9,טלביה
מוניר חסאן 14,עיסוויה
מוניר חסאן 19,עיסוויה
מוניר חסאן 22,עיסוויה
מוניר חסאן 23,עיסוויה
מוניר חסאן 25,עיסוויה
מוניר חסאן 28,עיסוויה
מוניר חסאן 29,עיסוויה
מוניר חסאן 30,עיסוויה
מוניר חסאן 31,עיסוויה
מוניר חסאן 32,עיסוויה
מוניר חסאן 33,עיסוויה
מוניר חסאן 35,עיסוויה
מוניר חסאן 36,עיסוויה
מוניר חסאן 40,עיסוויה
מוניר חסאן 43,עיסוויה
מוניר חסאן 46,עיסוויה
מוניר חסאן 52,עיסוויה
מוניר חסאן 6,עיסוויה
מוניר חסאן 8,עיסוויה
מוניר חסאן סמ1 1,עיסוויה
מוניר חסאן סמ1 11,עיסוויה
מוניר חסאן סמ1 16,עיסוויה
מוניר חסאן סמ1 18,עיסוויה
מוניר חסאן סמ1 20,עיסוויה
מוניר חסאן סמ1 3,עיסוויה
מוניר חסאן סמ1 9,עיסוויה
מוניר חסאן סמ3 2,עיסוויה
מוניר חסאן סמ3 4,עיסוויה
מוניר חסאן סמ3 9,עיסוויה
מוניר חסאן סמ4 1,עיסוויה
מוניר חסאן סמ4 12,עיסוויה
מוניר חסאן סמ4 2,עיסוויה
מוניר חסאן סמ4 4,עיסוויה
מוסא סייק 16,שיח' ג'ראח
מוסא סייק 18,שיח' ג'ראח
מוסא סייק 6,שיח' ג'ראח
מוסיוף שלמה 18,בוכרים
מוסיוף שלמה 2,בוכרים
מוסיוף שלמה 23,בוכרים
מוסיוף שלמה 24,בוכרים
מועלם שמעון נסים,רמת שרת
מועלם שמעון נסים 10,רמת שרת
מועלם שמעון נסים 12,רמת שרת
מועלם שמעון נסים 14,רמת שרת
מועלם שמעון נסים 16,רמת שרת
מועלם שמעון נסים 18,רמת שרת
מועלם שמעון נסים 2,רמת שרת
מועלם שמעון נסים 20,רמת שרת
מועלם שמעון נסים 4,רמת שרת
מועלם שמעון נסים 5,רמת שרת
מועלם שמעון נסים 6,רמת שרת
מועלם שמעון נסים 8,רמת שרת
מוצעב בן עומייר 1,צור באחר
מוצעב בן עומייר 10,צור באחר
מוצעב בן עומייר 19,צור באחר
מוצעב בן עומייר 2,צור באחר
מוצעב בן עומייר 24,צור באחר
מוצעב בן עומייר 25,צור באחר
מוצעב בן עומייר 28,צור באחר
מוצעב בן עומייר 3,צור באחר
מוצעב בן עומייר 34,צור באחר
מוצעב בן עומייר 680,צור באחר
מוצעב בן עומייר 8,צור באחר
מוצעב בן עומייר 9,צור באחר
מוצעב בן עומייר סמ3,צור באחר
מוצעב בן עומייר סמ3 21,צור באחר
מוצעב בן עומייר סמ3 23,צור באחר
מוצעב בן עומייר סמ3 3,צור באחר
מוצעב בן עומייר סמ3 5,צור באחר
מוצעב בן עומייר סמ3 9,צור באחר
מוצעב בן עומייר סמ3 9999,צור באחר
מוצקין אריה 1,קרית היובל
מוצקין אריה 10,קרית היובל
מוצקין אריה 2,קרית היובל
מוצקין אריה 3,קרית היובל
מוצקין אריה 4,קרית היובל
מוצקין אריה 5,קרית היובל
מוצקין אריה 6,קרית היובל
מוצקין אריה 7,קרית היובל
מוצקין אריה 8,קרית היובל
מורגנטאו הנרי 10,רמות
מורגנטאו הנרי 11,רמות
מורגנטאו הנרי 12,רמות
מורגנטאו הנרי 13,רמות
מורגנטאו הנרי 14,רמות
מורגנטאו הנרי 15,רמות
מורגנטאו הנרי 16,רמות
מורגנטאו הנרי 17,רמות
מורגנטאו הנרי 18,רמות
מורגנטאו הנרי 19,רמות
מורגנטאו הנרי 20,רמות
מורגנטאו הנרי 21,רמות
מורגנטאו הנרי 23,רמות
מורגנטאו הנרי 24,רמות
מורגנטאו הנרי 25,רמות
מורגנטאו הנרי 26,רמות
מורגנטאו הנרי 27,רמות
מורגנטאו הנרי 28,רמות
מורגנטאו הנרי 29,רמות
מורגנטאו הנרי 30,רמות
מורגנטאו הנרי 31,רמות
מורגנטאו הנרי 32,רמות
מורגנטאו הנרי 34,רמות
מורגנטאו הנרי 36,רמות
מורגנטאו הנרי 38,רמות
מורגנטאו הנרי 39,רמות
מורגנטאו הנרי 40,רמות
מורגנטאו הנרי 42,רמות
מורגנטאו הנרי 43,רמות
מורגנטאו הנרי 44,רמות
מורגנטאו הנרי 46,רמות
מורגנטאו הנרי 48,רמות
מורגנטאו הנרי 5,רמות
מורגנטאו הנרי 50,רמות
מורגנטאו הנרי 52,רמות
מורגנטאו הנרי 54,רמות
מורגנטאו הנרי 56,רמות
מורגנטאו הנרי 58,רמות
מורגנטאו הנרי 60,רמות
מורגנטאו הנרי 8,רמות
מורגנטאו הנרי 85,רמות
מוריה 3,רוממה
מוריסטן 3,העיר העתיקה
מזור 1,נחלאות
מזור 10,נחלאות
מזור 2,נחלאות
מזור 3,נחלאות
מזור 4,נחלאות
מזור 5,נחלאות
מזור 8,נחלאות
מזור 9,נחלאות
מזיא אהרן 8,מרכז העיר
מזכרת משה 4,נחלאות
מזכרת משה 6,נחלאות
מזל אריה 10,פסגת זאב
מזל אריה 12,פסגת זאב
מזל אריה 13,פסגת זאב
מזל אריה 14,פסגת זאב
מזל אריה 15,פסגת זאב
מזל אריה 16,פסגת זאב
מזל אריה 17,פסגת זאב
מזל אריה 18,פסגת זאב
מזל אריה 19,פסגת זאב
מזל אריה 20,פסגת זאב
מזל אריה 21,פסגת זאב
מזל אריה 23,פסגת זאב
מזל אריה 25,פסגת זאב
מזל אריה 4,פסגת זאב
מזל אריה 5,פסגת זאב
מזל אריה 6,פסגת זאב
מזל אריה 7,פסגת זאב
מזל אריה 8,פסגת זאב
מזל גדי 10,פסגת זאב
מזל גדי 12,פסגת זאב
מזל גדי 2,פסגת זאב
מזל גדי 3,פסגת זאב
מזל גדי 4,פסגת זאב
מזל גדי 6,פסגת זאב
מזל גדי 7,פסגת זאב
מזל גדי 9,פסגת זאב
מזל דלי 10,פסגת זאב
מזל דלי 8,פסגת זאב
מזל טלה 10,פסגת זאב
מזל טלה 16,פסגת זאב
מזל טלה 20,פסגת זאב
מזל טלה 22,פסגת זאב
מזל טלה 3,פסגת זאב
מזל טלה 5,פסגת זאב
מזל טלה 9,פסגת זאב
מזל מאזנים 1,פסגת זאב
מזל מאזנים 10,פסגת זאב
מזל מאזנים 12,פסגת זאב
מזל מאזנים 2,פסגת זאב
מזל מאזנים 4,פסגת זאב
מזל מאזנים 6,פסגת זאב
מזל מאזנים 8,פסגת זאב
מזל קשת 6,פסגת זאב
מזל קשת 8,פסגת זאב
מזל שור 10,פסגת זאב
מזל שור 11,פסגת זאב
מזל שור 12,פסגת זאב
מזל שור 13,פסגת זאב
מזל שור 14,פסגת זאב
מזל שור 16,פסגת זאב
מזל שור 18,פסגת זאב
מזל שור 20,פסגת זאב
מזל שור 22,פסגת זאב
מזל שור 3,פסגת זאב
מזל שור 4,פסגת זאב
מזל שור 5,פסגת זאב
מזל שור 6,פסגת זאב
מזל שור 7,פסגת זאב
מזל שור 8,פסגת זאב
מזל שור 9,פסגת זאב
מזל תאומים 3,פסגת זאב
מזל תאומים 5,פסגת זאב
מזל תאומים 7,פסגת זאב
מזל תאומים 9,פסגת זאב
מזרחי יוסף 10,בית ישראל
מזרחי יוסף 2,בית ישראל
מזרחי יוסף 6,בית ישראל
מזרחי יוסף 8,בית ישראל
מחג'רת עתמה 10,עיסוויה
מחג'רת עתמה 12,עיסוויה
מחג'רת עתמה 14,עיסוויה
מחג'רת עתמה 16,עיסוויה
מחג'רת עתמה 18,עיסוויה
מחג'רת עתמה 22,עיסוויה
מחג'רת עתמה 23,עיסוויה
מחג'רת עתמה 25,עיסוויה
מחג'רת עתמה 27,עיסוויה
מחג'רת עתמה 3,עיסוויה
מחג'רת עתמה 31,עיסוויה
מחג'רת עתמה 37,עיסוויה
מחג'רת עתמה 39,עיסוויה
מחג'רת עתמה 4,עיסוויה
מחג'רת עתמה 9,עיסוויה
מחג'רת עתמה 9999,עיסוויה
מחג'רת עתמה סמ2 14,עיסוויה
מחג'רת עתמה סמ2 19,עיסוויה
מחג'רת עתמה סמ2 3,עיסוויה
מחג'רת עתמה סמ2 5,עיסוויה
מחג'רת עתמה סמ2 6,עיסוויה
מחג'רת עתמה סמ2 7,עיסוויה
מחג'רת עתמה סמ2 8,עיסוויה
מחג'רת עתמה סמ2 9,עיסוויה
מחג'רת עתמה סמ3 11,עיסוויה
מחג'רת עתמה סמ3 3,עיסוויה
מחג'רת עתמה סמ3 4,עיסוויה
מחג'רת עתמה סמ3 5,עיסוויה
מחג'רת עתמה סמ3 6,עיסוויה
מחג'רת עתמה סמ3 7,עיסוויה
מחג'רת עתמה סמ3 9,עיסוויה
מחג'רת עתמה סמ3 999,עיסוויה
מחיסן 10,עיסוויה
מחיסן 12,עיסוויה
מחיסן סמ1 1,עיסוויה
מחיסן סמ1 10,עיסוויה
מחיסן סמ1 11,עיסוויה
מחיסן סמ1 13,עיסוויה
מחיסן סמ1 2,עיסוויה
מחיסן סמ1 3,עיסוויה
מחיסן סמ1 6,עיסוויה
מחיסן סמ1 7,עיסוויה
מחיסן סמ1 8,עיסוויה
מחיסן סמ1 9999,עיסוויה
מחיסן סמ3 3,עיסוויה
מחיסן סמ3 5,עיסוויה
מחיסן סמ3 7,עיסוויה
מחל 10,מעלות דפנה
מחל 11,מעלות דפנה
מחל 13,מעלות דפנה
מחל 16,מעלות דפנה
מחל 18,מעלות דפנה
מחל 2,מעלות דפנה
מחל 20,מעלות דפנה
מחל 24,מעלות דפנה
מחל 28,מעלות דפנה
מחל 4,מעלות דפנה
מחל 6,מעלות דפנה
מחל 8,מעלות דפנה
מחלקי המים 12,קטמון
מחלקי המים 13,קטמון
מחלקי המים 14,קטמון
מחלקי המים 15,קטמון
מחלקי המים 18,קטמון
מחלקי המים 19,קטמון
מחלקי המים 2,קטמון
מחלקי המים 20,קטמון
מחלקי המים 21,קטמון
מחלקי המים 22,קטמון
מחלקי המים 3,קטמון
מחלקי המים 4,קטמון
מחלקי המים 6,קטמון
מחמוד ברבר 11,ראס אל-עמוד
מחמוד ברבר 20,ראס אל-עמוד
מחמוד ברבר 25,ראס אל-עמוד
מחמוד ברבר 32,ראס אל-עמוד
מחמוד ברבר 34,ראס אל-עמוד
מחמוד ברבר 36,ראס אל-עמוד
מחמוד ברבר 55,ראס אל-עמוד
מחמוד ברבר 9,ראס אל-עמוד
מחנה יצחק 1,פסגת זאב
מחנה יצחק 10,פסגת זאב
מחנה יצחק 12,פסגת זאב
מחנה יצחק 13,פסגת זאב
מחנה יצחק 14,פסגת זאב
מחנה יצחק 15,פסגת זאב
מחנה יצחק 16,פסגת זאב
מחנה יצחק 17,פסגת זאב
מחנה יצחק 18,פסגת זאב
מחנה יצחק 19,פסגת זאב
מחנה יצחק 2,פסגת זאב
מחנה יצחק 20,פסגת זאב
מחנה יצחק 21,פסגת זאב
מחנה יצחק 22,פסגת זאב
מחנה יצחק 23,פסגת זאב
מחנה יצחק 24,פסגת זאב
מחנה יצחק 25,פסגת זאב
מחנה יצחק 3,פסגת זאב
מחנה יצחק 4,פסגת זאב
מחנה יצחק 5,פסגת זאב
מחנה יצחק 6,פסגת זאב
מחנה יצחק 7,פסגת זאב
מחנה יצחק 8,פסגת זאב
מחנה יצחק 9,פסגת זאב
מחנה פליטים קלנדיה 0,כפר עקב
מחנה פליטים קלנדיה 10,כפר עקב
מחנה פליטים קלנדיה 18,כפר עקב
מחנה פליטים קלנדיה 186,כפר עקב
מחנה פליטים קלנדיה 55,כפר עקב
מחנה פליטים קלנדיה 636,כפר עקב
מחנה פליטים קלנדיה 709,כפר עקב
מחנה פליטים קלנדיה 711,כפר עקב
מחנה פליטים קלנדיה 80,כפר עקב
מחנה פליטים שעפט 104,שועפאט
מחנה פליטים שעפט 112,שועפאט
מחנה פליטים שעפט 12,שועפאט
מחנה פליטים שעפט 120,שועפאט
מחנה פליטים שעפט 122,שועפאט
מחנה פליטים שעפט 127,שועפאט
מחנה פליטים שעפט 131,שועפאט
מחנה פליטים שעפט 136,שועפאט
מחנה פליטים שעפט 14,שועפאט
מחנה פליטים שעפט 146,שועפאט
מחנה פליטים שעפט 153,שועפאט
מחנה פליטים שעפט 16,שועפאט
מחנה פליטים שעפט 163,שועפאט
מחנה פליטים שעפט 17,שועפאט
מחנה פליטים שעפט 173,שועפאט
מחנה פליטים שעפט 18,שועפאט
מחנה פליטים שעפט 19,שועפאט
מחנה פליטים שעפט 2,שועפאט
מחנה פליטים שעפט 23,שועפאט
מחנה פליטים שעפט 26,שועפאט
מחנה פליטים שעפט 3,שועפאט
מחנה פליטים שעפט 30,שועפאט
מחנה פליטים שעפט 309,שועפאט
מחנה פליטים שעפט 312,שועפאט
מחנה פליטים שעפט 34,שועפאט
מחנה פליטים שעפט 36,שועפאט
מחנה פליטים שעפט 404,שועפאט
מחנה פליטים שעפט 46,שועפאט
מחנה פליטים שעפט 471,שועפאט
מחנה פליטים שעפט 49,שועפאט
מחנה פליטים שעפט 51,שועפאט
מחנה פליטים שעפט 53,שועפאט
מחנה פליטים שעפט 55,שועפאט
מחנה פליטים שעפט 6,שועפאט
מחנה פליטים שעפט 62,שועפאט
מחנה פליטים שעפט 7,שועפאט
מחנה פליטים שעפט 81,שועפאט
מחנה פליטים שעפט 9,שועפאט
מחנה פליטים שעפט 90,שועפאט
מחניים 12,רוממה
מחניים 5,רוממה
מחניים 6,רוממה
מחניים 7,רוממה
מחניים 8,רוממה
מיוחס 11,נחלאות
מיוחס 13,נחלאות
מיוחס 15,נחלאות
מיוחס 4,נחלאות
מיוחס 5,נחלאות
מיוחס 6,נחלאות
מיוחס 8,נחלאות
מיכאלסון 10,ניות
מיכאלסון 11,ניות
מיכאלסון 12,ניות
מיכאלסון 14,ניות
מיכאלסון 2,ניות
מיכאלסון 6,ניות
מיכאלסון 8,ניות
מיכאלסון 9,ניות
מיכה 10,גאולה
מיכה 13,גאולה
מיכה 15,גאולה
מיכה 6,גאולה
מיכה 8,גאולה
מיכה 9,גאולה
מיכל 11,סנהדריה
מיכל 13,סנהדריה
מיכל 15,סנהדריה
מיכל 3,סנהדריה
מיכל 4,סנהדריה
מיכל 6,סנהדריה
מיכל 9,סנהדריה
מיכלין 10,בית וגן
מיכלין 11,בית וגן
מיכלין 12,בית וגן
מיכלין 13,בית וגן
מיכלין 14,בית וגן
מיכלין 15,בית וגן
מיכלין 16,בית וגן
מיכלין 17,בית וגן
מיכלין 18,בית וגן
מיכלין 19,בית וגן
מיכלין 2,בית וגן
מיכלין 20,בית וגן
מיכלין 22,בית וגן
מיכלין 23,בית וגן
מיכלין 24,בית וגן
מיכלין 6,בית וגן
מיכלין 8,בית וגן
מיכלין 9,בית וגן
מינץ 11,רמות
מינץ 13,רמות
מינץ 15,רמות
מינץ 17,רמות
מינץ 19,רמות
מינץ 2,רמות
מינץ 21,רמות
מינץ 23,רמות
מינץ 25,רמות
מינץ 27,רמות
מינץ 3,רמות
מינץ 30,רמות
מינץ 33,רמות
מינץ 35,רמות
מינץ 37,רמות
מינץ 39,רמות
מינץ 4,רמות
מינץ 40,רמות
מינץ 41,רמות
מינץ 42,רמות
מינץ 48,רמות
מינץ 50,רמות
מינץ 52,רמות
מינץ 54,רמות
מינץ 60,רמות
מינץ 62,רמות
מינץ 64,רמות
מינץ 66,רמות
מינץ 7,רמות
מינץ 9,רמות
מינצברג 13,בית וגן
מינצברג 2,בית וגן
מינצברג 3,בית וגן
מינצברג 5,בית וגן
מינצברג 6,בית וגן
מינצברג 7,בית וגן
מיס לנדאו 11,גבעת משואה
מיס לנדאו 13,גבעת משואה
מיס לנדאו 15,גבעת משואה
מיס לנדאו 3,גבעת משואה
מיס לנדאו 5,גבעת משואה
מיס לנדאו 7,גבעת משואה
מיס לנדאו 9,גבעת משואה
מיצרי טירן 1,הגבעה הצרפתית
מיצרי טירן 10,הגבעה הצרפתית
מיצרי טירן 11,הגבעה הצרפתית
מיצרי טירן 12,הגבעה הצרפתית
מיצרי טירן 13,הגבעה הצרפתית
מיצרי טירן 14,הגבעה הצרפתית
מיצרי טירן 15,הגבעה הצרפתית
מיצרי טירן 16,הגבעה הצרפתית
מיצרי טירן 17,הגבעה הצרפתית
מיצרי טירן 18,הגבעה הצרפתית
מיצרי טירן 19,הגבעה הצרפתית
מיצרי טירן 2,הגבעה הצרפתית
מיצרי טירן 20,הגבעה הצרפתית
מיצרי טירן 21,הגבעה הצרפתית
מיצרי טירן 22,הגבעה הצרפתית
מיצרי טירן 23,הגבעה הצרפתית
מיצרי טירן 24,הגבעה הצרפתית
מיצרי טירן 27,הגבעה הצרפתית
מיצרי טירן 29,הגבעה הצרפתית
מיצרי טירן 3,הגבעה הצרפתית
מיצרי טירן 31,הגבעה הצרפתית
מיצרי טירן 32,הגבעה הצרפתית
מיצרי טירן 33,הגבעה הצרפתית
מיצרי טירן 34,הגבעה הצרפתית
מיצרי טירן 35,הגבעה הצרפתית
מיצרי טירן 39,הגבעה הצרפתית
מיצרי טירן 4,הגבעה הצרפתית
מיצרי טירן 41,הגבעה הצרפתית
מיצרי טירן 5,הגבעה הצרפתית
מיצרי טירן 6,הגבעה הצרפתית
מיצרי טירן 7,הגבעה הצרפתית
מיצרי טירן 8,הגבעה הצרפתית
מיצרי טירן 9,הגבעה הצרפתית
מירון 12,מקור ברוך
מירון 14,מקור ברוך
מירון 4,מקור ברוך
מירון 6,מקור ברוך
מירסקי יצחק 13,רמות
מירסקי יצחק 15,רמות
מירסקי יצחק 17,רמות
מירסקי יצחק 21,רמות
מירסקי יצחק 33,רמות
מירסקי יצחק 35,רמות
מירסקי יצחק 37,רמות
מירסקי יצחק 39,רמות
מירסקי יצחק 41,רמות
מירסקי יצחק 42,רמות
מירסקי יצחק 44,רמות
מישאל 3,המושבה הגרמנית
מכור 1,גוננים
מכור 3,גוננים
מכור 5,גוננים
מכור 7,גוננים
מכור 9,גוננים
מכסיקו 10,קרית מנחם
מכסיקו 11,קרית מנחם
מכסיקו 12,קרית מנחם
מכסיקו 13,קרית מנחם
מכסיקו 14,קרית מנחם
מכסיקו 15,קרית מנחם
מכסיקו 16,קרית מנחם
מכסיקו 17,קרית מנחם
מכסיקו 18,קרית מנחם
מכסיקו 19,קרית מנחם
מכסיקו 2,קרית מנחם
מכסיקו 20,קרית מנחם
מכסיקו 21,קרית מנחם
מכסיקו 22,קרית מנחם
מכסיקו 23,קרית מנחם
מכסיקו 25,קרית מנחם
מכסיקו 4,קרית מנחם
מכסיקו 6,קרית מנחם
מכסיקו 7,קרית מנחם
מכסיקו 8,קרית מנחם
מכסיקו 9,קרית מנחם
מלאכי 19,גאולה
מלאכי 21,גאולה
מלאכי 22,גאולה
מלאכי 24,גאולה
מלאכי 25,גאולה
מלאכי 26,גאולה
מלאכי 29,גאולה
מלאכי 30,גאולה
מלאכי 32,גאולה
מלאכי 34,גאולה
מלאכי 35,גאולה
מלאכי 36,גאולה
מלאכי 4,גאולה
מלאכי 6,גאולה
מלכי 1,אבו תור
מלכי 10,אבו תור
מלכי 12,אבו תור
מלכי 14,אבו תור
מלכי 15,אבו תור
מלכי 16,אבו תור
מלכי 18,אבו תור
מלכי 19,אבו תור
מלכי 20,אבו תור
מלכי 22,אבו תור
מלכי 23,אבו תור
מלכי 24,אבו תור
מלכי 25,אבו תור
מלכי 26,אבו תור
מלכי 28,אבו תור
מלכי 3,אבו תור
מלכי 4,אבו תור
מלכי 7,אבו תור
מלכי 8,אבו תור
מלכי ישראל 48,מקור ברוך
מלכי ישראל 50,מקור ברוך
מלכי ישראל 59,מקור ברוך
מלכי ישראל 61,מקור ברוך
מלכי ישראל 65,מקור ברוך
מלכי ישראל 69,מקור ברוך
מלל 7,המושבה הגרמנית
ממילא 17,ממילא
מן 3,גבעת מרדכי
מן 5,גבעת מרדכי
מן 6,גבעת מרדכי
מנדלי מוכר ספרים 10,טלביה
מנדלי מוכר ספרים 12,טלביה
מנדלי מוכר ספרים 14,טלביה
מנדלי מוכר ספרים 4,טלביה
מנדלי מוכר ספרים 5,טלביה
מנדלי מוכר ספרים 6,טלביה
מנדלי מוכר ספרים 7,טלביה
מנדלסון אריק 1,רמות
מנדלסון אריק 11,רמות
מנדלסון אריק 13,רמות
מנדלסון אריק 15,רמות
מנדלסון אריק 17,רמות
מנדלסון אריק 3,רמות
מנדלסון אריק 5,רמות
מנדלסון אריק 7,רמות
מנדלסון אריק 9,רמות
מנה 3,טלביה
מנה 4,טלביה
מנה 6,טלביה
מנורה 4,נחלאות
מנורה 6,נחלאות
מנזר המארונים 10,העיר העתיקה
מנזר המארונים 13,העיר העתיקה
מנזר המארונים 17,העיר העתיקה
מנזר המארונים 19,העיר העתיקה
מנזר המארונים 23,העיר העתיקה
מנזר המארונים 365,העיר העתיקה
מנזר המארונים 4,העיר העתיקה
מנזר המארונים 5,העיר העתיקה
מנזר המארונים 6,העיר העתיקה
מנזר המארונים 7,העיר העתיקה
מנזר המארונים 821,העיר העתיקה
מנזר המארונים 9,העיר העתיקה
מנזר המארונים 9999,העיר העתיקה
מנחם 10,מקור ברוך
מנחם 11,מקור ברוך
מנחם 2,מקור ברוך
מנחם 3,מקור ברוך
מנחם 4,מקור ברוך
מנחם 5,מקור ברוך
מנחם 6,מקור ברוך
מנחם 7,מקור ברוך
מנחם 9,מקור ברוך
מנחם מנדל משקלוב 11,הר נוף
מנחם מנדל משקלוב 13,הר נוף
מנחם מנדל משקלוב 15,הר נוף
מנחם מנדל משקלוב 17,הר נוף
מנחם מנדל משקלוב 18,הר נוף
מנחם מנדל משקלוב 2,הר נוף
מנחם מנדל משקלוב 22,הר נוף
מנחם מנדל משקלוב 4,הר נוף
מנחם מנדל משקלוב 6,הר נוף
מנחם מנדל משקלוב 8,הר נוף
מנחם מנדל משקלוב 9,הר נוף
מנחת יצחק 10,קרית צאנז
מנחת יצחק 13,קרית צאנז
מנחת יצחק 16,קרית צאנז
מנחת יצחק 18,קרית צאנז
מנחת יצחק 19,קרית צאנז
מנחת יצחק 5,קרית צאנז
מנחת יצחק 8,קרית צאנז
מנחת יצחק 9,קרית צאנז
מנטקה א חמרה,העיר העתיקה
מנטקה א חמרה 10,העיר העתיקה
מנטקה א חמרה 14,העיר העתיקה
מנטקה א חמרה 19,העיר העתיקה
מנטקה א חמרה 2,העיר העתיקה
מנטקה א חמרה 21,העיר העתיקה
מנטקה א חמרה 22,העיר העתיקה
מנטקה א חמרה 24,העיר העתיקה
מנטקה א חמרה 26,העיר העתיקה
מנטקה א חמרה 29,העיר העתיקה
מנטקה א חמרה 3,העיר העתיקה
מנטקה א חמרה 31,העיר העתיקה
מנטקה א חמרה 32,העיר העתיקה
מנטקה א חמרה 33,העיר העתיקה
מנטקה א חמרה 37,העיר העתיקה
מנטקה א חמרה 4,העיר העתיקה
מנטקה א חמרה 5,העיר העתיקה
מנטקה א חמרה 513,העיר העתיקה
מנטקה א חמרה 7,העיר העתיקה
מנטקה א חמרה 8,העיר העתיקה
מנטקה א חמרה 9999,העיר העתיקה
מני אליהו 12,נחלאות
מני אליהו 14,נחלאות
מני אליהו 5,נחלאות
מני אליהו 6,נחלאות
מנשה 16,בקעה
מנשה 2,בקעה
מנשה 4,בקעה
מנשה 5,בקעה
מנשה 6,בקעה
מנשה 8,בקעה
מס ראובן 127,רמות
מס ראובן 128,רמות
מס ראובן 129,רמות
מס ראובן 131,רמות
מס ראובן 136,רמות
מס ראובן 137,רמות
מס ראובן 138,רמות
מסילת ישרים 23,נחלאות
מסילת ישרים 3,נחלאות
מסילת ישרים 5,נחלאות
מסילת ישרים 8,נחלאות
מסילת ישרים 9,נחלאות
מסליאנסקי צבי 10,רמות
מסליאנסקי צבי 12,רמות
מסליאנסקי צבי 14,רמות
מסליאנסקי צבי 16,רמות
מסליאנסקי צבי 18,רמות
מסליאנסקי צבי 2,רמות
מסליאנסקי צבי 20,רמות
מסליאנסקי צבי 22,רמות
מסליאנסקי צבי 24,רמות
מסליאנסקי צבי 26,רמות
מסליאנסקי צבי 28,רמות
מסליאנסקי צבי 3,רמות
מסליאנסקי צבי 30,רמות
מסליאנסקי צבי 32,רמות
מסליאנסקי צבי 34,רמות
מסליאנסקי צבי 36,רמות
מסליאנסקי צבי 38,רמות
מסליאנסקי צבי 4,רמות
מסליאנסקי צבי 40,רמות
מסליאנסקי צבי 6,רמות
מסליאנסקי צבי 8,רמות
מסעדה 1,צור באחר
מסעדה 12,צור באחר
מסעדה 14,צור באחר
מסעדה 2,צור באחר
מסעדה 24,צור באחר
מסעדה 27,צור באחר
מסעדה 3,צור באחר
מסעדה 36,צור באחר
מסעדה 39,צור באחר
מסעדה 41,צור באחר
מסעדה 43,צור באחר
מסעדה 45,צור באחר
מסעדה 48,צור באחר
מסעדה 5,צור באחר
מסעדה 51,צור באחר
מסעדה 55,צור באחר
מסעדה 682,צור באחר
מסעדה 8,צור באחר
מסעדה 9,צור באחר
מסעדה 9999,צור באחר
מסעדה סמ1 15,צור באחר
מסעדה סמ1 2,צור באחר
מסעדה סמ2 10,צור באחר
מסעדה סמ2 2,צור באחר
מסעדה סמ2 4,צור באחר
מסעדה סמ2 6,צור באחר
מסעדה סמ3 10,צור באחר
מסעדה סמ3 2,צור באחר
מסעדה סמ3 22,צור באחר
מסעדה סמ3 28,צור באחר
מסעדה סמ3 5,צור באחר
מסעדה סמ3 8,צור באחר
מסעדה סמ4 10,צור באחר
מסעדה סמ4 4,צור באחר
מסריק 1,המושבה הגרמנית
מסריק 11,המושבה הגרמנית
מסריק 12,המושבה הגרמנית
מסריק 13,המושבה הגרמנית
מסריק 15,המושבה הגרמנית
מסריק 2,המושבה הגרמנית
מסריק 3,המושבה הגרמנית
מסריק 4,המושבה הגרמנית
מסריק 5,המושבה הגרמנית
מסריק 6,המושבה הגרמנית
מסריק 7,המושבה הגרמנית
מסריק 8,המושבה הגרמנית
מסריק 9,המושבה הגרמנית
מעבר המיתלה 1,רמת אשכול
מעבר המיתלה 2,רמת אשכול
מעבר המיתלה 3,רמת אשכול
מעבר המיתלה 4,רמת אשכול
מעגל בית המדרש 12,בית הכרם
מעגל בית המדרש 18,בית הכרם
מעגל בית המדרש 2,בית הכרם
מעגל בית המדרש 20,בית הכרם
מעגל בית המדרש 22,בית הכרם
מעגל בית המדרש 4,בית הכרם
מעגל בית המדרש 6,בית הכרם
מעגל בית המדרש 8,בית הכרם
מעגל הניקבה 11,עין כרם
מעגלות הרב פרדס 10,נווה יעקב
מעגלות הרב פרדס 106,נווה יעקב
מעגלות הרב פרדס 114,נווה יעקב
מעגלות הרב פרדס 20,נווה יעקב
מעגלות הרב פרדס 22,נווה יעקב
מעגלות הרב פרדס 26,נווה יעקב
מעגלות הרב פרדס 28,נווה יעקב
מעגלות הרב פרדס 402,נווה יעקב
מעגלות הרב פרדס 41,נווה יעקב
מעגלות הרב פרדס 421,נווה יעקב
מעגלות הרב פרדס 43,נווה יעקב
מעגלות הרב פרדס 45,נווה יעקב
מעגלות הרב פרדס 47,נווה יעקב
מעגלות הרב פרדס 49,נווה יעקב
מעגלות הרב פרדס 51,נווה יעקב
מעגלות הרב פרדס 521,נווה יעקב
מעגלות הרב פרדס 522,נווה יעקב
מעגלות הרב פרדס 523,נווה יעקב
מעגלות הרב פרדס 524,נווה יעקב
מעגלות הרב פרדס 525,נווה יעקב
מעגלות הרב פרדס 527,נווה יעקב
מעגלות הרב פרדס 53,נווה יעקב
מעגלות הרב פרדס 54,נווה יעקב
מעגלות הרב פרדס 55,נווה יעקב
מעגלות הרב פרדס 59,נווה יעקב
מעגלות הרב פרדס 8,נווה יעקב
מעגלי הרים לוין 101,סנהדריה
מעגלי הרים לוין 103,סנהדריה
מעגלי הרים לוין 11,סנהדריה
מעגלי הרים לוין 116,סנהדריה
מעגלי הרים לוין 117,סנהדריה
מעגלי הרים לוין 126,סנהדריה
מעגלי הרים לוין 128,סנהדריה
מעגלי הרים לוין 13,סנהדריה
מעגלי הרים לוין 132,סנהדריה
מעגלי הרים לוין 135,סנהדריה
מעגלי הרים לוין 136,סנהדריה
מעגלי הרים לוין 137,סנהדריה
מעגלי הרים לוין 138,סנהדריה
מעגלי הרים לוין 15,סנהדריה
מעגלי הרים לוין 17,סנהדריה
מעגלי הרים לוין 19,סנהדריה
מעגלי הרים לוין 21,סנהדריה
מעגלי הרים לוין 23,סנהדריה
מעגלי הרים לוין 41,סנהדריה
מעגלי הרים לוין 43,סנהדריה
מעגלי הרים לוין 45,סנהדריה
מעגלי הרים לוין 47,סנהדריה
מעגלי הרים לוין 7,סנהדריה
מעגלי הרים לוין 9,סנהדריה
מעגלי יבנה 110,גוננים
מעגלי יבנה 112,גוננים
מעגלי יבנה 113,גוננים
מעגלי יבנה 115,גוננים
מעגלי יבנה 117,גוננים
מעגלי יבנה 13,גוננים
מעגלי יבנה 15,גוננים
מעגלי יבנה 17,גוננים
מעגלי יבנה 19,גוננים
מעגלי יבנה 3,גוננים
מעגלי יבנה 5,גוננים
מעגלי יבנה 7,גוננים
מעגלי יבנה 9,גוננים
מעון 2,נחלאות
מעון 4,נחלאות
מעון 5,נחלאות
מעון 8,נחלאות
מעלה אורנים 10,רמות
מעלה אורנים 11,רמות
מעלה אורנים 12,רמות
מעלה אורנים 13,רמות
מעלה אורנים 14,רמות
מעלה אורנים 16,רמות
מעלה אורנים 18,רמות
מעלה אורנים 2,רמות
מעלה אורנים 20,רמות
מעלה אורנים 22,רמות
מעלה אורנים 3,רמות
מעלה אורנים 4,רמות
מעלה אורנים 5,רמות
מעלה אורנים 6,רמות
מעלה אורנים 7,רמות
מעלה אורנים 8,רמות
מעלה השלום,הרובע היהודי
מעלה השלום 1,הרובע היהודי
מעלה השלום 11,הרובע היהודי
מעלה השלום 12,הרובע היהודי
מעלה השלום 20,הרובע היהודי
מעלה השלום 22,הרובע היהודי
מעלה השלום 24,הרובע היהודי
מעלה השלום 25,הרובע היהודי
מעלה השלום 26,הרובע היהודי
מעלה השלום 28,הרובע היהודי
מעלה השלום 30,הרובע היהודי
מעלה השלום 34,הרובע היהודי
מעלה השלום 38,הרובע היהודי
מעלה השלום 42,הרובע היהודי
מעלה השלום 5,הרובע היהודי
מעלה השלום 63,הרובע היהודי
מעלה השלום 82,הרובע היהודי
מעלה השלום 9,הרובע היהודי
מעלה השלום 904,הרובע היהודי
מעלה השלום 906,הרובע היהודי
מעלה השלום 999,הרובע היהודי
מעלה השלום 9999,הרובע היהודי
מעלה השלום סמ1 22,הרובע היהודי
מעלה השלום סמ1 3,הרובע היהודי
מעלה השלום סמ1 34,הרובע היהודי
מעלה זיתים,ראס אל-עמוד
מעלה זיתים 11,ראס אל-עמוד
מעלה זיתים 17,ראס אל-עמוד
מעלה זיתים 4,ראס אל-עמוד
מעלה זיתים 5,ראס אל-עמוד
מעלה זיתים 6,ראס אל-עמוד
מעלה זיתים 7,ראס אל-עמוד
מעלה זיתים 8,ראס אל-עמוד
מעלה כגן הלנה 1,רמות
מעלה כגן הלנה 10,רמות
מעלה כגן הלנה 12,רמות
מעלה כגן הלנה 2,רמות
מעלה כגן הלנה 3,רמות
מעלה כגן הלנה 4,רמות
מעלה כגן הלנה 5,רמות
מעלה כגן הלנה 6,רמות
מעלה כגן הלנה 7,רמות
מעלה כגן הלנה 8,רמות
מעלה כגן הלנה 9,רמות
מעלופיה 1,כפר עקב
מעלופיה 13,כפר עקב
מעלופיה 14,כפר עקב
מעלופיה 15,כפר עקב
מעלופיה 16,כפר עקב
מעלופיה 2,כפר עקב
מעלופיה 4,כפר עקב
מעלופיה 5,כפר עקב
מעלופיה 636,כפר עקב
מעלופיה 9,כפר עקב
מעלופיה 9999,כפר עקב
מעלות דפנה 1,מעלות דפנה
מעלות דפנה 118,מעלות דפנה
מעלות דפנה 119,מעלות דפנה
מעלות דפנה 120,מעלות דפנה
מעלות דפנה 121,מעלות דפנה
מעלות דפנה 122,מעלות דפנה
מעלות דפנה 123,מעלות דפנה
מעלות דפנה 126,מעלות דפנה
מעלות דפנה 131,מעלות דפנה
מעלות דפנה 132,מעלות דפנה
מעלות דפנה 133,מעלות דפנה
מעלות דפנה 135,מעלות דפנה
מעלות דפנה 137,מעלות דפנה
מעלות דפנה 138,מעלות דפנה
מעלות דפנה 139,מעלות דפנה
מעלות דפנה 14,מעלות דפנה
מעלות דפנה 28,מעלות דפנה
מעלות דפנה 49,מעלות דפנה
מעלות דפנה 62,מעלות דפנה
מעלות הרב נוריאל 13,מלחה
מעלות הרב נוריאל 5,מלחה
מעלות חנן פורת 1,א-טור
מעלות חנן פורת 2,א-טור
מעלות חנן פורת 3,א-טור
מעלות חנן פורת 4,א-טור
מעלות חנן פורת 9,א-טור
מעלות מוריה 21,תלפיות מזרח
מעלות מוריה 620,תלפיות מזרח
מעלות מוריה 621,תלפיות מזרח
מעלות מוריה 628,תלפיות מזרח
מעלות עיר דוד,העיר העתיקה
מעלות עיר דוד 1,העיר העתיקה
מעלות עיר דוד 10,העיר העתיקה
מעלות עיר דוד 104,העיר העתיקה
מעלות עיר דוד 12,העיר העתיקה
מעלות עיר דוד 159,העיר העתיקה
מעלות עיר דוד 16,העיר העתיקה
מעלות עיר דוד 2,העיר העתיקה
מעלות עיר דוד 22,העיר העתיקה
מעלות עיר דוד 25,העיר העתיקה
מעלות עיר דוד 251,העיר העתיקה
מעלות עיר דוד 26,העיר העתיקה
מעלות עיר דוד 28,העיר העתיקה
מעלות עיר דוד 3,העיר העתיקה
מעלות עיר דוד 32,העיר העתיקה
מעלות עיר דוד 37,העיר העתיקה
מעלות עיר דוד 41,העיר העתיקה
מעלות עיר דוד 5,העיר העתיקה
מעלות עיר דוד 7,העיר העתיקה
מעלות עיר דוד 8,העיר העתיקה
מעלות עיר דוד 80,העיר העתיקה
מעלות עיר דוד 82,העיר העתיקה
מעלות עיר דוד 904,העיר העתיקה
מעלות שער הפרחים 12,העיר העתיקה
מעלות שער הפרחים 15,העיר העתיקה
מעלות שער הפרחים 19,העיר העתיקה
מעלות שער הפרחים 21,העיר העתיקה
מעלות שער הפרחים 42,העיר העתיקה
מעלות שער הפרחים 511,העיר העתיקה
מעמדות ישראל 10,הרובע היהודי
מעמדות ישראל 12,הרובע היהודי
מעמדות ישראל 14,הרובע היהודי
מעמדות ישראל 2,הרובע היהודי
מעמדות ישראל 3,הרובע היהודי
מעמדות ישראל 4,הרובע היהודי
מעמדות ישראל 5,הרובע היהודי
מעמדות ישראל 6,הרובע היהודי
מעמדות ישראל 7,הרובע היהודי
מעמדות ישראל 8,הרובע היהודי
מעמל אל תלג' 1,בית צפאפא
מעמל אל תלג' 3,בית צפאפא
מעמל אל תלג' 30,בית צפאפא
מעמל אל תלג' 33,בית צפאפא
מעמל אל תלג' 34,בית צפאפא
מעמל אל תלג' 5,בית צפאפא
מענה שימחה 10,מטרסדורף
מענה שימחה 12,מטרסדורף
מענה שימחה 14,מטרסדורף
מענה שימחה 18,מטרסדורף
מענה שימחה 20,מטרסדורף
מענה שימחה 22,מטרסדורף
מענה שימחה 24,מטרסדורף
מענה שימחה 26,מטרסדורף
מענה שימחה 28,מטרסדורף
מענה שימחה 30,מטרסדורף
מענה שימחה 34,מטרסדורף
מענה שימחה 36,מטרסדורף
מענה שימחה 38,מטרסדורף
מענה שימחה 8,מטרסדורף
מפרץ שלמה 4,הגבעה הצרפתית
מפרץ שלמה 8,הגבעה הצרפתית
מצפה 12,נחלאות
מצפה 13,נחלאות
מצפה 15,נחלאות
מצפה 16,נחלאות
מצפה 17,נחלאות
מצפה 21,נחלאות
מצפה 23,נחלאות
מצפה 25,נחלאות
מצפה 27,נחלאות
מצפה 29,נחלאות
מצפה 31,נחלאות
מצפה 33,נחלאות
מצפה 35,נחלאות
מצפה 37,נחלאות
מצפה 39,נחלאות
מצפה 41,נחלאות
מצפה 43,נחלאות
מצפה 45,נחלאות
מצפה 47,נחלאות
מצפה 6,נחלאות
מצפה 7,נחלאות
מצפה 8,נחלאות
מצפה 9,נחלאות
מצפה מנחם 201,קרית מנחם
מקוה ישראל 12,מעלות דפנה
מקוה ישראל 16,מעלות דפנה
מקוה ישראל 2,מעלות דפנה
מקוה ישראל 20,מעלות דפנה
מקור חיים 10,מקור חיים
מקור חיים 11,מקור חיים
מקור חיים 12,מקור חיים
מקור חיים 13,מקור חיים
מקור חיים 14,מקור חיים
מקור חיים 142,מקור חיים
מקור חיים 143,מקור חיים
מקור חיים 16,מקור חיים
מקור חיים 17,מקור חיים
מקור חיים 18,מקור חיים
מקור חיים 19,מקור חיים
מקור חיים 20,מקור חיים
מקור חיים 22,מקור חיים
מקור חיים 23,מקור חיים
מקור חיים 24,מקור חיים
מקור חיים 25,מקור חיים
מקור חיים 26,מקור חיים
מקור חיים 27,מקור חיים
מקור חיים 30,מקור חיים
מקור חיים 32,מקור חיים
מקור חיים 34,מקור חיים
מקור חיים 38,מקור חיים
מקור חיים 39,מקור חיים
מקור חיים 4,מקור חיים
מקור חיים 40,מקור חיים
מקור חיים 41,מקור חיים
מקור חיים 43,מקור חיים
מקור חיים 45,מקור חיים
מקור חיים 46,מקור חיים
מקור חיים 48,מקור חיים
מקור חיים 49,מקור חיים
מקור חיים 5,מקור חיים
מקור חיים 50,מקור חיים
מקור חיים 51,מקור חיים
מקור חיים 52,מקור חיים
מקור חיים 56,מקור חיים
מקור חיים 57,מקור חיים
מקור חיים 58,מקור חיים
מקור חיים 59,מקור חיים
מקור חיים 6,מקור חיים
מקור חיים 60,מקור חיים
מקור חיים 62,מקור חיים
מקור חיים 7,מקור חיים
מקור חיים 8,מקור חיים
מקור חיים 9,מקור חיים
מקלף אריה 11,רמת מוצא
מקלף אריה 12,רמת מוצא
מקלף אריה 13,רמת מוצא
מקלף אריה 14,רמת מוצא
מקלף אריה 19,רמת מוצא
מקלף אריה 20,רמת מוצא
מקלף אריה 21,רמת מוצא
מקלף אריה 23,רמת מוצא
מקלף אריה 25,רמת מוצא
מקלף אריה 26,רמת מוצא
מקלף אריה 27,רמת מוצא
מקלף אריה 4,רמת מוצא
מקלף אריה 6,רמת מוצא
מרג' אבן עאמר 1,בית חנינא
מרג' אבן עאמר 10,בית חנינא
מרג' אבן עאמר 11,בית חנינא
מרג' אבן עאמר 13,בית חנינא
מרג' אבן עאמר 19,בית חנינא
מרג' אבן עאמר 22,בית חנינא
מרג' אבן עאמר 26,בית חנינא
מרג' אבן עאמר 28,בית חנינא
מרג' אבן עאמר 29,בית חנינא
מרג' אבן עאמר 30,בית חנינא
מרג' אבן עאמר 4,בית חנינא
מרג' אבן עאמר 6,בית חנינא
מרג' אבן עאמר 8,בית חנינא
מרג' אבן עאמר סמ4 6,בית חנינא
מרג' אל מהור 13,שועפאט
מרג' אל מהור 14,שועפאט
מרג' אל מהור 15,שועפאט
מרג' אל מהור 20,שועפאט
מרג' אל מהור 21,שועפאט
מרג' אל מהור 23,שועפאט
מרג' אל מהור 28,שועפאט
מרג' אל מהור 29,שועפאט
מרג' אל מהור 3,שועפאט
מרג' אל מהור 31,שועפאט
מרג' אל מהור 34,שועפאט
מרג' אל מהור 7,שועפאט
מרג' אל מהור 9,שועפאט
מרג' אל מהור סמ5 1,שועפאט
מרג' אל מהור סמ5 2,שועפאט
מרג' אל מהור סמ5 4,שועפאט
מרג' אל מהור סמ5 7,שועפאט
מרג' אל מהור סמ7 29,שועפאט
מרג' אל מהור סמ7 6,שועפאט
מרגלית 1,גילה
מרגלית 11,גילה
מרגלית 13,גילה
מרגלית 15,גילה
מרגלית 21,גילה
מרגלית 23,גילה
מרגלית 25,גילה
מרגלית 27,גילה
מרגלית 29,גילה
מרגלית 3,גילה
מרגלית 302,גילה
מרגלית 303,גילה
מרגלית 304,גילה
מרגלית 305,גילה
מרגלית 306,גילה
מרגלית 31,גילה
מרגלית 33,גילה
מרגלית 35,גילה
מרגלית 5,גילה
מרגלית 7,גילה
מרגלית 9,גילה
מרדכי היהודי 1,בקעה
מרדכי היהודי 10,בקעה
מרדכי היהודי 11,בקעה
מרדכי היהודי 13,בקעה
מרדכי היהודי 14,בקעה
מרדכי היהודי 15,בקעה
מרדכי היהודי 16,בקעה
מרדכי היהודי 17,בקעה
מרדכי היהודי 18,בקעה
מרדכי היהודי 19,בקעה
מרדכי היהודי 21,בקעה
מרדכי היהודי 23,בקעה
מרדכי היהודי 3,בקעה
מרדכי היהודי 4,בקעה
מרדכי היהודי 5,בקעה
מרדכי היהודי 7,בקעה
מרדכי היהודי 8,בקעה
מרדכי היהודי 9,בקעה
מרה 1,בית הכרם
מרה 10,בית הכרם
מרה 12,בית הכרם
מרה 18,בית הכרם
מרה 20,בית הכרם
מרה 22,בית הכרם
מרה 24,בית הכרם
מרה 26,בית הכרם
מרה 28,בית הכרם
מרה 3,בית הכרם
מרה 5,בית הכרם
מרה 6,בית הכרם
מרה 7,בית הכרם
מרה 8,בית הכרם
מרוה 10,גילה
מרוה 12,גילה
מרוה 14,גילה
מרוה 16,גילה
מרוה 18,גילה
מרוה 20,גילה
מרוה 22,גילה
מרוה 24,גילה
מרוה 26,גילה
מרוה 28,גילה
מרוה 30,גילה
מרוה 32,גילה
מרוה 34,גילה
מרוה 36,גילה
מרוה 38,גילה
מרוה 40,גילה
מרוה 42,גילה
מרוה 8,גילה
מרום ציון 2,בית וגן
מרזוק משה 10,תלפיות מזרח
מרזוק משה 12,תלפיות מזרח
מרזוק משה 14,תלפיות מזרח
מרזוק משה 16,תלפיות מזרח
מרזוק משה 18,תלפיות מזרח
מרזוק משה 20,תלפיות מזרח
מרזוק משה 22,תלפיות מזרח
מרזוק משה 24,תלפיות מזרח
מרזוק משה 26,תלפיות מזרח
מרזוק משה 4,תלפיות מזרח
מרזוק משה 6,תלפיות מזרח
מרזוק משה 8,תלפיות מזרח
מרטון יחזקאל 3,בקעה
מרטון יחזקאל 5,בקעה
מרידור אליהו 1,פסגת זאב
מרידור אליהו 12,פסגת זאב
מרידור אליהו 14,פסגת זאב
מרידור אליהו 16,פסגת זאב
מרידור אליהו 17,פסגת זאב
מרידור אליהו 18,פסגת זאב
מרידור אליהו 19,פסגת זאב
מרידור אליהו 20,פסגת זאב
מרידור אליהו 21,פסגת זאב
מרידור אליהו 22,פסגת זאב
מרידור אליהו 23,פסגת זאב
מרידור אליהו 24,פסגת זאב
מרידור אליהו 25,פסגת זאב
מרידור אליהו 27,פסגת זאב
מרידור אליהו 29,פסגת זאב
מרידור אליהו 3,פסגת זאב
מרידור אליהו 31,פסגת זאב
מרידור אליהו 33,פסגת זאב
מרידור אליהו 35,פסגת זאב
מרידור אליהו 37,פסגת זאב
מרידור אליהו 38,פסגת זאב
מרידור אליהו 40,פסגת זאב
מרידור אליהו 41,פסגת זאב
מרידור אליהו 43,פסגת זאב
מרידור אליהו 45,פסגת זאב
מרידור אליהו 49,פסגת זאב
מרידור אליהו 5,פסגת זאב
מרידור אליהו 51,פסגת זאב
מרידור אליהו 52,פסגת זאב
מרידור אליהו 53,פסגת זאב
מרידור אליהו 54,פסגת זאב
מרידור אליהו 55,פסגת זאב
מרידור אליהו 56,פסגת זאב
מרידור אליהו 57,פסגת זאב
מרידור אליהו 59,פסגת זאב
מרידור אליהו 61,פסגת זאב
מרידור אליהו 63,פסגת זאב
מרידור אליהו 65,פסגת זאב
מרידור אליהו 67,פסגת זאב
מרידור אליהו 69,פסגת זאב
מרידור אליהו 7,פסגת זאב
מרידור אליהו 71,פסגת זאב
מרידור אליהו 75,פסגת זאב
מרידור אליהו 77,פסגת זאב
מרידור אליהו 79,פסגת זאב
מרידור אליהו 9,פסגת זאב
מרים החשמונאית 2,בקעה
מרים החשמונאית 8,בקעה
מרינוב חיים 1,הר חומה
מרינוב חיים 13,הר חומה
מרינוב חיים 15,הר חומה
מרינוב חיים 17,הר חומה
מרינוב חיים 19,הר חומה
מרינוב חיים 2,הר חומה
מרינוב חיים 21,הר חומה
מרינוב חיים 29,הר חומה
מרינוב חיים 3,הר חומה
מרינוב חיים 31,הר חומה
מרינוב חיים 33,הר חומה
מרינוב חיים 4,הר חומה
מרינוב חיים 5,הר חומה
מרינוב חיים 6,הר חומה
מרינוב חיים 7,הר חומה
מרינוב חיים 8,הר חומה
מרינוב חיים 9,הר חומה
מרכוס 11,טלביה
מרכוס 12,טלביה
מרכוס 13,טלביה
מרכוס 14,טלביה
מרכוס 16,טלביה
מרכוס 18,טלביה
מרכוס 24,טלביה
מרכוס 7,טלביה
מרכוס 8,טלביה
מרכוס 9,טלביה
מרץ דוד 10,רמת שרת
מרץ דוד 11,רמת שרת
מרץ דוד 13,רמת שרת
מרץ דוד 14,רמת שרת
מרץ דוד 15,רמת שרת
מרץ דוד 16,רמת שרת
מרץ דוד 17,רמת שרת
מרץ דוד 18,רמת שרת
מרץ דוד 19,רמת שרת
מרץ דוד 2,רמת שרת
מרץ דוד 20,רמת שרת
מרץ דוד 21,רמת שרת
מרץ דוד 22,רמת שרת
מרץ דוד 23,רמת שרת
מרץ דוד 24,רמת שרת
מרץ דוד 25,רמת שרת
מרץ דוד 26,רמת שרת
מרץ דוד 28,רמת שרת
מרץ דוד 29,רמת שרת
מרץ דוד 31,רמת שרת
מרץ דוד 32,רמת שרת
מרץ דוד 33,רמת שרת
מרץ דוד 40,רמת שרת
מרץ דוד 42,רמת שרת
מרץ דוד 46,רמת שרת
מרץ דוד 47,רמת שרת
מרץ דוד 5,רמת שרת
מרץ דוד 50,רמת שרת
מרץ דוד 6,רמת שרת
מרץ דוד 7,רמת שרת
מרץ דוד 8,רמת שרת
מרץ דוד 9,רמת שרת
מרקו ברוך 13,קרית היובל
מרקו ברוך 15,קרית היובל
מרקו ברוך 17,קרית היובל
מרקו ברוך 19,קרית היובל
מרקו ברוך 21,קרית היובל
מרקו ברוך 23,קרית היובל
מרקו ברוך 25,קרית היובל
מרקו ברוך 27,קרית היובל
מרקו ברוך 29,קרית היובל
מרקו ברוך 3,קרית היובל
מרקו ברוך 31,קרית היובל
מרקו ברוך 33,קרית היובל
מרקו ברוך 35,קרית היובל
מרקו ברוך 37,קרית היובל
מרקו ברוך 39,קרית היובל
מרקו ברוך 4,קרית היובל
מרקו ברוך 41,קרית היובל
מרקו ברוך 43,קרית היובל
מרקו ברוך 45,קרית היובל
מרקו ברוך 47,קרית היובל
מרקו ברוך 5,קרית היובל
מרקו ברוך 6,קרית היובל
מרקו ברוך 7,קרית היובל
מרקו ברוך 9,קרית היובל
מרתה במברגר 10,בקעה
מרתה במברגר 4,בקעה
מרתה במברגר 6,בקעה
מרתה במברגר 8,בקעה
משאריף 15,שועפאט
משאריף 2,שועפאט
משאריף 3,שועפאט
משאריף 4,שועפאט
משאריף 6,שועפאט
משאריף 8,שועפאט
משאריף 9,שועפאט
משאריף סמ5 1,שועפאט
משאריף סמ5 3,שועפאט
משאריף סמ5 5,שועפאט
משאריף סמ5 6,שועפאט
משאריף סמ5 9999,שועפאט
משאת משה 1,גבעת מרדכי
משאת משה 11,גבעת מרדכי
משאת משה 13,גבעת מרדכי
משאת משה 15,גבעת מרדכי
משאת משה 2,גבעת מרדכי
משאת משה 3,גבעת מרדכי
משאת משה 4,גבעת מרדכי
משאת משה 5,גבעת מרדכי
משאת משה 6,גבעת מרדכי
משאת משה 7,גבעת מרדכי
משאת משה 8,גבעת מרדכי
משאת משה 9,גבעת מרדכי
משגב לדך 11,הרובע היהודי
משגב לדך 13,הרובע היהודי
משגב לדך 14,הרובע היהודי
משגב לדך 17,הרובע היהודי
משגב לדך 18,הרובע היהודי
משגב לדך 21,הרובע היהודי
משגב לדך 22,הרובע היהודי
משגב לדך 23,הרובע היהודי
משגב לדך 24,הרובע היהודי
משגב לדך 26,הרובע היהודי
משגב לדך 3,הרובע היהודי
משגב לדך 34,הרובע היהודי
משגב לדך 35,הרובע היהודי
משגב לדך 36,הרובע היהודי
משגב לדך 37,הרובע היהודי
משגב לדך 38,הרובע היהודי
משגב לדך 39,הרובע היהודי
משגב לדך 41,הרובע היהודי
משגב לדך 44,הרובע היהודי
משגב לדך 46,הרובע היהודי
משגב לדך 48,הרובע היהודי
משגב לדך 5,הרובע היהודי
משואות יצחק 3,ארנונה
משואות יצחק 4,ארנונה
משואות יצחק 5,ארנונה
משואות יצחק 7,ארנונה
משואות יצחק 9,ארנונה
משטרת הישובים 1,פסגת זאב
משטרת הישובים 12,פסגת זאב
משטרת הישובים 14,פסגת זאב
משטרת הישובים 16,פסגת זאב
משטרת הישובים 18,פסגת זאב
משטרת הישובים 2,פסגת זאב
משטרת הישובים 20,פסגת זאב
משטרת הישובים 22,פסגת זאב
משטרת הישובים 24,פסגת זאב
משטרת הישובים 3,פסגת זאב
משטרת הישובים 4,פסגת זאב
משטרת הישובים 6,פסגת זאב
משיב מנחם 10,קרית צאנז
משיב מנחם 12,קרית צאנז
משיב מנחם 14,קרית צאנז
משיב מנחם 3,קרית צאנז
משיב מנחם 4,קרית צאנז
משיב מנחם 47,קרית צאנז
משיב מנחם 8,קרית צאנז
משכן שילה 10,בית הכרם
משכן שילה 14,בית הכרם
משכן שילה 16,בית הכרם
משכן שילה 2,בית הכרם
משכן שילה 24,בית הכרם
משכן שילה 4,בית הכרם
משכן שילה 6,בית הכרם
משכן שילה 8,בית הכרם
משכנות 10,נחלאות
משכנות 12,נחלאות
משכנות 22,נחלאות
משכנות 24,נחלאות
משכנות 7,נחלאות
משכנות 9,נחלאות
משמר הגבול 1,רמת אשכול
משמר הגבול 10,רמת אשכול
משמר הגבול 2,רמת אשכול
משמר הגבול 3,רמת אשכול
משמר הגבול 4,רמת אשכול
משמר הגבול 5,רמת אשכול
משמר הגבול 6,רמת אשכול
משמר הגבול 7,רמת אשכול
משמר הגבול 8,רמת אשכול
משמר העם 1,קטמון
משמר העם 12,קטמון
משמר העם 14,קטמון
משמר העם 18,קטמון
משמר העם 20,קטמון
משמר העם 22,קטמון
משמר העם 3,קטמון
משמר העם 6,קטמון
משמר העם 9,קטמון
משמרות 2,מוסררה
משמרות 4,מוסררה
משמרות 5,מוסררה
משמרות 6,מוסררה
משמרות 7,מוסררה
משמרות 8,מוסררה
משמרות הכהונה 32,הרובע היהודי
משעול הדקלים 1,רמות
משעול הדקלים 11,רמות
משעול הדקלים 13,רמות
משעול הדקלים 14,רמות
משעול הדקלים 15,רמות
משעול הדקלים 17,רמות
משעול הדקלים 18,רמות
משעול הדקלים 19,רמות
משעול הדקלים 2,רמות
משעול הדקלים 20,רמות
משעול הדקלים 21,רמות
משעול הדקלים 22,רמות
משעול הדקלים 23,רמות
משעול הדקלים 24,רמות
משעול הדקלים 25,רמות
משעול הדקלים 26,רמות
משעול הדקלים 27,רמות
משעול הדקלים 29,רמות
משעול הדקלים 3,רמות
משעול הדקלים 33,רמות
משעול הדקלים 35,רמות
משעול הדקלים 37,רמות
משעול הדקלים 39,רמות
משעול הדקלים 41,רמות
משעול הדקלים 43,רמות
משעול הדקלים 45,רמות
משעול הדקלים 47,רמות
משעול הדקלים 49,רמות
משעול הדקלים 5,רמות
משעול הדקלים 51,רמות
משעול הדקלים 53,רמות
משעול הדקלים 7,רמות
משעול הדקלים 8,רמות
משעול הדקלים 9,רמות
משעול ההדס 1,רמות
משעול ההדס 10,רמות
משעול ההדס 11,רמות
משעול ההדס 12,רמות
משעול ההדס 13,רמות
משעול ההדס 14,רמות
משעול ההדס 15,רמות
משעול ההדס 16,רמות
משעול ההדס 17,רמות
משעול ההדס 19,רמות
משעול ההדס 2,רמות
משעול ההדס 21,רמות
משעול ההדס 23,רמות
משעול ההדס 25,רמות
משעול ההדס 27,רמות
משעול ההדס 29,רמות
משעול ההדס 3,רמות
משעול ההדס 31,רמות
משעול ההדס 33,רמות
משעול ההדס 35,רמות
משעול ההדס 37,רמות
משעול ההדס 39,רמות
משעול ההדס 4,רמות
משעול ההדס 5,רמות
משעול ההדס 6,רמות
משעול ההדס 7,רמות
משעול ההדס 8,רמות
משעול ההדס 9,רמות
משעול היערה 10,רמות
משעול היערה 11,רמות
משעול היערה 12,רמות
משעול היערה 13,רמות
משעול היערה 14,רמות
משעול היערה 15,רמות
משעול היערה 16,רמות
משעול היערה 17,רמות
משעול היערה 19,רמות
משעול היערה 2,רמות
משעול היערה 20,רמות
משעול היערה 21,רמות
משעול היערה 22,רמות
משעול היערה 23,רמות
משעול היערה 24,רמות
משעול היערה 25,רמות
משעול היערה 26,רמות
משעול היערה 27,רמות
משעול היערה 28,רמות
משעול היערה 29,רמות
משעול היערה 31,רמות
משעול היערה 33,רמות
משעול היערה 35,רמות
משעול היערה 37,רמות
משעול היערה 39,רמות
משעול היערה 4,רמות
משעול היערה 5,רמות
משעול היערה 6,רמות
משעול היערה 7,רמות
משעול היערה 8,רמות
משעול היערה 9,רמות
משעול הכתרון 10,רמות
משעול הכתרון 12,רמות
משעול הכתרון 14,רמות
משעול הכתרון 16,רמות
משעול הכתרון 18,רמות
משעול הכתרון 2,רמות
משעול הכתרון 20,רמות
משעול הכתרון 6,רמות
משעול הכתרון 8,רמות
משעול המגלית 1,רמות
משעול המגלית 10,רמות
משעול המגלית 11,רמות
משעול המגלית 12,רמות
משעול המגלית 13,רמות
משעול המגלית 14,רמות
משעול המגלית 15,רמות
משעול המגלית 17,רמות
משעול המגלית 18,רמות
משעול המגלית 19,רמות
משעול המגלית 21,רמות
משעול המגלית 4,רמות
משעול המגלית 5,רמות
משעול המגלית 6,רמות
משעול המגלית 7,רמות
משעול המגלית 8,רמות
משעול המגלית 9,רמות
משעול הקורטם 1,רמות
משעול הקורטם 10,רמות
משעול הקורטם 11,רמות
משעול הקורטם 12,רמות
משעול הקורטם 14,רמות
משעול הקורטם 15,רמות
משעול הקורטם 16,רמות
משעול הקורטם 17,רמות
משעול הקורטם 18,רמות
משעול הקורטם 19,רמות
משעול הקורטם 2,רמות
משעול הקורטם 20,רמות
משעול הקורטם 22,רמות
משעול הקורטם 23,רמות
משעול הקורטם 24,רמות
משעול הקורטם 25,רמות
משעול הקורטם 26,רמות
משעול הקורטם 27,רמות
משעול הקורטם 28,רמות
משעול הקורטם 3,רמות
משעול הקורטם 30,רמות
משעול הקורטם 32,רמות
משעול הקורטם 4,רמות
משעול הקורטם 5,רמות
משעול הקורטם 6,רמות
משעול הקורטם 7,רמות
משעול הקורטם 8,רמות
משעול הקורטם 9,רמות
משעול הקורנית 11,רמות
משעול הקורנית 13,רמות
משעול הקורנית 15,רמות
משעול הקורנית 17,רמות
משעול הקורנית 19,רמות
משעול הקורנית 21,רמות
משעול הקורנית 23,רמות
משעול הקורנית 25,רמות
משעול הקורנית 4,רמות
משעול הקורנית 5,רמות
משעול הקורנית 7,רמות
משעול הקורנית 9,רמות
משעול הרותם 10,רמות
משעול הרותם 11,רמות
משעול הרותם 12,רמות
משעול הרותם 13,רמות
משעול הרותם 14,רמות
משעול הרותם 15,רמות
משעול הרותם 16,רמות
משעול הרותם 17,רמות
משעול הרותם 18,רמות
משעול הרותם 20,רמות
משעול הרותם 3,רמות
משעול הרותם 5,רמות
משעול הרותם 6,רמות
משעול הרותם 7,רמות
משעול הרותם 8,רמות
משעול הרותם 9,רמות
משעול מורן 1,רמות
משעול מורן 10,רמות
משעול מורן 11,רמות
משעול מורן 12,רמות
משעול מורן 13,רמות
משעול מורן 14,רמות
משעול מורן 15,רמות
משעול מורן 16,רמות
משעול מורן 17,רמות
משעול מורן 18,רמות
משעול מורן 19,רמות
משעול מורן 2,רמות
משעול מורן 20,רמות
משעול מורן 21,רמות
משעול מורן 22,רמות
משעול מורן 23,רמות
משעול מורן 24,רמות
משעול מורן 25,רמות
משעול מורן 3,רמות
משעול מורן 4,רמות
משעול מורן 5,רמות
משעול מורן 6,רמות
משעול מורן 7,רמות
משעול מורן 8,רמות
משעול מורן 9,רמות
משעול עוזרד 11,רמות
משעול עוזרד 13,רמות
משעול עוזרד 3,רמות
משעול עוזרד 5,רמות
משעול עוזרד 7,רמות
משעול עוזרד 9,רמות
משפט דרייפוס 11,רמות
משפט דרייפוס 13,רמות
משפט דרייפוס 15,רמות
משפט דרייפוס 2,רמות
משפט דרייפוס 3,רמות
משפט דרייפוס 4,רמות
משפט דרייפוס 5,רמות
משפט דרייפוס 6,רמות
משפט דרייפוס 7,רמות
משפט דרייפוס 9,רמות
מתתיהו 1,בקעה
מתתיהו 5,בקעה
נאות דשא 1,ממילא
נאות דשא 3,ממילא
נאות דשא 5,ממילא
נאות דשא 6,ממילא
נאות דשא 8,ממילא
נבון 11,מקור ברוך
נבון 13,מקור ברוך
נבון 14,מקור ברוך
נבון 15,מקור ברוך
נבון 16,מקור ברוך
נבון 17,מקור ברוך
נבון 21,מקור ברוך
נבון 22,מקור ברוך
נבון 23,מקור ברוך
נבון 26,מקור ברוך
נבון 32,מקור ברוך
נבון 34,מקור ברוך
נבון 36,מקור ברוך
נבון 5,מקור ברוך
נבון 7,מקור ברוך
נבון 9,מקור ברוך
נבי שועייב 10,שיח' ג'ראח
נבי שועייב 11,שיח' ג'ראח
נבי שועייב 15,שיח' ג'ראח
נבי שועייב 18,שיח' ג'ראח
נבי שועייב 24,שיח' ג'ראח
נבי שועייב 3,שיח' ג'ראח
נבי שועייב 5,שיח' ג'ראח
נבי שועייב 7,שיח' ג'ראח
נבי שועייב 9,שיח' ג'ראח
נג'ארה 1,גבעת שאול
נג'ארה 17,גבעת שאול
נג'ארה 18,גבעת שאול
נג'ארה 25,גבעת שאול
נג'ארה 26,גבעת שאול
נג'ארה 28,גבעת שאול
נג'ארה 30,גבעת שאול
נג'ארה 33,גבעת שאול
נג'ארה 40,גבעת שאול
נג'ארה 41,גבעת שאול
נג'ארה 49,גבעת שאול
נג'ארה 5,גבעת שאול
נג'ארה 57,גבעת שאול
נג'ארה 59,גבעת שאול
נג'ארה 6,גבעת שאול
נג'ארה 61,גבעת שאול
נג'ארה 63,גבעת שאול
נג'ארה 65,גבעת שאול
נג'ארה 67,גבעת שאול
נגבה 1,קטמון
נגבה 10,קטמון
נגבה 11,קטמון
נגבה 12,קטמון
נגבה 13,קטמון
נגבה 14,קטמון
נגבה 15,קטמון
נגבה 16,קטמון
נגבה 17,קטמון
נגבה 18,קטמון
נגבה 3,קטמון
נגבה 4,קטמון
נגבה 5,קטמון
נגבה 6,קטמון
נגבה 7,קטמון
נגבה 9,קטמון
נדבה יוסף 1,פסגת זאב
נדבה יוסף 10,פסגת זאב
נדבה יוסף 11,פסגת זאב
נדבה יוסף 12,פסגת זאב
נדבה יוסף 13,פסגת זאב
נדבה יוסף 14,פסגת זאב
נדבה יוסף 15,פסגת זאב
נדבה יוסף 16,פסגת זאב
נדבה יוסף 17,פסגת זאב
נדבה יוסף 19,פסגת זאב
נדבה יוסף 2,פסגת זאב
נדבה יוסף 21,פסגת זאב
נדבה יוסף 23,פסגת זאב
נדבה יוסף 24,פסגת זאב
נדבה יוסף 25,פסגת זאב
נדבה יוסף 27,פסגת זאב
נדבה יוסף 29,פסגת זאב
נדבה יוסף 3,פסגת זאב
נדבה יוסף 31,פסגת זאב
נדבה יוסף 33,פסגת זאב
נדבה יוסף 35,פסגת זאב
נדבה יוסף 37,פסגת זאב
נדבה יוסף 39,פסגת זאב
נדבה יוסף 4,פסגת זאב
נדבה יוסף 41,פסגת זאב
נדבה יוסף 44,פסגת זאב
נדבה יוסף 49,פסגת זאב
נדבה יוסף 5,פסגת זאב
נדבה יוסף 51,פסגת זאב
נדבה יוסף 53,פסגת זאב
נדבה יוסף 55,פסגת זאב
נדבה יוסף 57,פסגת זאב
נדבה יוסף 6,פסגת זאב
נדבה יוסף 7,פסגת זאב
נדבה יוסף 9,פסגת זאב
נהגי הפרדות 10,הגבעה הצרפתית
נהגי הפרדות 12,הגבעה הצרפתית
נהגי הפרדות 14,הגבעה הצרפתית
נהגי הפרדות 16,הגבעה הצרפתית
נהגי הפרדות 22,הגבעה הצרפתית
נהגי הפרדות 24,הגבעה הצרפתית
נהגי הפרדות 28,הגבעה הצרפתית
נהגי הפרדות 30,הגבעה הצרפתית
נהגי הפרדות 32,הגבעה הצרפתית
נהגי הפרדות 34,הגבעה הצרפתית
נהגי הפרדות 36,הגבעה הצרפתית
נהגי הפרדות 38,הגבעה הצרפתית
נהגי הפרדות 40,הגבעה הצרפתית
נהגי הפרדות 42,הגבעה הצרפתית
נהגי הפרדות 8,הגבעה הצרפתית
נהוראי 1,גוננים
נהוראי 10,גוננים
נהוראי 11,גוננים
נהוראי 12,גוננים
נהוראי 14,גוננים
נהוראי 18,גוננים
נהוראי 2,גוננים
נהוראי 20,גוננים
נהוראי 22,גוננים
נהוראי 24,גוננים
נהוראי 26,גוננים
נהוראי 28,גוננים
נהוראי 3,גוננים
נהוראי 4,גוננים
נהוראי 5,גוננים
נהוראי 6,גוננים
נהוראי 7,גוננים
נהוראי 8,גוננים
נהוראי 9,גוננים
נהר פרת 10,נחלאות
נהר פרת 11,נחלאות
נהר פרת 12,נחלאות
נהר פרת 13,נחלאות
נהר פרת 17,נחלאות
נהר פרת 18,נחלאות
נהר פרת 19,נחלאות
נהר פרת 20,נחלאות
נהר פרת 22,נחלאות
נהר פרת 3,נחלאות
נהר פרת 4,נחלאות
נהר פרת 6,נחלאות
נהר פרת 7,נחלאות
נהר פרת 8,נחלאות
נהר פרת 9,נחלאות
נוב 1,נחלאות
נוב 10,נחלאות
נוב 11,נחלאות
נוב 12,נחלאות
נוב 2,נחלאות
נוב 4,נחלאות
נוב 6,נחלאות
נוב 8,נחלאות
נוב 9,נחלאות
נובומיסקי משה 1,רמת שרת
נובומיסקי משה 2,רמת שרת
נובומיסקי משה 3,רמת שרת
נובומיסקי משה 4,רמת שרת
נובומיסקי משה 5,רמת שרת
נובומיסקי משה 6,רמת שרת
נובומיסקי משה 8,רמת שרת
נונייז בנג'מין 1,גבעת משואה
נונייז בנג'מין 10,גבעת משואה
נונייז בנג'מין 12,גבעת משואה
נונייז בנג'מין 14,גבעת משואה
נונייז בנג'מין 16,גבעת משואה
נונייז בנג'מין 18,גבעת משואה
נונייז בנג'מין 2,גבעת משואה
נונייז בנג'מין 20,גבעת משואה
נונייז בנג'מין 22,גבעת משואה
נונייז בנג'מין 3,גבעת משואה
נונייז בנג'מין 4,גבעת משואה
נונייז בנג'מין 5,גבעת משואה
נונייז בנג'מין 6,גבעת משואה
נונייז בנג'מין 8,גבעת משואה
נונייז בנג'מין 9,גבעת משואה
נוסייבה 16,בית חנינא
נוסייבה 18,בית חנינא
נוסייבה 2,בית חנינא
נוסייבה 22,בית חנינא
נוסייבה 24,בית חנינא
נוסייבה 26,בית חנינא
נוסייבה 30,בית חנינא
נוסייבה 32,בית חנינא
נוסייבה 34,בית חנינא
נוסייבה 4,בית חנינא
נוסייבה 5,בית חנינא
נוסייבה 6,בית חנינא
נוסייבה 8,בית חנינא
נוף הרים 1,בית הכרם
נוף הרים 10,בית הכרם
נוף הרים 11,בית הכרם
נוף הרים 12,בית הכרם
נוף הרים 13,בית הכרם
נוף הרים 14,בית הכרם
נוף הרים 15,בית הכרם
נוף הרים 16,בית הכרם
נוף הרים 17,בית הכרם
נוף הרים 18,בית הכרם
נוף הרים 19,בית הכרם
נוף הרים 20,בית הכרם
נוף הרים 3,בית הכרם
נוף הרים 4,בית הכרם
נוף הרים 5,בית הכרם
נוף הרים 6,בית הכרם
נוף הרים 7,בית הכרם
נוף הרים 8,בית הכרם
נוף הרים 9,בית הכרם
נוף רמות 75,רמות
נופי מדבר 1,פסגת זאב
נופי מדבר 10,פסגת זאב
נופי מדבר 11,פסגת זאב
נופי מדבר 12,פסגת זאב
נופי מדבר 13,פסגת זאב
נופי מדבר 14,פסגת זאב
נופי מדבר 15,פסגת זאב
נופי מדבר 16,פסגת זאב
נופי מדבר 17,פסגת זאב
נופי מדבר 18,פסגת זאב
נופי מדבר 19,פסגת זאב
נופי מדבר 2,פסגת זאב
נופי מדבר 20,פסגת זאב
נופי מדבר 21,פסגת זאב
נופי מדבר 22,פסגת זאב
נופי מדבר 23,פסגת זאב
נופי מדבר 25,פסגת זאב
נופי מדבר 27,פסגת זאב
נופי מדבר 29,פסגת זאב
נופי מדבר 3,פסגת זאב
נופי מדבר 31,פסגת זאב
נופי מדבר 33,פסגת זאב
נופי מדבר 35,פסגת זאב
נופי מדבר 4,פסגת זאב
נופי מדבר 5,פסגת זאב
נופי מדבר 6,פסגת זאב
נופי מדבר 7,פסגת זאב
נופי מדבר 8,פסגת זאב
נופי מדבר 9,פסגת זאב
נופך 13,גילה
נופך 14,גילה
נופך 240,גילה
נופך 242,גילה
נופך 243,גילה
נור אל הודא 1,בית חנינא
נור אל הודא 4,בית חנינא
נור אל הודא 6,בית חנינא
נור אל-דין 11,באב א-זהרה
נור אל-דין 5,באב א-זהרה
נזלת אבו סוואי 19,ראס אל-עמוד
נזלת אבו סוואי 26,ראס אל-עמוד
נזלת אבו סוואי 28,ראס אל-עמוד
נזלת אבו סוואי 31,ראס אל-עמוד
נזלת אבו סוואי 32,ראס אל-עמוד
נזלת אבו סוואי 7,ראס אל-עמוד
נזלת אבו סוואי סמ2 28,ראס אל-עמוד
נזלת אבו סוואי סמ2 32,ראס אל-עמוד
נזר דוד 11,בית וגן
נזר דוד 13,בית וגן
נזר דוד 22,בית וגן
נזר דוד 30,בית וגן
נזר דוד 32,בית וגן
נזר דוד 6,בית וגן
נחום 14,גאולה
נחום 15,גאולה
נחום 20,גאולה
נחום 3,גאולה
נחום 4,גאולה
נחום 5,גאולה
נחום 6,גאולה
נחלת צדוק 1,נחלאות
נחלת צדוק 10,נחלאות
נחלת צדוק 11,נחלאות
נחלת צדוק 13,נחלאות
נחלת צדוק 15,נחלאות
נחלת צדוק 16,נחלאות
נחלת צדוק 17,נחלאות
נחלת צדוק 19,נחלאות
נחלת צדוק 21,נחלאות
נחלת צדוק 23,נחלאות
נחלת צדוק 3,נחלאות
נחלת צדוק 4,נחלאות
נחלת צדוק 5,נחלאות
נחלת צדוק 6,נחלאות
נחלת צדוק 7,נחלאות
נחלת שבעה 4,מרכז העיר
נחמה 1,הר חומה
נחמה 10,הר חומה
נחמה 11,הר חומה
נחמה 12,הר חומה
נחמה 13,הר חומה
נחמה 15,הר חומה
נחמה 17,הר חומה
נחמה 2,הר חומה
נחמה 3,הר חומה
נחמה 4,הר חומה
נחמה 5,הר חומה
נחמה 6,הר חומה
נחמה 7,הר חומה
נחמה 8,הר חומה
נחמה 9,הר חומה
נחמיה 1,בוכרים
נחמיה 10,בוכרים
נחמיה 12,בוכרים
נחמיה 13,בוכרים
נחמיה 15,בוכרים
נחמיה 18,בוכרים
נחמיה 20,בוכרים
נחמיה 22,בוכרים
נחמיה 3,בוכרים
נחמיה 4,בוכרים
נחמיה 5,בוכרים
נחמיה 6,בוכרים
נחמיה 7,בוכרים
נחמיה 8,בוכרים
נחשון 1,אבו תור
נחשון 10,אבו תור
נחשון 12,אבו תור
נחשון 16,אבו תור
נחשון 18,אבו תור
נחשון 4,אבו תור
נחשון 6,אבו תור
נחשון 8,אבו תור
נטר 10,מעלות דפנה
נטר 12,מעלות דפנה
נטר 127,מעלות דפנה
נטר 128,מעלות דפנה
נטר 131,מעלות דפנה
נטר 134,מעלות דפנה
נטר 135,מעלות דפנה
נטר 14,מעלות דפנה
נטר 16,מעלות דפנה
נטר 18,מעלות דפנה
נטר 2,מעלות דפנה
נטר 20,מעלות דפנה
נטר 28,מעלות דפנה
נטר 4,מעלות דפנה
נטר 8,מעלות דפנה
נטרונאי גאון 13,גבעת שאול
נטרונאי גאון 5,גבעת שאול
נטרונאי גאון 9,גבעת שאול
ניב דוד 10,פסגת זאב
ניב דוד 11,פסגת זאב
ניב דוד 12,פסגת זאב
ניב דוד 13,פסגת זאב
ניב דוד 15,פסגת זאב
ניב דוד 16,פסגת זאב
ניב דוד 17,פסגת זאב
ניב דוד 18,פסגת זאב
ניב דוד 19,פסגת זאב
ניב דוד 2,פסגת זאב
ניב דוד 25,פסגת זאב
ניב דוד 27,פסגת זאב
ניב דוד 28,פסגת זאב
ניב דוד 29,פסגת זאב
ניב דוד 3,פסגת זאב
ניב דוד 30,פסגת זאב
ניב דוד 31,פסגת זאב
ניב דוד 32,פסגת זאב
ניב דוד 5,פסגת זאב
ניב דוד 6,פסגת זאב
ניב דוד 7,פסגת זאב
ניב דוד 8,פסגת זאב
ניב דוד 9,פסגת זאב
ניהאד אבו ע'רבייה 4,א-טור
ניות 10,ניות
ניות 12,ניות
ניות 14,ניות
ניות 2,ניות
ניות 20,ניות
ניות 22,ניות
ניות 24,ניות
ניות 26,ניות
ניות 28,ניות
ניות 30,ניות
ניות 32,ניות
ניות 34,ניות
ניות 36,ניות
ניות 38,ניות
ניות 4,ניות
ניות 40,ניות
ניות 42,ניות
ניות 44,ניות
ניות 46,ניות
ניות 48,ניות
ניות 50,ניות
ניות 52,ניות
ניות 54,ניות
ניות 56,ניות
ניות 58,ניות
ניות 6,ניות
ניות 60,ניות
ניות 8,ניות
ניידיץ 11,קרית היובל
ניידיץ 13,קרית היובל
ניידיץ 15,קרית היובל
ניידיץ 5,קרית היובל
ניידיץ 6,קרית היובל
ניידיץ 7,קרית היובל
ניידיץ 8,קרית היובל
ניידיץ 9,קרית היובל
ניימן שמואל 10,נווה יעקב
ניימן שמואל 11,נווה יעקב
ניימן שמואל 13,נווה יעקב
ניימן שמואל 14,נווה יעקב
ניימן שמואל 15,נווה יעקב
ניימן שמואל 16,נווה יעקב
ניימן שמואל 18,נווה יעקב
ניימן שמואל 20,נווה יעקב
ניימן שמואל 4,נווה יעקב
ניימן שמואל 5,נווה יעקב
ניימן שמואל 6,נווה יעקב
ניימן שמואל 7,נווה יעקב
ניימן שמואל 8,נווה יעקב
ניימן שמואל 9,נווה יעקב
נילי 10,טלביה
נילי 11,טלביה
נילי 12,טלביה
נילי 13,טלביה
נילי 14,טלביה
נילי 15,טלביה
נילי 16,טלביה
נילי 17,טלביה
נילי 3,טלביה
נילי 5,טלביה
נילי 8,טלביה
נילי 9,טלביה
ניסן אברהם 1,קרית היובל
ניסן אברהם 10,קרית היובל
ניסן אברהם 12,קרית היובל
ניסן אברהם 14,קרית היובל
ניסן אברהם 18,קרית היובל
ניסן אברהם 24,קרית היובל
ניסן אברהם 25,קרית היובל
ניסן אברהם 26,קרית היובל
ניסן אברהם 3,קרית היובל
ניסן אברהם 4,קרית היובל
ניסן אברהם 6,קרית היובל
ניסן אברהם 8,קרית היובל
ניסן אברהם 9,קרית היובל
ניסנבאום 10,קרית משה
ניסנבאום 12,קרית משה
ניסנבאום 13,קרית משה
ניסנבאום 14,קרית משה
ניסנבאום 16,קרית משה
ניסנבאום 18,קרית משה
ניסנבאום 7,קרית משה
ניסנבאום 9,קרית משה
ניקובה רינה 11,פסגת זאב
ניקובה רינה 13,פסגת זאב
ניקובה רינה 15,פסגת זאב
ניקובה רינה 17,פסגת זאב
ניקובה רינה 19,פסגת זאב
ניקובה רינה 2,פסגת זאב
ניקובה רינה 4,פסגת זאב
ניקובה רינה 6,פסגת זאב
ניקובה רינה 7,פסגת זאב
ניקובה רינה 8,פסגת זאב
ניקובה רינה 9,פסגת זאב
ניקנור 11,גוננים
ניקנור 13,גוננים
ניקנור 15,גוננים
ניקנור 17,גוננים
ניקנור 19,גוננים
ניקנור 21,גוננים
ניקנור 215,גוננים
ניקנור 216,גוננים
ניקנור 217,גוננים
ניקנור 218,גוננים
ניקנור 219,גוננים
ניקנור 28,גוננים
ניקנור 29,גוננים
ניקנור 3,גוננים
ניקנור 30,גוננים
ניקנור 31,גוננים
ניקנור 33,גוננים
ניקנור 34,גוננים
ניקנור 35,גוננים
ניקנור 39,גוננים
ניקנור 41,גוננים
ניקנור 43,גוננים
ניקנור 9,גוננים
ניקרגואה 1,קרית מנחם
ניקרגואה 10,קרית מנחם
ניקרגואה 12,קרית מנחם
ניקרגואה 14,קרית מנחם
ניקרגואה 16,קרית מנחם
ניקרגואה 18,קרית מנחם
ניקרגואה 2,קרית מנחם
ניקרגואה 20,קרית מנחם
ניקרגואה 22,קרית מנחם
ניקרגואה 24,קרית מנחם
ניקרגואה 26,קרית מנחם
ניקרגואה 28,קרית מנחם
ניקרגואה 3,קרית מנחם
ניקרגואה 30,קרית מנחם
ניקרגואה 32,קרית מנחם
ניקרגואה 34,קרית מנחם
ניקרגואה 36,קרית מנחם
ניקרגואה 38,קרית מנחם
ניקרגואה 4,קרית מנחם
ניקרגואה 40,קרית מנחם
ניקרגואה 46,קרית מנחם
ניקרגואה 48,קרית מנחם
ניקרגואה 50,קרית מנחם
ניקרגואה 52,קרית מנחם
ניקרגואה 6,קרית מנחם
ניקרגואה 8,קרית מנחם
ניקרגואה 9,קרית מנחם
נעמי,אבו תור
נעמי 10,אבו תור
נעמי 11,אבו תור
נעמי 13,אבו תור
נעמי 15,אבו תור
נעמי 16,אבו תור
נעמי 17,אבו תור
נעמי 21,אבו תור
נעמי 23,אבו תור
נעמי 27,אבו תור
נעמי 3,אבו תור
נעמי 4,אבו תור
נעמי 5,אבו תור
נעמי 6,אבו תור
נעמי 7,אבו תור
נעמי 8,אבו תור
נעמי 9,אבו תור
נעמי 9999,אבו תור
נפחא 14,גאולה
נפחא 18,גאולה
נפחא 2,גאולה
נפתלי 10,בקעה
נפתלי 11,בקעה
נפתלי 12,בקעה
נפתלי 14,בקעה
נפתלי 16,בקעה
נפתלי 18,בקעה
נפתלי 19,בקעה
נפתלי 3,בקעה
נפתלי 34,בקעה
נפתלי 9,בקעה
נקדימון 11,קטמון
נקדימון 3,קטמון
נקדימון 5,קטמון
נקדימון 6,קטמון
נקדימון 7,קטמון
נקדימון 8,קטמון
נקדימון 9,קטמון
נקר מאיר 10,תלפיות מזרח
נקר מאיר 12,תלפיות מזרח
נקר מאיר 14,תלפיות מזרח
נקר מאיר 15,תלפיות מזרח
נקר מאיר 17,תלפיות מזרח
נקר מאיר 19,תלפיות מזרח
נקר מאיר 2,תלפיות מזרח
נקר מאיר 21,תלפיות מזרח
נקר מאיר 23,תלפיות מזרח
נקר מאיר 25,תלפיות מזרח
נקר מאיר 27,תלפיות מזרח
נקר מאיר 29,תלפיות מזרח
נקר מאיר 31,תלפיות מזרח
נקר מאיר 33,תלפיות מזרח
נקר מאיר 35,תלפיות מזרח
נקר מאיר 37,תלפיות מזרח
נקר מאיר 4,תלפיות מזרח
נקר מאיר 41,תלפיות מזרח
נקר מאיר 43,תלפיות מזרח
נקר מאיר 45,תלפיות מזרח
נקר מאיר 47,תלפיות מזרח
נקר מאיר 49,תלפיות מזרח
נקר מאיר 51,תלפיות מזרח
נקר מאיר 6,תלפיות מזרח
נקר מאיר 8,תלפיות מזרח
נרבתה 10,נחלאות
נרבתה 11,נחלאות
נרבתה 13,נחלאות
נרבתה 2,נחלאות
נרבתה 3,נחלאות
נרבתה 4,נחלאות
נרבתה 5,נחלאות
נרבתה 6,נחלאות
נרבתה 7,נחלאות
נרבתה 8,נחלאות
נרבתה 9,נחלאות
נרות שבת 16,רמות
נרות שבת 608,רמות
נרות שבת 611,רמות
נרות שבת 612,רמות
נרות שבת 613,רמות
נרות שבת 614,רמות
נרות שבת 615,רמות
נרות שבת 616,רמות
נרות שבת 622,רמות
נרות שבת 623,רמות
נרות שבת 624,רמות
נרקיס 1,נחלאות
נרקיס 10,נחלאות
נרקיס 12,נחלאות
נרקיס 14,נחלאות
נרקיס 21,נחלאות
נרקיס 22,נחלאות
נרקיס 24,נחלאות
נרקיס 25,נחלאות
נרקיס 27,נחלאות
נרקיס 29,נחלאות
נרקיס 31,נחלאות
נרקיס 34,נחלאות
נרקיס 36,נחלאות
נרקיס 37,נחלאות
נרקיס 38,נחלאות
נרקיס 39,נחלאות
נרקיס 40,נחלאות
נרקיס 42,נחלאות
נרקיס 5,נחלאות
נרקיס 7,נחלאות
נרקיס 8,נחלאות
נרקיס 9,נחלאות
נשר 1,גילה
נשר 2,גילה
נשר 3,גילה
נשר 4,גילה
נשר 5,גילה
נשר 6,גילה
נתאי הארבלי 10,גוננים
נתאי הארבלי 12,גוננים
נתאי הארבלי 14,גוננים
נתאי הארבלי 16,גוננים
נתאי הארבלי 18,גוננים
נתאי הארבלי 20,גוננים
נתאי הארבלי 22,גוננים
נתאי הארבלי 24,גוננים
נתאי הארבלי 26,גוננים
נתאי הארבלי 28,גוננים
נתאי הארבלי 32,גוננים
נתאי הארבלי 34,גוננים
נתאי הארבלי 36,גוננים
נתאי הארבלי 4,גוננים
נתאי הארבלי 40,גוננים
נתאי הארבלי 42,גוננים
נתאי הארבלי 46,גוננים
נתאי הארבלי 6,גוננים
נתיב המזלות 1,פסגת זאב
נתיב המזלות 10,פסגת זאב
נתיב המזלות 12,פסגת זאב
נתיב המזלות 13,פסגת זאב
נתיב המזלות 14,פסגת זאב
נתיב המזלות 15,פסגת זאב
נתיב המזלות 16,פסגת זאב
נתיב המזלות 17,פסגת זאב
נתיב המזלות 18,פסגת זאב
נתיב המזלות 19,פסגת זאב
נתיב המזלות 20,פסגת זאב
נתיב המזלות 22,פסגת זאב
נתיב המזלות 24,פסגת זאב
נתיב המזלות 25,פסגת זאב
נתיב המזלות 26,פסגת זאב
נתיב המזלות 27,פסגת זאב
נתיב המזלות 28,פסגת זאב
נתיב המזלות 29,פסגת זאב
נתיב המזלות 3,פסגת זאב
נתיב המזלות 30,פסגת זאב
נתיב המזלות 31,פסגת זאב
נתיב המזלות 32,פסגת זאב
נתיב המזלות 33,פסגת זאב
נתיב המזלות 34,פסגת זאב
נתיב המזלות 39,פסגת זאב
נתיב המזלות 40,פסגת זאב
נתיב המזלות 41,פסגת זאב
נתיב המזלות 42,פסגת זאב
נתיב המזלות 43,פסגת זאב
נתיב המזלות 44,פסגת זאב
נתיב המזלות 45,פסגת זאב
נתיב המזלות 46,פסגת זאב
נתיב המזלות 47,פסגת זאב
נתיב המזלות 48,פסגת זאב
נתיב המזלות 5,פסגת זאב
נתיב המזלות 50,פסגת זאב
נתיב המזלות 52,פסגת זאב
נתיב המזלות 54,פסגת זאב
נתיב המזלות 56,פסגת זאב
נתיב המזלות 58,פסגת זאב
נתיב המזלות 60,פסגת זאב
נתיב המזלות 7,פסגת זאב
נתיב המזלות 8,פסגת זאב
נתיב המזלות 9,פסגת זאב
נתיבי עם 1,רמות
נתיבי עם 10,רמות
נתיבי עם 11,רמות
נתיבי עם 12,רמות
נתיבי עם 13,רמות
נתיבי עם 15,רמות
נתיבי עם 17,רמות
נתיבי עם 3,רמות
נתיבי עם 5,רמות
נתיבי עם 6,רמות
נתיבי עם 7,רמות
נתיבי עם 8,רמות
נתיבי עם 9,רמות
נתן הנביא 10,מוסררה
נתן הנביא 11,מוסררה
נתן הנביא 5,מוסררה
נתן הנביא 7,מוסררה
נתן הנביא 8,מוסררה
נתן הנביא 9,מוסררה
נתנזון איסר 11,פסגת זאב
נתנזון איסר 13,פסגת זאב
נתנזון איסר 15,פסגת זאב
נתנזון איסר 16,פסגת זאב
נתנזון איסר 17,פסגת זאב
נתנזון איסר 18,פסגת זאב
נתנזון איסר 19,פסגת זאב
נתנזון איסר 20,פסגת זאב
נתנזון איסר 21,פסגת זאב
נתנזון איסר 22,פסגת זאב
נתנזון איסר 23,פסגת זאב
נתנזון איסר 25,פסגת זאב
נתנזון איסר 27,פסגת זאב
נתנזון איסר 29,פסגת זאב
נתנזון איסר 31,פסגת זאב
נתנזון איסר 33,פסגת זאב
נתנזון איסר 35,פסגת זאב
נתנזון איסר 37,פסגת זאב
נתנזון איסר 39,פסגת זאב
נתנזון איסר 41,פסגת זאב
נתנזון איסר 43,פסגת זאב
נתנזון איסר 5,פסגת זאב
נתנזון איסר 7,פסגת זאב
נתנזון איסר 9,פסגת זאב
סאלם אל-ראס 10,ג'בל מוכבר
סאלם אל-ראס 12,ג'בל מוכבר
סאלם אל-ראס 13,ג'בל מוכבר
סאלם אל-ראס 2,ג'בל מוכבר
סאלם אל-ראס 28,ג'בל מוכבר
סאלם אל-ראס 3,ג'בל מוכבר
סאלם אל-ראס 7,ג'בל מוכבר
סאלם אל-ראס 8,ג'בל מוכבר
סאלם אל-ראס סמ1 10,ג'בל מוכבר
סאלם אל-ראס סמ1 11,ג'בל מוכבר
סאלם אל-ראס סמ1 12,ג'בל מוכבר
סאלם אל-ראס סמ1 2,ג'בל מוכבר
סאלם אל-ראס סמ1 3,ג'בל מוכבר
סאלם אל-ראס סמ1 5,ג'בל מוכבר
סאלם אל-ראס סמ1 6,ג'בל מוכבר
סאלם אל-ראס סמ1 7,ג'בל מוכבר
סאלם אל-ראס סמ1 8,ג'בל מוכבר
סאלם אל-ראס סמ1 9,ג'בל מוכבר
סאלם אל-ראס סמ2 11,ג'בל מוכבר
סאלם אל-ראס סמ2 5,ג'בל מוכבר
סגל משה צבי 1,רמות
סגל משה צבי 10,רמות
סגל משה צבי 12,רמות
סגל משה צבי 14,רמות
סגל משה צבי 16,רמות
סגל משה צבי 2,רמות
סגל משה צבי 20,רמות
סגל משה צבי 22,רמות
סגל משה צבי 24,רמות
סגל משה צבי 26,רמות
סגל משה צבי 28,רמות
סגל משה צבי 3,רמות
סגל משה צבי 30,רמות
סגל משה צבי 32,רמות
סגל משה צבי 34,רמות
סגל משה צבי 36,רמות
סגל משה צבי 38,רמות
סגל משה צבי 4,רמות
סגל משה צבי 40,רמות
סגל משה צבי 42,רמות
סגל משה צבי 44,רמות
סגל משה צבי 46,רמות
סגל משה צבי 48,רמות
סגל משה צבי 5,רמות
סגל משה צבי 50,רמות
סגל משה צבי 52,רמות
סגל משה צבי 54,רמות
סגל משה צבי 6,רמות
סגל משה צבי 7,רמות
סגל משה צבי 8,רמות
סדן דב 10,פסגת זאב
סדן דב 11,פסגת זאב
סדן דב 12,פסגת זאב
סדן דב 13,פסגת זאב
סדן דב 14,פסגת זאב
סדן דב 16,פסגת זאב
סדן דב 17,פסגת זאב
סדן דב 18,פסגת זאב
סדן דב 19,פסגת זאב
סדן דב 20,פסגת זאב
סדן דב 21,פסגת זאב
סדן דב 22,פסגת זאב
סדן דב 23,פסגת זאב
סדן דב 24,פסגת זאב
סדן דב 26,פסגת זאב
סדן דב 27,פסגת זאב
סדן דב 29,פסגת זאב
סדן דב 30,פסגת זאב
סדן דב 31,פסגת זאב
סדן דב 32,פסגת זאב
סדן דב 33,פסגת זאב
סדן דב 4,פסגת זאב
סדן דב 5,פסגת זאב
סדן דב 6,פסגת זאב
סדן דב 7,פסגת זאב
סדן דב 8,פסגת זאב
סדן דב 9,פסגת זאב
סוואחירה 50,ג'בל מוכבר
סוואחירה 52,ג'בל מוכבר
סוכת שלום 1,נחלאות
סוכת שלום 10,נחלאות
סוכת שלום 13,נחלאות
סוכת שלום 14,נחלאות
סוכת שלום 15,נחלאות
סוכת שלום 17,נחלאות
סוכת שלום 19,נחלאות
סוכת שלום 3,נחלאות
סוכת שלום 4,נחלאות
סוכת שלום 6,נחלאות
סוכת שלום 7,נחלאות
סוכת שלום 8,נחלאות
סוכת שלום 9,נחלאות
סולד הנריטה 11,קרית מנחם
סולד הנריטה 15,קרית מנחם
סולד הנריטה 37,קרית מנחם
סולד הנריטה 39,קרית מנחם
סולטאן קוטוז 1,בית חנינא
סולטאן קוטוז 12,בית חנינא
סולטאן קוטוז 2,בית חנינא
סולטאן קוטוז 4,בית חנינא
סולטאן קוטוז 6,בית חנינא
סולטאן קוטוז 7,בית חנינא
סולטאן קוטוז 9,בית חנינא
סולטן קוטז 11,בית חנינא
סולטן קוטז 4,בית חנינא
סולטן קוטז 9999,בית חנינא
סולם יעקב 10,רמות
סולם יעקב 11,רמות
סולם יעקב 13,רמות
סולם יעקב 17,רמות
סולם יעקב 19,רמות
סולם יעקב 23,רמות
סולם יעקב 25,רמות
סולם יעקב 29,רמות
סולם יעקב 3,רמות
סולם יעקב 30,רמות
סולם יעקב 32,רמות
סולם יעקב 33,רמות
סולם יעקב 36,רמות
סולם יעקב 37,רמות
סולם יעקב 39,רמות
סולם יעקב 4,רמות
סולם יעקב 41,רמות
סולם יעקב 43,רמות
סולם יעקב 45,רמות
סולם יעקב 46,רמות
סולם יעקב 5,רמות
סולם יעקב 56,רמות
סולם יעקב 59,רמות
סולם יעקב 6,רמות
סולם יעקב 60,רמות
סולם יעקב 62,רמות
סולם יעקב 64,רמות
סולם יעקב 66,רמות
סולם יעקב 68,רמות
סולם יעקב 72,רמות
סולם יעקב 74,רמות
סולם יעקב 76,רמות
סולם יעקב 78,רמות
סולם יעקב 9,רמות
סולם יעקב 9999,רמות
סומך עובדיה 10,נחלאות
סומך עובדיה 12,נחלאות
סומך עובדיה 13,נחלאות
סומך עובדיה 14,נחלאות
סומך עובדיה 16,נחלאות
סומך עובדיה 17,נחלאות
סומך עובדיה 18,נחלאות
סומך עובדיה 2,נחלאות
סומך עובדיה 20,נחלאות
סומך עובדיה 21,נחלאות
סומך עובדיה 22,נחלאות
סומך עובדיה 23,נחלאות
סומך עובדיה 24,נחלאות
סומך עובדיה 25,נחלאות
סומך עובדיה 27,נחלאות
סומך עובדיה 30,נחלאות
סומך עובדיה 34,נחלאות
סומך עובדיה 5,נחלאות
סומך עובדיה 7,נחלאות
סומך עובדיה 8,נחלאות
סוק אל חוסור 12,העיר העתיקה
סוק אל חוסור 14,העיר העתיקה
סוק אל חוסור 15,העיר העתיקה
סוק אל חוסור 30,העיר העתיקה
סוק אל חוסור 32,העיר העתיקה
סוק אל חוסור 39,העיר העתיקה
סוק אל חוסור 70,העיר העתיקה
סוק אל חוסור 72,העיר העתיקה
סוק אל חוסור 76,העיר העתיקה
סוק אל חוסור 94,העיר העתיקה
סוק אל חוסור 9999,העיר העתיקה
סוק אל קטנין 10,העיר העתיקה
סוק חן א זית,העיר העתיקה
סוק חן א זית 23,העיר העתיקה
סוק חן א זית 40,העיר העתיקה
סוקולוב 1111,טלביה
סוקולוב 16,טלביה
סוקולוב 17,טלביה
סוקולוב 18,טלביה
סוקולוב 19,טלביה
סוקולוב 5,טלביה
סוקולוב 6,טלביה
סוקולוב 7,טלביה
סורוצקין 1,קרית אונסדורף
סורוצקין 17,קרית צאנז
סורוצקין 19,קרית צאנז
סורוצקין 2,קרית אונסדורף
סורוצקין 21,קרית צאנז
סורוצקין 22,קרית אונסדורף
סורוצקין 23,קרית צאנז
סורוצקין 25,קרית צאנז
סורוצקין 27,קרית צאנז
סורוצקין 29,קרית צאנז
סורוצקין 30,קרית צאנז
סורוצקין 32,קרית צאנז
סורוצקין 33,קרית צאנז
סורוצקין 34,קרית צאנז
סורוצקין 36,קרית צאנז
סורוצקין 37,קרית צאנז
סורוצקין 4,קרית אונסדורף
סורוצקין 41,קרית צאנז
סורוצקין 43,קרית צאנז
סורוצקין 47,קרית צאנז
סורוצקין 49,קרית צאנז
סורוצקין 5,קרית אונסדורף
סורוצקין 51,קרית צאנז
סורוצקין 6,קרית אונסדורף
סורוצקין 999,קרית צאנז
סיון שלום 10,רמות
סיון שלום 12,רמות
סיון שלום 14,רמות
סיון שלום 16,רמות
סיון שלום 18,רמות
סיון שלום 2,רמות
סיון שלום 22,רמות
סיון שלום 24,רמות
סיון שלום 6,רמות
סיון שלום 8,רמות
סיירת גולני 1,פסגת זאב
סיירת גולני 10,פסגת זאב
סיירת גולני 11,פסגת זאב
סיירת גולני 12,פסגת זאב
סיירת גולני 13,פסגת זאב
סיירת גולני 14,פסגת זאב
סיירת גולני 2,פסגת זאב
סיירת גולני 22,פסגת זאב
סיירת גולני 24,פסגת זאב
סיירת גולני 26,פסגת זאב
סיירת גולני 3,פסגת זאב
סיירת גולני 4,פסגת זאב
סיירת גולני 6,פסגת זאב
סיירת גולני 8,פסגת זאב
סיירת גולני 9,פסגת זאב
סילוואן 0,סילואן
סילוואן 1,סילואן
סילוואן 10,סילואן
סילוואן 106,סילואן
סילוואן 11,סילואן
סילוואן 12,סילואן
סילוואן 121,סילואן
סילוואן 13,סילואן
סילוואן 14,סילואן
סילוואן 15,סילואן
סילוואן 150,סילואן
סילוואן 16,סילואן
סילוואן 17,סילואן
סילוואן 18,סילואן
סילוואן 19,סילואן
סילוואן 198,סילואן
סילוואן 2,סילואן
סילוואן 20,סילואן
סילוואן 21,סילואן
סילוואן 22,סילואן
סילוואן 23,סילואן
סילוואן 25,סילואן
סילוואן 26,סילואן
סילוואן 27,סילואן
סילוואן 28,סילואן
סילוואן 29,סילואן
סילוואן 3,סילואן
סילוואן 30,סילואן
סילוואן 33,סילואן
סילוואן 38,סילואן
סילוואן 44,סילואן
סילוואן 47,סילואן
סילוואן 492,סילואן
סילוואן 5,סילואן
סילוואן 51,סילואן
סילוואן 53,סילואן
סילוואן 54,סילואן
סילוואן 6,סילואן
סילוואן 61,סילואן
סילוואן 67,סילואן
סילוואן 673,סילואן
סילוואן 675,סילואן
סילוואן 68,סילואן
סילוואן 687,סילואן
סילוואן 7,סילואן
סילוואן 70,סילואן
סילוואן 72,סילואן
סילוואן 77,סילואן
סילוואן 777,סילואן
סילוואן 781,סילואן
סילוואן 783,סילואן
סילוואן 787,סילואן
סילוואן 791,סילואן
סילוואן 8,סילואן
סילוואן 887,סילואן
סילוואן 9,סילואן
סילוואן 900,סילואן
סילוואן 907,סילואן
סילוואן 91,סילואן
סילוואן 96,סילואן
סילוואן 97,סילואן
סילוואן 9740,סילואן
סילוואן 99,סילואן
סימן טוב יעקב 2,בית הכרם
סימן טוב יעקב 3,בית הכרם
סימן טוב יעקב 4,בית הכרם
סימן טוב יעקב 6,בית הכרם
סירני 1,קרית היובל
סירני 10,קרית היובל
סירני 11,קרית היובל
סירני 12,קרית היובל
סירני 13,קרית היובל
סירני 15,קרית היובל
סירני 16,קרית היובל
סירני 17,קרית היובל
סירני 18,קרית היובל
סירני 2,קרית היובל
סירני 20,קרית היובל
סירני 21,קרית היובל
סירני 22,קרית היובל
סירני 23,קרית היובל
סירני 24,קרית היובל
סירני 25,קרית היובל
סירני 3,קרית היובל
סירני 4,קרית היובל
סירני 5,קרית היובל
סירני 6,קרית היובל
סירני 7,קרית היובל
סירני 8,קרית היובל
סירני 9,קרית היובל
סירקיס דניאל 10,קרית משה
סירקיס דניאל 12,קרית משה
סירקיס דניאל 14,קרית משה
סירקיס דניאל 4,קרית משה
סירקיס דניאל 5,קרית משה
סירקיס דניאל 8,קרית משה
סלאח אל-דין 2,באב א-זהרה
סלאח אל-דין 22,באב א-זהרה
סלאח אל-דין 46,באב א-זהרה
סלאח אל-דין סמ1 1,באב א-זהרה
סלאח אל-דין סמ1 11,באב א-זהרה
סלאח אל-דין סמ3 5,באב א-זהרה
סלמאן אל פרסי 1,א-טור
סלמאן אל פרסי 10,א-טור
סלמאן אל פרסי 11,א-טור
סלמאן אל פרסי 13,א-טור
סלמאן אל פרסי 17,א-טור
סלמאן אל פרסי 21,א-טור
סלמאן אל פרסי 25,א-טור
סלמאן אל פרסי 27,א-טור
סלמאן אל פרסי 3,א-טור
סלמאן אל פרסי 33,א-טור
סלמאן אל פרסי 36,א-טור
סלמאן אל פרסי 43,א-טור
סלמאן אל פרסי 44,א-טור
סלמאן אל פרסי 45,א-טור
סלמאן אל פרסי 46,א-טור
סלמאן אל פרסי 48,א-טור
סלמאן אל פרסי 52,א-טור
סלמאן אל פרסי 57,א-טור
סלמאן אל פרסי 6,א-טור
סלמאן אל פרסי 64,א-טור
סלמאן אל פרסי 66,א-טור
סלמאן אל פרסי 9,א-טור
סלמאן אל-פארסי 0,א-טור
סלמאן אל-פארסי 1,א-טור
סלמאן אל-פארסי 10,א-טור
סלמאן אל-פארסי 12,א-טור
סלמאן אל-פארסי 14,א-טור
סלמאן אל-פארסי 15,א-טור
סלמאן אל-פארסי 18,א-טור
סלמאן אל-פארסי 19,א-טור
סלמאן אל-פארסי 25,א-טור
סלמאן אל-פארסי 33,א-טור
סלמאן אל-פארסי 38,א-טור
סלמאן אל-פארסי 44,א-טור
סלמאן אל-פארסי 46,א-טור
סלמאן אל-פארסי 52,א-טור
סלמאן אל-פארסי 6,א-טור
סלמאן אל-פארסי 64,א-טור
סלמאן אל-פארסי 66,א-טור
סלמאן אל-פארסי 669,א-טור
סלמאן אל-פארסי 9999,א-טור
סלמאן אל-פארסי סמ1 17,א-טור
סלמאן אל-פארסי סמ1 6,א-טור
סלמאן אל-פארסי סמ1 9999,א-טור
סלמאן אל-פארסי סמ2 8,א-טור
סלמאן אל-פרסי סמ1 17,א-טור
סלמאן אל-פרסי סמ3 2,א-טור
סלמאן אל-פרסי סמ3 4,א-טור
סלמאן אל-פרסי סמ4 6,א-טור
סלמן אליהו 10,נחלאות
סלמן אליהו 11,נחלאות
סלמן אליהו 12,נחלאות
סלמן אליהו 16,נחלאות
סלמן אליהו 2,נחלאות
סלמן אליהו 24,נחלאות
סלמן אליהו 26,נחלאות
סלמן אליהו 28,נחלאות
סלמן אליהו 3,נחלאות
סלמן אליהו 4,נחלאות
סלמן אליהו 5,נחלאות
סלמן אליהו 6,נחלאות
סלמן אליהו 8,נחלאות
סלמן אליהו 9,נחלאות
סלמן יעקב 1,בית הכרם
סלמן יעקב 10,בית הכרם
סלמן יעקב 12,בית הכרם
סלמן יעקב 14,בית הכרם
סלמן יעקב 16,בית הכרם
סלמן יעקב 18,בית הכרם
סלמן יעקב 3,בית הכרם
סלמן יעקב 5,בית הכרם
סלמן יעקב 6,בית הכרם
סלמן יעקב 7,בית הכרם
סמ הגבעה 5,עין כרם
סמ היין 6,עין כרם
סמ היין 9,עין כרם
סמאטס 10,המושבה הגרמנית
סמאטס 12,המושבה הגרמנית
סמאטס 14,המושבה הגרמנית
סמאטס 15,המושבה הגרמנית
סמאטס 18,המושבה הגרמנית
סמאטס 2,המושבה הגרמנית
סמאטס 3,המושבה הגרמנית
סמאטס 4,המושבה הגרמנית
סמאטס 5,המושבה הגרמנית
סמאטס 9999,המושבה הגרמנית
סמדר 10,בית הכרם
סמדר 5,בית הכרם
סמדר 6,בית הכרם
סמדר 7,בית הכרם
סמדר 8,בית הכרם
סמולנסקין 1,טלביה
סמולנסקין 3,טלביה
סמולנסקין 5,טלביה
סמיר אמיס 107,כפר עקב
סמיר אמיס 15,כפר עקב
סמיר אמיס 160,כפר עקב
סמיר אמיס 166,כפר עקב
סמיר אמיס 168,כפר עקב
סמיר אמיס 17,כפר עקב
סמיר אמיס 999,כפר עקב
סמיר אמיס 9999,כפר עקב
סמיר אמיס סמ1 1,כפר עקב
סמיר אמיס סמ2 20,כפר עקב
סמיר אמיס סמ2 36,כפר עקב
סן מרטין 10,גוננים
סן מרטין 11,גוננים
סן מרטין 13,גוננים
סן מרטין 149,גוננים
סן מרטין 15,גוננים
סן מרטין 150,גוננים
סן מרטין 151,גוננים
סן מרטין 17,גוננים
סן מרטין 19,גוננים
סן מרטין 21,גוננים
סן מרטין 22,גוננים
סן מרטין 23,גוננים
סן מרטין 25,גוננים
סן מרטין 26,גוננים
סן מרטין 28,גוננים
סן מרטין 30,גוננים
סן מרטין 32,גוננים
סן מרטין 7,גוננים
סן מרטין 801,גוננים
סן מרטין 9,גוננים
סנה משה 1,נווה יעקב
סנה משה 11,נווה יעקב
סנה משה 15,נווה יעקב
סנה משה 17,נווה יעקב
סנה משה 19,נווה יעקב
סנה משה 21,נווה יעקב
סנה משה 25,נווה יעקב
סנה משה 27,נווה יעקב
סנה משה 29,נווה יעקב
סנה משה 3,נווה יעקב
סנה משה 5,נווה יעקב
סנה משה 7,נווה יעקב
סנה משה 709,נווה יעקב
סנה משה 9,נווה יעקב
סנהדריה מורחבת 101,סנהדריה
סנהדריה מורחבת 103,סנהדריה
סנהדריה מורחבת 104,סנהדריה
סנהדריה מורחבת 105,סנהדריה
סנהדריה מורחבת 106,סנהדריה
סנהדריה מורחבת 108,סנהדריה
סנהדריה מורחבת 109,סנהדריה
סנהדריה מורחבת 111,סנהדריה
סנהדריה מורחבת 113,סנהדריה
סנהדריה מורחבת 135,סנהדריה
סנהדריה מורחבת 138,סנהדריה
סנהדריה מורחבת 21,סנהדריה
סנט ג'ורג' 13,באב א-זהרה
סנט ג'ורג' 19,באב א-זהרה
סנט ג'ורג' 4,באב א-זהרה
סנט ג'ורג' 60,באב א-זהרה
סנט ג'ורג' 9999,באב א-זהרה
סנט גורגס 19,העיר העתיקה
סנט גורגס 2,העיר העתיקה
סנט גורגס 999,העיר העתיקה
סנט גורגס 9999,העיר העתיקה
סנט הלנה 16,העיר העתיקה
סנט מרקס 11,העיר העתיקה
סנט מרקס 23,העיר העתיקה
סנט מרקס 28,העיר העתיקה
סנט מרקס 3,העיר העתיקה
סנט מרקס 32,העיר העתיקה
סנט מרקס 6,העיר העתיקה
סנט מרקס 7,העיר העתיקה
סנט פטר 1,העיר העתיקה
סנט פטר 3,העיר העתיקה
סנט פרנציס,העיר העתיקה
סנט פרנציס 0,העיר העתיקה
סנט פרנציס 1,העיר העתיקה
סנט פרנציס 2,העיר העתיקה
סנט פרנציס 5,העיר העתיקה
סנט פרנציס 9,העיר העתיקה
סנט פרנציס 99,העיר העתיקה
סנט פרנציס 9999,העיר העתיקה
סעדיה גאון 1,רחביה
סעדיה גאון 10,רחביה
סעדיה גאון 12,רחביה
סעדיה גאון 14,רחביה
סעדיה גאון 16,רחביה
סעדיה גאון 18,רחביה
סעדיה גאון 4,רחביה
סעדיה גאון 6,רחביה
סעדיה גאון 8,רחביה
ע'סאן 11,צור באחר
ע'סאן 12,צור באחר
ע'סאן 13,צור באחר
ע'סאן 3,צור באחר
ע'סאן 7,צור באחר
ע'סאן 8,צור באחר
עבאדה בן אלסאמת 2,שועפאט
עבד א-רחמאן דג'אני,בית חנינא
עבד א-רחמאן דג'אני 14,בית חנינא
עבד א-רחמאן דג'אני 18,בית חנינא
עבד א-רחמאן דג'אני 20,בית חנינא
עבד א-רחמאן דג'אני 4,בית חנינא
עבד א-רחמאן דג'אני 6,בית חנינא
עבד אל חמיד שומאן 1,בית חנינא
עבד אל חמיד שומאן 11,בית חנינא
עבד אל חמיד שומאן 12,בית חנינא
עבד אל חמיד שומאן 18,בית חנינא
עבד אל חמיד שומאן 25,בית חנינא
עבד אל חמיד שומאן 3,בית חנינא
עבד אל חמיד שומאן 65,בית חנינא
עבד אל חמיד שומאן 67,בית חנינא
עבד אל חמיד שומאן 7,בית חנינא
עבד אל חמיד שומאן 8,בית חנינא
עבד אל-עזיז 11,שועפאט
עבד אל-עזיז 13,שועפאט
עבד אל-עזיז 15,שועפאט
עבד אל-עזיז 26,שועפאט
עבד אל-עזיז 3,שועפאט
עבד אל-עזיז 30,שועפאט
עבד אל-עזיז 31,שועפאט
עבד אל-עזיז 36,שועפאט
עבד אל-עזיז 37,שועפאט
עבד אל-עזיז 39,שועפאט
עבד אל-עזיז 51,שועפאט
עבד אל-עזיז 9,שועפאט
עבד אל-עזיז 999,שועפאט
עבד אל-עזיז 9999,שועפאט
עבד אל-עזיז סמ1 3,שועפאט
עבדאללה בן עבאס 11,כפר עקב
עבדו 1,ג'בל מוכבר
עבדו 10,ג'בל מוכבר
עבדו 13,ג'בל מוכבר
עבדו 2,ג'בל מוכבר
עבדו 20,ג'בל מוכבר
עבדו 22,ג'בל מוכבר
עבדו 28,ג'בל מוכבר
עבדו 30,ג'בל מוכבר
עבדו 32,ג'בל מוכבר
עבדו 4,ג'בל מוכבר
עבדו 5,ג'בל מוכבר
עבדו 8,ג'בל מוכבר
עבדו סמ1 5,ג'בל מוכבר
עבדלחמיד שומאן סמ5 2,בית חנינא
עבדלחמיד שומאן סמ7 15,בית חנינא
עבדלחמיד שומאן סמ7 4,בית חנינא
עבודת ישראל 17,מאה שערים
עבודת ישראל 18,מאה שערים
עבודת ישראל 26,מאה שערים
עבודת ישראל 28,מאה שערים
עבודת ישראל 30,מאה שערים
עבודת ישראל 4,מאה שערים
עבודת ישראל 5,מאה שערים
עבודת ישראל 9,מאה שערים
עדו הנביא 1,מוסררה
עדו הנביא 12,מוסררה
עדו הנביא 14,מוסררה
עדו הנביא 2,מוסררה
עדו הנביא 3,מוסררה
עדו הנביא 4,מוסררה
עדן שמואל 1,פסגת זאב
עדן שמואל 10,פסגת זאב
עדן שמואל 12,פסגת זאב
עדן שמואל 14,פסגת זאב
עדן שמואל 2,פסגת זאב
עדן שמואל 3,פסגת זאב
עדן שמואל 4,פסגת זאב
עדן שמואל 6,פסגת זאב
עדן שמואל 8,פסגת זאב
עובד 10,אבו תור
עובד 11,אבו תור
עובד 12,אבו תור
עובד 13,אבו תור
עובד 14,אבו תור
עובד 16,אבו תור
עובד 18,אבו תור
עובד 3,אבו תור
עובד 4,אבו תור
עובד 7,אבו תור
עובד 8,אבו תור
עובד 9,אבו תור
עובדיה 10,גאולה
עובדיה 11,גאולה
עובדיה 12,גאולה
עובדיה 13,גאולה
עובדיה 15,גאולה
עובדיה 16,גאולה
עובדיה 17,גאולה
עובדיה 18,גאולה
עובדיה 2,גאולה
עובדיה 20,גאולה
עובדיה 26,גאולה
עובדיה 28,גאולה
עובדיה 3,גאולה
עובדיה 30,גאולה
עובדיה 32,גאולה
עובדיה 4,גאולה
עובדיה 5,גאולה
עובדיה 6,גאולה
עובדיה 7,גאולה
עובדיה 9,גאולה
עובדיה מברטנורה 1,טלביה
עובדיה מברטנורה 11,טלביה
עובדיה מברטנורה 2,טלביה
עובדיה מברטנורה 3,טלביה
עובדיה מברטנורה 4,טלביה
עובדיה מברטנורה 6,טלביה
עובדיה מברטנורה 8,טלביה
עוויס 12,ראס אל-עמוד
עוויס 14,ראס אל-עמוד
עוויס 20,ראס אל-עמוד
עוויס 24,ראס אל-עמוד
עוויס 26,ראס אל-עמוד
עוויס 32,ראס אל-עמוד
עוויס 40,ראס אל-עמוד
עוויס 48,ראס אל-עמוד
עוויס 54,ראס אל-עמוד
עוויס 64,ראס אל-עמוד
עוויס 66,ראס אל-עמוד
עוויס 9,ראס אל-עמוד
עוויס 999,ראס אל-עמוד
עוויס 9999,ראס אל-עמוד
עוויס סמ2 10,א-טור
עוויס סמ2 14,א-טור
עוויס סמ2 19,א-טור
עוויס סמ2 2,א-טור
עוויס סמ2 6,א-טור
עוויס סמ2 8,א-טור
עוזיה 10,המושבה הגרמנית
עוזיה 11,המושבה הגרמנית
עוזיה 13,המושבה הגרמנית
עוזיה 14,המושבה הגרמנית
עוזיה 15,המושבה הגרמנית
עוזיה 17,המושבה הגרמנית
עוזיה 18,המושבה הגרמנית
עוזיה 20,המושבה הגרמנית
עוזיה 3,המושבה הגרמנית
עוזיה 4,המושבה הגרמנית
עוזיה 6,המושבה הגרמנית
עוזיה 7,המושבה הגרמנית
עוזיה 9,המושבה הגרמנית
עולי הגרדום 10,תלפיות מזרח
עולי הגרדום 113,תלפיות מזרח
עולי הגרדום 115,תלפיות מזרח
עולי הגרדום 12,תלפיות מזרח
עולי הגרדום 14,תלפיות מזרח
עולי הגרדום 16,תלפיות מזרח
עולי הגרדום 18,תלפיות מזרח
עולי הגרדום 20,תלפיות מזרח
עולי הגרדום 210,תלפיות מזרח
עולי הגרדום 22,תלפיות מזרח
עולי הגרדום 220,תלפיות מזרח
עולי הגרדום 23,תלפיות מזרח
עולי הגרדום 24,תלפיות מזרח
עולי הגרדום 25,תלפיות מזרח
עולי הגרדום 33,תלפיות מזרח
עולי הגרדום 340,תלפיות מזרח
עולי הגרדום 41,תלפיות מזרח
עולי הגרדום 43,תלפיות מזרח
עולי הגרדום 47,תלפיות מזרח
עולי הגרדום 49,תלפיות מזרח
עולי הגרדום 51,תלפיות מזרח
עולי הגרדום 53,תלפיות מזרח
עולי הגרדום 8,תלפיות מזרח
עומר אבן אל-עאס 103,באב א-זהרה
עומר אבן אל-עאס 105,באב א-זהרה
עומר אבן אל-עאס 106,באב א-זהרה
עומר אבן אל-עאס 11,באב א-זהרה
עומר אבן אל-עאס 112,באב א-זהרה
עומר אבן אל-עאס 113,באב א-זהרה
עומר אבן אל-עאס 115,באב א-זהרה
עומר אבן אל-עאס 116,באב א-זהרה
עומר אבן אל-עאס 117,באב א-זהרה
עומר אבן אל-עאס 119,באב א-זהרה
עומר אבן אל-עאס 122,באב א-זהרה
עומר אבן אל-עאס 13,באב א-זהרה
עומר אבן אל-עאס 131,באב א-זהרה
עומר אבן אל-עאס 133,באב א-זהרה
עומר אבן אל-עאס 137,באב א-זהרה
עומר אבן אל-עאס 138,באב א-זהרה
עומר אבן אל-עאס 14,באב א-זהרה
עומר אבן אל-עאס 140,באב א-זהרה
עומר אבן אל-עאס 141,באב א-זהרה
עומר אבן אל-עאס 142,באב א-זהרה
עומר אבן אל-עאס 143,באב א-זהרה
עומר אבן אל-עאס 148,באב א-זהרה
עומר אבן אל-עאס 15,באב א-זהרה
עומר אבן אל-עאס 150,באב א-זהרה
עומר אבן אל-עאס 154,באב א-זהרה
עומר אבן אל-עאס 17,באב א-זהרה
עומר אבן אל-עאס 22,באב א-זהרה
עומר אבן אל-עאס 23,באב א-זהרה
עומר אבן אל-עאס 24,באב א-זהרה
עומר אבן אל-עאס 25,באב א-זהרה
עומר אבן אל-עאס 26,באב א-זהרה
עומר אבן אל-עאס 28,באב א-זהרה
עומר אבן אל-עאס 29,באב א-זהרה
עומר אבן אל-עאס 30,באב א-זהרה
עומר אבן אל-עאס 37,באב א-זהרה
עומר אבן אל-עאס 46,באב א-זהרה
עומר אבן אל-עאס 48,באב א-זהרה
עומר אבן אל-עאס 49,באב א-זהרה
עומר אבן אל-עאס 52,באב א-זהרה
עומר אבן אל-עאס 54,באב א-זהרה
עומר אבן אל-עאס 59,באב א-זהרה
עומר אבן אל-עאס 6,באב א-זהרה
עומר אבן אל-עאס 62,באב א-זהרה
עומר אבן אל-עאס 64,באב א-זהרה
עומר אבן אל-עאס 677,באב א-זהרה
עומר אבן אל-עאס 70,באב א-זהרה
עומר אבן אל-עאס 72,באב א-זהרה
עומר אבן אל-עאס 78,באב א-זהרה
עומר אבן אל-עאס 83,באב א-זהרה
עומר אבן אל-עאס 89,באב א-זהרה
עומר אבן אל-עאס 97,באב א-זהרה
עומר אבן אל-עאס 999,באב א-זהרה
עומר אבן אלעאס סמ1 11,ג'בל מוכבר
עומר אבן אלעאס סמ1 3,ג'בל מוכבר
עומר אבן אלעאס סמ1 8,ג'בל מוכבר
עומר אבן אלעאס סמ1 9,ג'בל מוכבר
עומר אבן אלעאס סמ11 10,ג'בל מוכבר
עומר אבן אלעאס סמ11 11,ג'בל מוכבר
עומר אבן אלעאס סמ11 15,ג'בל מוכבר
עומר אבן אלעאס סמ11 21,ג'בל מוכבר
עומר אבן אלעאס סמ11 3,ג'בל מוכבר
עומר אבן אלעאס סמ13,ג'בל מוכבר
עומר אבן אלעאס סמ13 1,ג'בל מוכבר
עומר אבן אלעאס סמ13 10,ג'בל מוכבר
עומר אבן אלעאס סמ13 12,ג'בל מוכבר
עומר אבן אלעאס סמ13 13,ג'בל מוכבר
עומר אבן אלעאס סמ13 14,ג'בל מוכבר
עומר אבן אלעאס סמ13 16,ג'בל מוכבר
עומר אבן אלעאס סמ13 20,ג'בל מוכבר
עומר אבן אלעאס סמ13 22,ג'בל מוכבר
עומר אבן אלעאס סמ13 26,ג'בל מוכבר
עומר אבן אלעאס סמ13 3,ג'בל מוכבר
עומר אבן אלעאס סמ13 30,ג'בל מוכבר
עומר אבן אלעאס סמ13 32,ג'בל מוכבר
עומר אבן אלעאס סמ13 4,ג'בל מוכבר
עומר אבן אלעאס סמ13 5,ג'בל מוכבר
עומר אבן אלעאס סמ13 7,ג'בל מוכבר
עומר אבן אלעאס סמ13 8,ג'בל מוכבר
עומר אבן אלעאס סמ13 9,ג'בל מוכבר
עומר אבן אלעאס סמ15 1,ג'בל מוכבר
עומר אבן אלעאס סמ15 10,ג'בל מוכבר
עומר אבן אלעאס סמ15 12,ג'בל מוכבר
עומר אבן אלעאס סמ15 14,ג'בל מוכבר
עומר אבן אלעאס סמ15 16,ג'בל מוכבר
עומר אבן אלעאס סמ15 2,ג'בל מוכבר
עומר אבן אלעאס סמ15 22,ג'בל מוכבר
עומר אבן אלעאס סמ15 26,ג'בל מוכבר
עומר אבן אלעאס סמ15 3,ג'בל מוכבר
עומר אבן אלעאס סמ15 33,ג'בל מוכבר
עומר אבן אלעאס סמ15 37,ג'בל מוכבר
עומר אבן אלעאס סמ15 42,ג'בל מוכבר
עומר אבן אלעאס סמ15 43,ג'בל מוכבר
עומר אבן אלעאס סמ15 45,ג'בל מוכבר
עומר אבן אלעאס סמ15 47,ג'בל מוכבר
עומר אבן אלעאס סמ15 49,ג'בל מוכבר
עומר אבן אלעאס סמ15 5,ג'בל מוכבר
עומר אבן אלעאס סמ15 55,ג'בל מוכבר
עומר אבן אלעאס סמ15 6,ג'בל מוכבר
עומר אבן אלעאס סמ15 7,ג'בל מוכבר
עומר אבן אלעאס סמ15 8,ג'בל מוכבר
עומר אבן אלעאס סמ15 9,ג'בל מוכבר
עומר אבן אלעאס סמ15 9999,ג'בל מוכבר
עומר אבן אלעאס סמ3,ג'בל מוכבר
עומר אבן אלעאס סמ3 1,ג'בל מוכבר
עומר אבן אלעאס סמ3 10,ג'בל מוכבר
עומר אבן אלעאס סמ3 13,ג'בל מוכבר
עומר אבן אלעאס סמ3 16,ג'בל מוכבר
עומר אבן אלעאס סמ3 3,ג'בל מוכבר
עומר אבן אלעאס סמ3 5,ג'בל מוכבר
עומר אבן אלעאס סמ3 6,ג'בל מוכבר
עומר אבן אלעאס סמ3 8,ג'בל מוכבר
עומר אבן אלעאס סמ3 9999,ג'בל מוכבר
עומר אבן אלעאס סמ4 11,ג'בל מוכבר
עומר אבן אלעאס סמ4 13,ג'בל מוכבר
עומר אבן אלעאס סמ4 9999,ג'בל מוכבר
עומר אבן אלעאס סמ5,ג'בל מוכבר
עומר אבן אלעאס סמ5 10,ג'בל מוכבר
עומר אבן אלעאס סמ5 12,ג'בל מוכבר
עומר אבן אלעאס סמ5 13,ג'בל מוכבר
עומר אבן אלעאס סמ5 17,ג'בל מוכבר
עומר אבן אלעאס סמ5 19,ג'בל מוכבר
עומר אבן אלעאס סמ5 22,ג'בל מוכבר
עומר אבן אלעאס סמ5 23,ג'בל מוכבר
עומר אבן אלעאס סמ5 25,ג'בל מוכבר
עומר אבן אלעאס סמ5 27,ג'בל מוכבר
עומר אבן אלעאס סמ5 29,ג'בל מוכבר
עומר אבן אלעאס סמ5 3,ג'בל מוכבר
עומר אבן אלעאס סמ5 33,ג'בל מוכבר
עומר אבן אלעאס סמ5 37,ג'בל מוכבר
עומר אבן אלעאס סמ5 4,ג'בל מוכבר
עומר אבן אלעאס סמ5 5,ג'בל מוכבר
עומר אבן אלעאס סמ5 6,ג'בל מוכבר
עומר אבן אלעאס סמ5 7,ג'בל מוכבר
עומר אבן אלעאס סמ5 9999,ג'בל מוכבר
עומר אבן אלעאס סמ7 12,ג'בל מוכבר
עומר אבן אלעאס סמ7 14,ג'בל מוכבר
עומר אבן אלעאס סמ7 16,ג'בל מוכבר
עומר אבן אלעאס סמ7 18,ג'בל מוכבר
עומר אבן אלעאס סמ7 20,ג'בל מוכבר
עומר אבן אלעאס סמ7 22,ג'בל מוכבר
עומר אבן אלעאס סמ7 6,ג'בל מוכבר
עומר אבן אלעאס סמ7 8,ג'בל מוכבר
עומר אבן אלעאס סמ7 9999,ג'בל מוכבר
עומר אבן אלעאס סמ9,ג'בל מוכבר
עומר אבן אלעאס סמ9 4,ג'בל מוכבר
עומר אבן אלעאס סמ9 6,ג'בל מוכבר
עומר אבן אלעאס סמ9 9999,ג'בל מוכבר
עומר אבן כתב 1,העיר העתיקה
עומר אל-פארוק 1,ג'בל מוכבר
עומר אל-פארוק 11,ג'בל מוכבר
עומר אל-פארוק 13,ג'בל מוכבר
עומר אל-פארוק 15,ג'בל מוכבר
עומר אל-פארוק 17,ג'בל מוכבר
עומר אל-פארוק 20,ג'בל מוכבר
עומר אל-פארוק 24,ג'בל מוכבר
עומר אל-פארוק 9,ג'בל מוכבר
עומר אל-פארוק סמ2 10,ג'בל מוכבר
עומר אל-פארוק סמ2 12,ג'בל מוכבר
עומר אל-פארוק סמ2 16,ג'בל מוכבר
עומר אל-פארוק סמ2 18,ג'בל מוכבר
עומר אל-פארוק סמ2 19,ג'בל מוכבר
עומר אל-פארוק סמ2 2,ג'בל מוכבר
עומר אל-פארוק סמ2 23,ג'בל מוכבר
עומר אל-פארוק סמ2 27,ג'בל מוכבר
עומר אל-פארוק סמ2 29,ג'בל מוכבר
עומר אל-פארוק סמ2 31,ג'בל מוכבר
עומר אל-פארוק סמ2 33,ג'בל מוכבר
עומר אל-פארוק סמ2 5,ג'בל מוכבר
עומר אל-פארוק סמ2 676,ג'בל מוכבר
עומר אל-פארוק סמ2 9999,ג'בל מוכבר
עומר אל-פארוק סמ3,ג'בל מוכבר
עומר אל-פארוק סמ3 10,ג'בל מוכבר
עומר אל-פארוק סמ3 13,ג'בל מוכבר
עומר אל-פארוק סמ3 14,ג'בל מוכבר
עומר אל-פארוק סמ3 15,ג'בל מוכבר
עומר אל-פארוק סמ3 17,ג'בל מוכבר
עומר אל-פארוק סמ3 2,ג'בל מוכבר
עומר אל-פארוק סמ3 21,ג'בל מוכבר
עומר אל-פארוק סמ3 23,ג'בל מוכבר
עומר אל-פארוק סמ3 25,ג'בל מוכבר
עומר אל-פארוק סמ3 32,ג'בל מוכבר
עומר אל-פארוק סמ3 38,ג'בל מוכבר
עומר אל-פארוק סמ3 4,ג'בל מוכבר
עומר אל-פארוק סמ3 9999,ג'בל מוכבר
עונג שבת 10,מאה שערים
עונג שבת 12,מאה שערים
עונג שבת 16,מאה שערים
עונג שבת 2,מאה שערים
עונג שבת 4,מאה שערים
עונג שבת 8,מאה שערים
עוקבה בן נאפע 1,בית חנינא
עוקבה בן נאפע 10,בית חנינא
עוקבה בן נאפע 12,בית חנינא
עוקבה בן נאפע 14,בית חנינא
עוקבה בן נאפע 4,בית חנינא
עוקבה בן נאפע 5,בית חנינא
עוקבה בן נאפע 7,בית חנינא
עוקבה בן נאפע 8,בית חנינא
עות'מן בן עפאן 10,וואדי אל-ג'וז
עות'מן בן עפאן 13,וואדי אל-ג'וז
עות'מן בן עפאן 14,וואדי אל-ג'וז
עות'מן בן עפאן 16,וואדי אל-ג'וז
עות'מן בן עפאן 17,וואדי אל-ג'וז
עות'מן בן עפאן 18,וואדי אל-ג'וז
עות'מן בן עפאן 19,וואדי אל-ג'וז
עות'מן בן עפאן 2,וואדי אל-ג'וז
עות'מן בן עפאן 24,וואדי אל-ג'וז
עות'מן בן עפאן 25,וואדי אל-ג'וז
עות'מן בן עפאן 28,וואדי אל-ג'וז
עות'מן בן עפאן 3,וואדי אל-ג'וז
עות'מן בן עפאן 30,וואדי אל-ג'וז
עות'מן בן עפאן 31,וואדי אל-ג'וז
עות'מן בן עפאן 4,וואדי אל-ג'וז
עות'מן בן עפאן 47,וואדי אל-ג'וז
עות'מן בן עפאן 49,וואדי אל-ג'וז
עות'מן בן עפאן 51,וואדי אל-ג'וז
עות'מן בן עפאן 55,וואדי אל-ג'וז
עות'מן בן עפאן 57,וואדי אל-ג'וז
עות'מן בן עפאן 6,וואדי אל-ג'וז
עות'מן בן עפאן 7,וואדי אל-ג'וז
עות'מן בן עפאן 8,וואדי אל-ג'וז
עות'מן בן עפאן 9,וואדי אל-ג'וז
עות'מן בן עפאן סמ6 47,וואדי אל-ג'וז
עזה 21,רחביה
עזה 24,רחביה
עזה 32,רחביה
עזה 33,טלביה
עזה 35,טלביה
עזה 39,טלביה
עזה 45,טלביה
עזה 46,טלביה
עזה 48,טלביה
עזה 49,טלביה
עזה 50,טלביה
עזה 52,טלביה
עזה 53,טלביה
עזה 54,טלביה
עזה 56,טלביה
עזה 58,טלביה
עזה 59,רחביה
עזה 60,טלביה
עזה 64,טלביה
עזה 66,טלביה
עזה 7,רחביה
עזרא 20,גאולה
עזרא 24,בוכרים
עזרא 28,בוכרים
עזרא 31,בוכרים
עזרא 33,גאולה
עזרא 35,בוכרים
עזרא 9,בוכרים
עזריאל 1,גבעת שאול
עזריאל 10,גבעת שאול
עזריאל 11,גבעת שאול
עזריאל 13,גבעת שאול
עזריאל 15,גבעת שאול
עזריאל 17,גבעת שאול
עזריאל 3,גבעת שאול
עזריאל 5,גבעת שאול
עזריאל 7,גבעת שאול
עזריאל 8,גבעת שאול
עזריאל 9,גבעת שאול
עזרת ישראל 11,מרכז העיר
עזרת ישראל 14,מרכז העיר
עזרת ישראל 15,מרכז העיר
עזרת ישראל 17,מרכז העיר
עזרת ישראל 5,מרכז העיר
עזרת ישראל 6,מרכז העיר
עזרת ישראל 8,מרכז העיר
עזרת ישראל 9,מרכז העיר
עזרת תורה 10,רוממה
עזרת תורה 12,רוממה
עזרת תורה 14,רוממה
עזרת תורה 19,רוממה
עזרת תורה 21,רוממה
עזרת תורה 23,רוממה
עזרת תורה 25,רוממה
עזרת תורה 26,רוממה
עזרת תורה 29,רוממה
עזרת תורה 30,רוממה
עזרת תורה 31,רוממה
עזרת תורה 32,רוממה
עזרת תורה 34,רוממה
עזרת תורה 35,רוממה
עזרת תורה 36,רוממה
עזרת תורה 39,רוממה
עזרת תורה 4,רוממה
עזרת תורה 41,רוממה
עזרת תורה 6,רוממה
עזרת תורה 8,רוממה
עטון 12,צור באחר
עטון 4,צור באחר
עטון 6,צור באחר
עטון 8,צור באחר
עטון 9,צור באחר
עטרות 19,כפר עקב
עטרות 28,כפר עקב
עטרות 3,כפר עקב
עין אל-לוזה 10,סילואן
עין אל-לוזה 102,סילואן
עין אל-לוזה 110,סילואן
עין אל-לוזה 114,סילואן
עין אל-לוזה 14,סילואן
עין אל-לוזה 140,סילואן
עין אל-לוזה 16,סילואן
עין אל-לוזה 19,סילואן
עין אל-לוזה 21,סילואן
עין אל-לוזה 25,סילואן
עין אל-לוזה 66,סילואן
עין אל-לוזה 676,סילואן
עין אל-לוזה 7,סילואן
עין אל-לוזה 76,סילואן
עין אל-לוזה 83,סילואן
עין אל-לוזה 98,סילואן
עין אל-לוזה סמ1 26,ראס אל-עמוד
עין אל-לוזה סמ3 2,ראס אל-עמוד
עין אל-לוזה סמ7 10,ראס אל-עמוד
עין אל-לוזה סמ9 7,ראס אל-עמוד
עין גדי 11,תלפיות
עין גדי 12,תלפיות
עין גדי 13,תלפיות
עין גדי 14,תלפיות
עין גדי 16,תלפיות
עין גדי 17,תלפיות
עין גדי 18,תלפיות
עין גדי 2,תלפיות
עין גדי 20,תלפיות
עין גדי 21,תלפיות
עין גדי 23,תלפיות
עין גדי 24,תלפיות
עין גדי 25,תלפיות
עין גדי 26,תלפיות
עין גדי 27,תלפיות
עין גדי 29,תלפיות
עין גדי 3,תלפיות
עין גדי 30,תלפיות
עין גדי 4,תלפיות
עין גדי 5,תלפיות
עין גדי 6,תלפיות
עין גדי 7,תלפיות
עין יעקב 1,מאה שערים
עין יעקב 13,מאה שערים
עין יעקב 23,מאה שערים
עין יעקב 49,מאה שערים
עין יעקב 69,מאה שערים
עין יעקב 75,מאה שערים
עין יעקב 77,מאה שערים
עין יעקב 79,מאה שערים
עין יעקב 83,מאה שערים
עין יעקב 85,מאה שערים
עין יעקב 89,מאה שערים
עין יעקב 91,מאה שערים
עין כרם 13,עין כרם
עין רוגל,אבו תור
עין רוגל 1,אבו תור
עין רוגל 10,אבו תור
עין רוגל 11,אבו תור
עין רוגל 13,אבו תור
עין רוגל 15,אבו תור
עין רוגל 16,אבו תור
עין רוגל 17,אבו תור
עין רוגל 18,אבו תור
עין רוגל 19,אבו תור
עין רוגל 2,אבו תור
עין רוגל 21,אבו תור
עין רוגל 26,אבו תור
עין רוגל 28,אבו תור
עין רוגל 30,אבו תור
עין רוגל 34,אבו תור
עין רוגל 38,אבו תור
עין רוגל 4,אבו תור
עין רוגל 40,אבו תור
עין רוגל 41,אבו תור
עין רוגל 42,אבו תור
עין רוגל 47,אבו תור
עין רוגל 49,אבו תור
עין רוגל 5,אבו תור
עין רוגל 55,אבו תור
עין רוגל 6,אבו תור
עין רוגל 7,אבו תור
עין רוגל 8,אבו תור
עין רוגל 9999,אבו תור
עין רוגל סמ1 2,אבו תור
עין רוגל סמ1 24,אבו תור
עין רוגל סמ1 33,אבו תור
עין רוגל סמ1 44,אבו תור
עין רוגל סמ1 50,אבו תור
עין רוגל סמ1 8,אבו תור
עינים למשפט 10,נחלאות
עינים למשפט 12,נחלאות
עינים למשפט 16,נחלאות
עינים למשפט 18,נחלאות
עינים למשפט 20,נחלאות
עינים למשפט 22,נחלאות
עינים למשפט 24,נחלאות
עינים למשפט 26,נחלאות
עינים למשפט 28,נחלאות
עינים למשפט 4,נחלאות
עינים למשפט 6,נחלאות
עינים למשפט 8,נחלאות
עיסוויה 0,עיסוויה
עיסוויה 1,עיסוויה
עיסוויה 10,עיסוויה
עיסוויה 100,עיסוויה
עיסוויה 101,עיסוויה
עיסוויה 102,עיסוויה
עיסוויה 107,עיסוויה
עיסוויה 108,עיסוויה
עיסוויה 109,עיסוויה
עיסוויה 11,עיסוויה
עיסוויה 114,עיסוויה
עיסוויה 117,עיסוויה
עיסוויה 118,עיסוויה
עיסוויה 119,עיסוויה
עיסוויה 12,עיסוויה
עיסוויה 121,עיסוויה
עיסוויה 122,עיסוויה
עיסוויה 127,עיסוויה
עיסוויה 129,עיסוויה
עיסוויה 13,עיסוויה
עיסוויה 130,עיסוויה
עיסוויה 131,עיסוויה
עיסוויה 139,עיסוויה
עיסוויה 14,עיסוויה
עיסוויה 141,עיסוויה
עיסוויה 142,עיסוויה
עיסוויה 144,עיסוויה
עיסוויה 146,עיסוויה
עיסוויה 147,עיסוויה
עיסוויה 149,עיסוויה
עיסוויה 15,עיסוויה
עיסוויה 150,עיסוויה
עיסוויה 151,עיסוויה
עיסוויה 152,עיסוויה
עיסוויה 153,עיסוויה
עיסוויה 155,עיסוויה
עיסוויה 156,עיסוויה
עיסוויה 160,עיסוויה
עיסוויה 164,עיסוויה
עיסוויה 165,עיסוויה
עיסוויה 169,עיסוויה
עיסוויה 17,עיסוויה
עיסוויה 170,עיסוויה
עיסוויה 174,עיסוויה
עיסוויה 175,עיסוויה
עיסוויה 176,עיסוויה
עיסוויה 177,עיסוויה
עיסוויה 178,עיסוויה
עיסוויה 179,עיסוויה
עיסוויה 180,עיסוויה
עיסוויה 183,עיסוויה
עיסוויה 184,עיסוויה
עיסוויה 187,עיסוויה
עיסוויה 188,עיסוויה
עיסוויה 189,עיסוויה
עיסוויה 19,עיסוויה
עיסוויה 190,עיסוויה
עיסוויה 191,עיסוויה
עיסוויה 193,עיסוויה
עיסוויה 194,עיסוויה
עיסוויה 197,עיסוויה
עיסוויה 199,עיסוויה
עיסוויה 200,עיסוויה
עיסוויה 201,עיסוויה
עיסוויה 202,עיסוויה
עיסוויה 204,עיסוויה
עיסוויה 206,עיסוויה
עיסוויה 207,עיסוויה
עיסוויה 209,עיסוויה
עיסוויה 21,עיסוויה
עיסוויה 210,עיסוויה
עיסוויה 2101,עיסוויה
עיסוויה 211,עיסוויה
עיסוויה 212,עיסוויה
עיסוויה 213,עיסוויה
עיסוויה 215,עיסוויה
עיסוויה 216,עיסוויה
עיסוויה 217,עיסוויה
עיסוויה 218,עיסוויה
עיסוויה 219,עיסוויה
עיסוויה 22,עיסוויה
עיסוויה 220,עיסוויה
עיסוויה 221,עיסוויה
עיסוויה 222,עיסוויה
עיסוויה 223,עיסוויה
עיסוויה 224,עיסוויה
עיסוויה 226,עיסוויה
עיסוויה 227,עיסוויה
עיסוויה 228,עיסוויה
עיסוויה 23,עיסוויה
עיסוויה 232,עיסוויה
עיסוויה 234,עיסוויה
עיסוויה 236,עיסוויה
עיסוויה 237,עיסוויה
עיסוויה 239,עיסוויה
עיסוויה 240,עיסוויה
עיסוויה 245,עיסוויה
עיסוויה 246,עיסוויה
עיסוויה 247,עיסוויה
עיסוויה 25,עיסוויה
עיסוויה 250,עיסוויה
עיסוויה 251,עיסוויה
עיסוויה 252,עיסוויה
עיסוויה 26,עיסוויה
עיסוויה 260,עיסוויה
עיסוויה 262,עיסוויה
עיסוויה 264,עיסוויה
עיסוויה 265,עיסוויה
עיסוויה 266,עיסוויה
עיסוויה 267,עיסוויה
עיסוויה 27,עיסוויה
עיסוויה 271,עיסוויה
עיסוויה 274,עיסוויה
עיסוויה 276,עיסוויה
עיסוויה 278,עיסוויה
עיסוויה 28,עיסוויה
עיסוויה 283,עיסוויה
עיסוויה 284,עיסוויה
עיסוויה 29,עיסוויה
עיסוויה 3,עיסוויה
עיסוויה 30,עיסוויה
עיסוויה 31,עיסוויה
עיסוויה 32,עיסוויה
עיסוויה 36,עיסוויה
עיסוויה 38,עיסוויה
עיסוויה 39,עיסוויה
עיסוויה 41,עיסוויה
עיסוויה 42,עיסוויה
עיסוויה 43,עיסוויה
עיסוויה 44,עיסוויה
עיסוויה 45,עיסוויה
עיסוויה 46,עיסוויה
עיסוויה 47,עיסוויה
עיסוויה 49,עיסוויה
עיסוויה 50,עיסוויה
עיסוויה 51,עיסוויה
עיסוויה 53,עיסוויה
עיסוויה 54,עיסוויה
עיסוויה 56,עיסוויה
עיסוויה 565,עיסוויה
עיסוויה 57,עיסוויה
עיסוויה 58,עיסוויה
עיסוויה 6,עיסוויה
עיסוויה 62,עיסוויה
עיסוויה 64,עיסוויה
עיסוויה 66,עיסוויה
עיסוויה 668,עיסוויה
עיסוויה 67,עיסוויה
עיסוויה 68,עיסוויה
עיסוויה 7,עיסוויה
עיסוויה 70,עיסוויה
עיסוויה 72,עיסוויה
עיסוויה 73,עיסוויה
עיסוויה 74,עיסוויה
עיסוויה 75,עיסוויה
עיסוויה 76,עיסוויה
עיסוויה 77,עיסוויה
עיסוויה 78,עיסוויה
עיסוויה 8,עיסוויה
עיסוויה 81,עיסוויה
עיסוויה 82,עיסוויה
עיסוויה 83,עיסוויה
עיסוויה 84,עיסוויה
עיסוויה 86,עיסוויה
עיסוויה 87,עיסוויה
עיסוויה 9,עיסוויה
עיסוויה 92,עיסוויה
עיסוויה 94,עיסוויה
עיסוויה 95,עיסוויה
עיסוויה 98,עיסוויה
עיסוויה 99,עיסוויה
עיר דוד,העיר העתיקה
עיר דוד 26,העיר העתיקה
עיר דוד 86,העיר העתיקה
עיר דוד 999,העיר העתיקה
עיר דוד 9999,העיר העתיקה
עכרמה בן אבי ג'הל 10,שועפאט
עכרמה בן אבי ג'הל 12,שועפאט
עכרמה בן אבי ג'הל 14,שועפאט
עכרמה בן אבי ג'הל 16,שועפאט
עכרמה בן אבי ג'הל 18,שועפאט
עכרמה בן אבי ג'הל 19,שועפאט
עכרמה בן אבי ג'הל 2,שועפאט
עכרמה בן אבי ג'הל 20,שועפאט
עכרמה בן אבי ג'הל 51,שועפאט
עכרמה בן אבי ג'הל 8,שועפאט
עלא דין,העיר העתיקה
עלא דין 0,העיר העתיקה
עלא דין 1,העיר העתיקה
עלא דין 13,העיר העתיקה
עלא דין 15,העיר העתיקה
עלא דין 3,העיר העתיקה
עלא דין 6,העיר העתיקה
עלא דין 9,העיר העתיקה
עלא דין 999,העיר העתיקה
עלא דין 9999,העיר העתיקה
עלי אבן אבו טאלב 8,באב א-זהרה
עלי הכהן 17,רוממה
עלי הכהן 19,רוממה
עלי הכהן 24,רוממה
עלי הכהן 25,רוממה
עלי הכהן 28,רוממה
עלי הכהן 29,רוממה
עלי הכהן 3,רוממה
עלי הכהן 30,רוממה
עלי הכהן 32,רוממה
עלי הכהן 34,רוממה
עלי חג'אזי 10,ג'בל מוכבר
עלי חג'אזי 16,ג'בל מוכבר
עלי חג'אזי 20,ג'בל מוכבר
עלי חג'אזי 25,ג'בל מוכבר
עלי חג'אזי 26,ג'בל מוכבר
עלי חג'אזי 30,ג'בל מוכבר
עלי חג'אזי 38,ג'בל מוכבר
עלי חג'אזי 41,ג'בל מוכבר
עלי חג'אזי 7,ג'בל מוכבר
עלי חג'אזי 9,ג'בל מוכבר
עלי חג'אזי 9999,ג'בל מוכבר
עליאש 7,מרכז העיר
עלית הנוער 1,רמות
עלית הנוער 10,רמות
עלית הנוער 12,רמות
עלית הנוער 13,רמות
עלית הנוער 15,רמות
עלית הנוער 17,רמות
עלית הנוער 18,רמות
עלית הנוער 19,רמות
עלית הנוער 2,רמות
עלית הנוער 20,רמות
עלית הנוער 24,רמות
עלית הנוער 25,רמות
עלית הנוער 26,רמות
עלית הנוער 27,רמות
עלית הנוער 29,רמות
עלית הנוער 3,רמות
עלית הנוער 30,רמות
עלית הנוער 31,רמות
עלית הנוער 32,רמות
עלית הנוער 33,רמות
עלית הנוער 35,רמות
עלית הנוער 36,רמות
עלית הנוער 38,רמות
עלית הנוער 4,רמות
עלית הנוער 42,רמות
עלית הנוער 46,רמות
עלית הנוער 48,רמות
עלית הנוער 50,רמות
עלית הנוער 6,רמות
עלית הנוער 8,רמות
עלמא 1,נחלאות
עלמא 10,נחלאות
עלמא 11,נחלאות
עלמא 12,נחלאות
עלמא 13,נחלאות
עלמא 15,נחלאות
עלמא 17,נחלאות
עלמא 2,נחלאות
עלמא 3,נחלאות
עלמא 4,נחלאות
עלמא 6,נחלאות
עלמא 7,נחלאות
עלמא 8,נחלאות
עלמא 9,נחלאות
עמוס 14,גאולה
עמוס 17,גאולה
עמוס 20,גאולה
עמוס 21,גאולה
עמוס 25,גאולה
עמוס 26,גאולה
עמוס 27,גאולה
עמוס 29,גאולה
עמוס 30,גאולה
עמוס 32,גאולה
עמוס 7,גאולה
עמוס 9,גאולה
עמינדב 10,אבו תור
עמינדב 104,אבו תור
עמינדב 11,אבו תור
עמינדב 12,אבו תור
עמינדב 13,אבו תור
עמינדב 14,אבו תור
עמינדב 15,אבו תור
עמינדב 19,אבו תור
עמינדב 4,אבו תור
עמינדב 8,אבו תור
עמינדב 9,אבו תור
עמנואל זיסמן 10,הר חומה
עמנואל זיסמן 11,הר חומה
עמנואל זיסמן 12,הר חומה
עמנואל זיסמן 13,הר חומה
עמנואל זיסמן 15,הר חומה
עמנואל זיסמן 16,הר חומה
עמנואל זיסמן 17,הר חומה
עמנואל זיסמן 18,הר חומה
עמנואל זיסמן 19,הר חומה
עמנואל זיסמן 20,הר חומה
עמנואל זיסמן 21,הר חומה
עמנואל זיסמן 22,הר חומה
עמנואל זיסמן 24,הר חומה
עמנואל זיסמן 26,הר חומה
עמנואל זיסמן 27,הר חומה
עמנואל זיסמן 28,הר חומה
עמנואל זיסמן 29,הר חומה
עמנואל זיסמן 30,הר חומה
עמנואל זיסמן 31,הר חומה
עמנואל זיסמן 32,הר חומה
עמנואל זיסמן 34,הר חומה
עמנואל זיסמן 36,הר חומה
עמנואל זיסמן 38,הר חומה
עמנואל זיסמן 9,הר חומה
עמנואל נח 10,המושבה הגרמנית
עמנואל נח 11,המושבה הגרמנית
עמנואל נח 13,המושבה הגרמנית
עמנואל נח 8,המושבה הגרמנית
עמק התימנים 14,עין כרם
עמק התימנים 50,עין כרם
עמק התימנים 58,עין כרם
עמק התימנים 60,עין כרם
עמק רפאים 13,המושבה הגרמנית
עמק רפאים 15,המושבה הגרמנית
עמק רפאים 50,המושבה הגרמנית
עמק רפאים 53,המושבה הגרמנית
עמק רפאים 55,המושבה הגרמנית
עמק רפאים 56,המושבה הגרמנית
עמק רפאים 57,המושבה הגרמנית
עמק רפאים 59,המושבה הגרמנית
עמק רפאים 61,המושבה הגרמנית
עמק רפאים 65,המושבה הגרמנית
עמק רפאים 76,המושבה הגרמנית
עמק רפאים 9,המושבה הגרמנית
עמרם גאון 10,גבעת שאול
עמרם גאון 11,גבעת שאול
עמרם גאון 12,גבעת שאול
עמרם גאון 13,גבעת שאול
עמרם גאון 20,גבעת שאול
עמרם גאון 22,גבעת שאול
עמרם גאון 24,גבעת שאול
עמרם גאון 26,גבעת שאול
עמרם גאון 28,גבעת שאול
עמרם גאון 3,גבעת שאול
עמרם גאון 33,גבעת שאול
עמרם גאון 38,גבעת שאול
עמרם גאון 4,גבעת שאול
עמרם גאון 40,גבעת שאול
עמרם גאון 42,גבעת שאול
עמרם גאון 44,גבעת שאול
עמרם גאון 46,גבעת שאול
עמרם גאון 6,גבעת שאול
עמשא 1,מלחה
עמשא 84,מלחה
עמשא 92,מלחה
עמשא 94,מלחה
עמשא 98,מלחה
ענאתה החדשה 10,ענתא
ענאתה החדשה 102,ענתא
ענאתה החדשה 104,ענתא
ענאתה החדשה 106,ענתא
ענאתה החדשה 11,ענתא
ענאתה החדשה 118,ענתא
ענאתה החדשה 12,ענתא
ענאתה החדשה 120,ענתא
ענאתה החדשה 13,ענתא
ענאתה החדשה 14,ענתא
ענאתה החדשה 147,ענתא
ענאתה החדשה 15,ענתא
ענאתה החדשה 153,ענתא
ענאתה החדשה 16,ענתא
ענאתה החדשה 161,ענתא
ענאתה החדשה 162,ענתא
ענאתה החדשה 17,ענתא
ענאתה החדשה 175,ענתא
ענאתה החדשה 176,ענתא
ענאתה החדשה 18,ענתא
ענאתה החדשה 19,ענתא
ענאתה החדשה 199,ענתא
ענאתה החדשה 2,ענתא
ענאתה החדשה 20,ענתא
ענאתה החדשה 22,ענתא
ענאתה החדשה 221,ענתא
ענאתה החדשה 227,ענתא
ענאתה החדשה 23,ענתא
ענאתה החדשה 236,ענתא
ענאתה החדשה 24,ענתא
ענאתה החדשה 244,ענתא
ענאתה החדשה 25,ענתא
ענאתה החדשה 275,ענתא
ענאתה החדשה 3,ענתא
ענאתה החדשה 30,ענתא
ענאתה החדשה 31,ענתא
ענאתה החדשה 319,ענתא
ענאתה החדשה 32,ענתא
ענאתה החדשה 33,ענתא
ענאתה החדשה 35,ענתא
ענאתה החדשה 373,ענתא
ענאתה החדשה 38,ענתא
ענאתה החדשה 39,ענתא
ענאתה החדשה 4,ענתא
ענאתה החדשה 414,ענתא
ענאתה החדשה 42,ענתא
ענאתה החדשה 46,ענתא
ענאתה החדשה 482,ענתא
ענאתה החדשה 490,ענתא
ענאתה החדשה 52,ענתא
ענאתה החדשה 54,ענתא
ענאתה החדשה 55,ענתא
ענאתה החדשה 6,ענתא
ענאתה החדשה 60,ענתא
ענאתה החדשה 62,ענתא
ענאתה החדשה 66,ענתא
ענאתה החדשה 669,ענתא
ענאתה החדשה 677,ענתא
ענאתה החדשה 68,ענתא
ענאתה החדשה 69,ענתא
ענאתה החדשה 7,ענתא
ענאתה החדשה 75,ענתא
ענאתה החדשה 79,ענתא
ענאתה החדשה 8,ענתא
ענאתה החדשה 9,ענתא
ענאתה החדשה 90,ענתא
ענאתה החדשה 91,ענתא
ענאתה החדשה 98,ענתא
ענאתה החדשה 99,ענתא
ענתבי 3,נחלאות
ענתבי 6,נחלאות
ענתבי 7,נחלאות
ענתבי 8,נחלאות
ענתות 1,נחלאות
ענתות 12,נחלאות
ענתות 2,נחלאות
ענתות 3,נחלאות
ענתות 4,נחלאות
ענתות 5,נחלאות
ענתות 6,נחלאות
ענתות 8,נחלאות
עץ הדר 3,שמואל הנביא
עציון גבר 2,הגבעה הצרפתית
עציון גבר 3,הגבעה הצרפתית
עציון גבר 4,הגבעה הצרפתית
עק אל אסאלה 1,העיר העתיקה
עק אל אסאלה 11,העיר העתיקה
עק אל אסאלה 13,העיר העתיקה
עק אל אסאלה 5,העיר העתיקה
עק אל אסאלה 7,העיר העתיקה
עק אל אסאלה 9,העיר העתיקה
עק אל אסאלה 9999,העיר העתיקה
עק אל חלידיה,העיר העתיקה
עק אל חלידיה 11,העיר העתיקה
עק אל חלידיה 12,העיר העתיקה
עק אל חלידיה 14,העיר העתיקה
עק אל חלידיה 17,העיר העתיקה
עק אל חלידיה 18,העיר העתיקה
עק אל חלידיה 19,העיר העתיקה
עק אל חלידיה 21,העיר העתיקה
עק אל חלידיה 22,העיר העתיקה
עק אל חלידיה 23,העיר העתיקה
עק אל חלידיה 24,העיר העתיקה
עק אל חלידיה 25,העיר העתיקה
עק אל חלידיה 26,העיר העתיקה
עק אל חלידיה 27,העיר העתיקה
עק אל חלידיה 28,העיר העתיקה
עק אל חלידיה 29,העיר העתיקה
עק אל חלידיה 3,העיר העתיקה
עק אל חלידיה 30,העיר העתיקה
עק אל חלידיה 31,העיר העתיקה
עק אל חלידיה 33,העיר העתיקה
עק אל חלידיה 39,העיר העתיקה
עק אל חלידיה 4,העיר העתיקה
עק אל חלידיה 44,העיר העתיקה
עק אל חלידיה 5,העיר העתיקה
עק אל חלידיה 52,העיר העתיקה
עק אל חלידיה 68,העיר העתיקה
עק אל חלידיה 7,העיר העתיקה
עק אל חלידיה 8,העיר העתיקה
עק אל חלידיה 90,העיר העתיקה
עק אל חלידיה 94,העיר העתיקה
עק אל חלידיה 999,העיר העתיקה
עק דאר בריק,העיר העתיקה
עק דאר בריק 1,העיר העתיקה
עק דאר בריק 25,העיר העתיקה
עק דאר בריק 3,העיר העתיקה
עק דאר בריק 4,העיר העתיקה
עק דאר בריק 5,העיר העתיקה
עק דאר בריק 6,העיר העתיקה
עק דאר בריק 7,העיר העתיקה
עק דאר בריק 8,העיר העתיקה
עק חן א עקבת 2,העיר העתיקה
עק חן א עקבת 9999,העיר העתיקה
עק שיח ריחאן 1,העיר העתיקה
עק שיח ריחאן 11,העיר העתיקה
עק שיח ריחאן 12,העיר העתיקה
עק שיח ריחאן 13,העיר העתיקה
עק שיח ריחאן 16,העיר העתיקה
עק שיח ריחאן 17,העיר העתיקה
עק שיח ריחאן 18,העיר העתיקה
עק שיח ריחאן 21,העיר העתיקה
עק שיח ריחאן 22,העיר העתיקה
עק שיח ריחאן 23,העיר העתיקה
עק שיח ריחאן 24,העיר העתיקה
עק שיח ריחאן 26,העיר העתיקה
עק שיח ריחאן 27,העיר העתיקה
עק שיח ריחאן 29,העיר העתיקה
עק שיח ריחאן 3,העיר העתיקה
עק שיח ריחאן 30,העיר העתיקה
עק שיח ריחאן 31,העיר העתיקה
עק שיח ריחאן 32,העיר העתיקה
עק שיח ריחאן 38,העיר העתיקה
עק שיח ריחאן 4,העיר העתיקה
עק שיח ריחאן 40,העיר העתיקה
עק שיח ריחאן 46,העיר העתיקה
עק שיח ריחאן 48,העיר העתיקה
עק שיח ריחאן 9,העיר העתיקה
עק שיח ריחאן 9999,העיר העתיקה
עקבת א בטיח 1,העיר העתיקה
עקבת א בטיח 17,העיר העתיקה
עקבת א בטיח 19,העיר העתיקה
עקבת א בטיח 22,העיר העתיקה
עקבת א בטיח 29,העיר העתיקה
עקבת א בטיח 3,העיר העתיקה
עקבת א בטיח 33,העיר העתיקה
עקבת א בטיח 35,העיר העתיקה
עקבת א בטיח 5,העיר העתיקה
עקבת א בטיח 6,העיר העתיקה
עקבת א בטיח 7,העיר העתיקה
עקבת א בטיח 8,העיר העתיקה
עקבת א בטיח 9,העיר העתיקה
עקבת א בטיח 999,העיר העתיקה
עקבת א חנקה,העיר העתיקה
עקבת א חנקה 14,העיר העתיקה
עקבת א חנקה 2,העיר העתיקה
עקבת א חנקה 40,העיר העתיקה
עקבת א חנקה 44,העיר העתיקה
עקבת א חנקה 53,העיר העתיקה
עקבת א חנקה 59,העיר העתיקה
עקבת א חנקה 6,העיר העתיקה
עקבת א חנקה 7,העיר העתיקה
עקבת א מופתי 13,העיר העתיקה
עקבת א מופתי 14,העיר העתיקה
עקבת א מופתי 21,העיר העתיקה
עקבת א מופתי 26,העיר העתיקה
עקבת א מופתי 27,העיר העתיקה
עקבת א מופתי 29,העיר העתיקה
עקבת א מופתי 31,העיר העתיקה
עקבת א מופתי 6,העיר העתיקה
עקבת א סראיה,העיר העתיקה
עקבת א סראיה 15,העיר העתיקה
עקבת א סראיה 18,העיר העתיקה
עקבת א סראיה 181,העיר העתיקה
עקבת א סראיה 2,העיר העתיקה
עקבת א סראיה 20,העיר העתיקה
עקבת א סראיה 22,העיר העתיקה
עקבת א סראיה 23,העיר העתיקה
עקבת א סראיה 25,העיר העתיקה
עקבת א סראיה 27,העיר העתיקה
עקבת א סראיה 28,העיר העתיקה
עקבת א סראיה 29,העיר העתיקה
עקבת א סראיה 30,העיר העתיקה
עקבת א סראיה 33,העיר העתיקה
עקבת א סראיה 35,העיר העתיקה
עקבת א סראיה 36,העיר העתיקה
עקבת א סראיה 37,העיר העתיקה
עקבת א סראיה 4,העיר העתיקה
עקבת א סראיה 41,העיר העתיקה
עקבת א סראיה 42,העיר העתיקה
עקבת א סראיה 43,העיר העתיקה
עקבת א סראיה 44,העיר העתיקה
עקבת א סראיה 45,העיר העתיקה
עקבת א סראיה 46,העיר העתיקה
עקבת א סראיה 48,העיר העתיקה
עקבת א סראיה 5,העיר העתיקה
עקבת א סראיה 50,העיר העתיקה
עקבת א סראיה 51,העיר העתיקה
עקבת א סראיה 53,העיר העתיקה
עקבת א סראיה 55,העיר העתיקה
עקבת א סראיה 58,העיר העתיקה
עקבת א סראיה 62,העיר העתיקה
עקבת א סראיה 68,העיר העתיקה
עקבת א סראיה 9,העיר העתיקה
עקבת א סראיה 99,העיר העתיקה
עקבת א סראיה 999,העיר העתיקה
עקבת א תות 10,העיר העתיקה
עקבת א תות 14,העיר העתיקה
עקבת א תות 16,העיר העתיקה
עקבת א תות 20,העיר העתיקה
עקבת א תות 26,העיר העתיקה
עקבת א תות 36,העיר העתיקה
עקבת א תות 6,העיר העתיקה
עקבת א תות 7,העיר העתיקה
עקבת א תות 8,העיר העתיקה
עקבת א תות 9999,העיר העתיקה
עקבת אל-ג'בל 11,בית צפאפא
עקבת אל-ג'בל 14,בית צפאפא
עקבת אל-ג'בל 16,בית צפאפא
עקבת אל-ג'בל 17,בית צפאפא
עקבת אל-ג'בל 20,בית צפאפא
עקבת אל-ג'בל 21,בית צפאפא
עקבת אל-ג'בל 24,בית צפאפא
עקבת אל-ג'בל 26,בית צפאפא
עקבת אל-ג'בל 27,בית צפאפא
עקבת אל-ג'בל 28,בית צפאפא
עקבת אל-ג'בל 4,בית צפאפא
עקבת אל-ג'בל 5,בית צפאפא
עקבת אל-ג'בל 8,בית צפאפא
עקבת אל-ג'בל 9,בית צפאפא
עקבת דרוויש,העיר העתיקה
עקבת דרוויש 1,העיר העתיקה
עקבת דרוויש 11,העיר העתיקה
עקבת דרוויש 13,העיר העתיקה
עקבת דרוויש 15,העיר העתיקה
עקבת דרוויש 16,העיר העתיקה
עקבת דרוויש 2,העיר העתיקה
עקבת דרוויש 20,העיר העתיקה
עקבת דרוויש 21,העיר העתיקה
עקבת דרוויש 23,העיר העתיקה
עקבת דרוויש 25,העיר העתיקה
עקבת דרוויש 26,העיר העתיקה
עקבת דרוויש 27,העיר העתיקה
עקבת דרוויש 29,העיר העתיקה
עקבת דרוויש 31,העיר העתיקה
עקבת דרוויש 32,העיר העתיקה
עקבת דרוויש 33,העיר העתיקה
עקבת דרוויש 34,העיר העתיקה
עקבת דרוויש 4,העיר העתיקה
עקבת דרוויש 5,העיר העתיקה
עקבת דרוויש 7,העיר העתיקה
עקבת דרוויש 8,העיר העתיקה
עקבת חב רומן 1,העיר העתיקה
עקבת חב רומן 10,העיר העתיקה
עקבת חב רומן 12,העיר העתיקה
עקבת חב רומן 2,העיר העתיקה
עקבת חב רומן 3,העיר העתיקה
עקבת חב רומן 4,העיר העתיקה
עקבת חב רומן 5,העיר העתיקה
עקבת חב רומן 6,העיר העתיקה
עקבת חב רומן 7,העיר העתיקה
עקבת חב רומן 8,העיר העתיקה
עקבת חב רומן 9,העיר העתיקה
עקבת חב רומן 999,העיר העתיקה
עקבת חב רומן 9999,העיר העתיקה
עקבת סוואנה,א-טור
עקבת סוואנה 10,א-טור
עקבת סוואנה 108,א-טור
עקבת סוואנה 11,א-טור
עקבת סוואנה 12,א-טור
עקבת סוואנה 13,א-טור
עקבת סוואנה 14,א-טור
עקבת סוואנה 15,א-טור
עקבת סוואנה 17,א-טור
עקבת סוואנה 18,א-טור
עקבת סוואנה 20,א-טור
עקבת סוואנה 21,א-טור
עקבת סוואנה 27,א-טור
עקבת סוואנה 3,א-טור
עקבת סוואנה 31,א-טור
עקבת סוואנה 32,א-טור
עקבת סוואנה 37,א-טור
עקבת סוואנה 56,א-טור
עקבת סוואנה 59,א-טור
עקבת סוואנה 63,א-טור
עקבת סוואנה 7,א-טור
עקבת סוואנה 70,א-טור
עקבת סוואנה 794,א-טור
עקבת סוואנה 8,א-טור
עקבת סוואנה 9,א-טור
עקבת סוואנה 99,א-טור
עקבת סוואנה 999,א-טור
עקבת ע נים 401,הרובע היהודי
עקבת ריסאס 1,העיר העתיקה
עקבת ריסאס 10,העיר העתיקה
עקבת ריסאס 12,העיר העתיקה
עקבת ריסאס 14,העיר העתיקה
עקבת ריסאס 16,העיר העתיקה
עקבת ריסאס 18,העיר העתיקה
עקבת ריסאס 22,העיר העתיקה
עקבת ריסאס 312,העיר העתיקה
עקבת ריסאס 4,העיר העתיקה
עקבת ריסאס 48,העיר העתיקה
עקבת ריסאס 5,העיר העתיקה
עקבת ריסאס 6,העיר העתיקה
עקבת ריסאס 7,העיר העתיקה
עקבת ריסאס 8,העיר העתיקה
עקבת ריסאס 9999,העיר העתיקה
עקבת שאדד 1,העיר העתיקה
עקבת שאדד 10,העיר העתיקה
עקבת שאדד 12,העיר העתיקה
עקבת שאדד 13,העיר העתיקה
עקבת שאדד 14,העיר העתיקה
עקבת שאדד 15,העיר העתיקה
עקבת שאדד 16,העיר העתיקה
עקבת שאדד 17,העיר העתיקה
עקבת שאדד 18,העיר העתיקה
עקבת שאדד 2,העיר העתיקה
עקבת שאדד 21,העיר העתיקה
עקבת שאדד 22,העיר העתיקה
עקבת שאדד 3,העיר העתיקה
עקבת שאדד 4,העיר העתיקה
עקבת שאדד 5,העיר העתיקה
עקבת שאדד 6,העיר העתיקה
עקבת שאדד 7,העיר העתיקה
עקבת שאדד 8,העיר העתיקה
עקבת שאדד 9,העיר העתיקה
עקבת שאדד 999,העיר העתיקה
עקבת שאדד 9999,העיר העתיקה
עקבת שיח חסן,העיר העתיקה
עקבת שיח חסן 1,העיר העתיקה
עקבת שיח חסן 11,העיר העתיקה
עקבת שיח חסן 12,העיר העתיקה
עקבת שיח חסן 14,העיר העתיקה
עקבת שיח חסן 16,העיר העתיקה
עקבת שיח חסן 2,העיר העתיקה
עקבת שיח חסן 3,העיר העתיקה
עקבת שיח חסן 4,העיר העתיקה
עקבת שיח חסן 5,העיר העתיקה
עקבת שיח חסן 6,העיר העתיקה
עקבת שיח חסן 8,העיר העתיקה
עקבת שיח חסן 9,העיר העתיקה
עקבת שיח לולו 11,העיר העתיקה
עקבת שיח לולו 13,העיר העתיקה
עקבת שיח לולו 2,העיר העתיקה
עקבת שיח לולו 3,העיר העתיקה
עקבת שיח לולו 7,העיר העתיקה
עקבת שיח לולו 9,העיר העתיקה
עקבת שיח לולו 9999,העיר העתיקה
עקבת תקיה 12,העיר העתיקה
עקבת תקיה 16,העיר העתיקה
עקבת תקיה 17,העיר העתיקה
עקבת תקיה 18,העיר העתיקה
עקבת תקיה 20,העיר העתיקה
עקבת תקיה 22,העיר העתיקה
עקבת תקיה 23,העיר העתיקה
עקבת תקיה 24,העיר העתיקה
עקבת תקיה 25,העיר העתיקה
עקבת תקיה 27,העיר העתיקה
עקבת תקיה 29,העיר העתיקה
עקבת תקיה 3,העיר העתיקה
עקבת תקיה 31,העיר העתיקה
עקבת תקיה 33,העיר העתיקה
עקבת תקיה 34,העיר העתיקה
עקבת תקיה 35,העיר העתיקה
עקבת תקיה 36,העיר העתיקה
עקבת תקיה 39,העיר העתיקה
עקבת תקיה 4,העיר העתיקה
עקבת תקיה 41,העיר העתיקה
עקבת תקיה 44,העיר העתיקה
עקבת תקיה 999,העיר העתיקה
עקבת תקיה 9999,העיר העתיקה
ערד 13,מלחה
ערד 14,מלחה
ערד 15,מלחה
ערד 16,מלחה
ערד 17,מלחה
ערד 7,מלחה
ערד 9,מלחה
עשהאל 10,אבו תור
עשהאל 16,אבו תור
עשהאל 18,אבו תור
עשהאל 2,אבו תור
עשהאל 20,אבו תור
עשהאל 22,אבו תור
עשהאל 24,אבו תור
עשהאל 37,אבו תור
עשהאל 4,אבו תור
עשהאל 5,אבו תור
עשהאל 8,אבו תור
עשהאל 9999,אבו תור
עתניאל 10,בקעה
עתניאל 3,בקעה
עתניאל 4,בקעה
עתניאל 5,בקעה
עתניאל 6,בקעה
עתניאל 7,בקעה
עתניאל 8,בקעה
עתניאל 9,בקעה
פאגלין עמיחי 10,פסגת זאב
פאגלין עמיחי 14,פסגת זאב
פאגלין עמיחי 8,פסגת זאב
פאטמה אל-זהרא' 17,צור באחר
פאטמה אל-זהרא' 18,צור באחר
פאטמה אל-זהרא' 20,צור באחר
פאטמה אל-זהרא' 21,צור באחר
פאטמה אל-זהרא' 23,צור באחר
פאטמה אל-זהרא' 25,צור באחר
פאטמה אל-זהרא' 28,צור באחר
פאטמה אל-זהרא' 29,צור באחר
פאטמה אל-זהרא' 36,צור באחר
פאטמה אל-זהרא' 39,צור באחר
פאטמה אל-זהרא' 46,צור באחר
פאטמה אל-זהרא' 50,צור באחר
פאטמה אל-זהרא' 52,צור באחר
פאטמה אל-זהרא' 53,צור באחר
פאטמה אל-זהרא' 54,צור באחר
פאטמה אל-זהרא' 55,צור באחר
פאטמה אל-זהרא' 56,צור באחר
פאטמה אל-זהרא' 57,צור באחר
פאטמה אל-זהרא' 58,צור באחר
פאטמה אל-זהרא' 59,צור באחר
פאטמה אל-זהרא' 6,צור באחר
פאטמה אל-זהרא' 60,צור באחר
פאטמה אל-זהרא' 61,צור באחר
פאטמה אל-זהרא' 64,צור באחר
פאטמה אל-זהרא' 65,צור באחר
פאטמה אל-זהרא' 680,צור באחר
פאטמה אל-זהרא' 71,צור באחר
פאטמה אל-זהרא' 75,צור באחר
פארן 14,הגבעה הצרפתית
פארן 19,הגבעה הצרפתית
פארן 3,הגבעה הצרפתית
פגיס דן 1,פסגת זאב
פגיס דן 10,פסגת זאב
פגיס דן 11,פסגת זאב
פגיס דן 12,פסגת זאב
פגיס דן 3,פסגת זאב
פגיס דן 4,פסגת זאב
פגיס דן 5,פסגת זאב
פגיס דן 6,פסגת זאב
פגיס דן 7,פסגת זאב
פגיס דן 8,פסגת זאב
פגיס דן 9,פסגת זאב
פדרמן דוד 10,פסגת זאב
פדרמן דוד 4,פסגת זאב
פדרמן דוד 6,פסגת זאב
פדרמן דוד 8,פסגת זאב
פולונסקי 103,בית ישראל
פולונסקי 11,בית ישראל
פולונסקי 13,בית ישראל
פולונסקי 15,בית ישראל
פולונסקי 17,בית ישראל
פולונסקי 18,בית ישראל
פולונסקי 26,בית ישראל
פולונסקי 28,בית ישראל
פולונסקי 7,בית ישראל
פולונסקי 9,בית ישראל
פולוצקי יעקב 1,גילה
פולוצקי יעקב 10,גילה
פולוצקי יעקב 11,גילה
פולוצקי יעקב 12,גילה
פולוצקי יעקב 13,גילה
פולוצקי יעקב 14,גילה
פולוצקי יעקב 15,גילה
פולוצקי יעקב 16,גילה
פולוצקי יעקב 18,גילה
פולוצקי יעקב 20,גילה
פולוצקי יעקב 21,גילה
פולוצקי יעקב 22,גילה
פולוצקי יעקב 23,גילה
פולוצקי יעקב 24,גילה
פולוצקי יעקב 25,גילה
פולוצקי יעקב 3,גילה
פולוצקי יעקב 5,גילה
פולוצקי יעקב 6,גילה
פולוצקי יעקב 8,גילה
פולוצקי יעקב 9,גילה
פונט ישראל 120,נווה יעקב
פועה 4,גבעת שאול
פורת לאה 1,גבעת משואה
פורת לאה 10,גבעת משואה
פורת לאה 11,גבעת משואה
פורת לאה 12,גבעת משואה
פורת לאה 13,גבעת משואה
פורת לאה 15,גבעת משואה
פורת לאה 16,גבעת משואה
פורת לאה 17,גבעת משואה
פורת לאה 18,גבעת משואה
פורת לאה 19,גבעת משואה
פורת לאה 2,גבעת משואה
פורת לאה 20,גבעת משואה
פורת לאה 22,גבעת משואה
פורת לאה 3,גבעת משואה
פורת לאה 4,גבעת משואה
פורת לאה 5,גבעת משואה
פורת לאה 6,גבעת משואה
פורת לאה 7,גבעת משואה
פורת לאה 8,גבעת משואה
פורת לאה 9,גבעת משואה
פזנר חיים 10,פסגת זאב
פזנר חיים 11,פסגת זאב
פזנר חיים 12,פסגת זאב
פזנר חיים 13,פסגת זאב
פזנר חיים 15,פסגת זאב
פזנר חיים 17,פסגת זאב
פזנר חיים 2,פסגת זאב
פזנר חיים 23,פסגת זאב
פזנר חיים 25,פסגת זאב
פזנר חיים 27,פסגת זאב
פזנר חיים 28,פסגת זאב
פזנר חיים 29,פסגת זאב
פזנר חיים 3,פסגת זאב
פזנר חיים 4,פסגת זאב
פזנר חיים 5,פסגת זאב
פזנר חיים 6,פסגת זאב
פזנר חיים 7,פסגת זאב
פזנר חיים 8,פסגת זאב
פזנר חיים 9,פסגת זאב
פטריה 1,מלחה
פטריה 14,מלחה
פטריה 23,מלחה
פטריה 6,מלחה
פטרסון 2,המושבה הגרמנית
פטרסון 4,המושבה הגרמנית
פטרסון 6,המושבה הגרמנית
פיידי אל עלמי 0,בית חנינא
פיידי אל עלמי 10,בית חנינא
פיידי אל עלמי 11,בית חנינא
פיידי אל עלמי 21,בית חנינא
פיידי אל עלמי 29,בית חנינא
פיידי אל עלמי 4,בית חנינא
פיידי אל עלמי 41,בית חנינא
פיידי אל עלמי 5,בית חנינא
פיידי אל עלמי 7,בית חנינא
פיידי אל עלמי 8,בית חנינא
פיידי אל עלמי 9999,בית חנינא
פיידי אל עלמי סמ1 11,בית חנינא
פיידי אל עלמי סמ1 3,בית חנינא
פיידי אל עלמי סמ1 5,בית חנינא
פיידי אל עלמי סמ1 7,בית חנינא
פיידי אל עלמי סמ3 11,בית חנינא
פיידי אל עלמי סמ3 15,בית חנינא
פיידי אל עלמי סמ3 17,בית חנינא
פיידי אל עלמי סמ3 3,בית חנינא
פיידי אל עלמי סמ3 6,בית חנינא
פיידי אל עלמי סמ3 7,בית חנינא
פיידי אל עלמי סמ5 1,בית חנינא
פיידי אל עלמי סמ5 2,בית חנינא
פיידי אל עלמי סמ5 4,בית חנינא
פיידי אל עלמי סמ5 5,בית חנינא
פיידי אל עלמי סמ5 7,בית חנינא
פיינשטיין 135,תלפיות מזרח
פיינשטיין 136,תלפיות מזרח
פיינשטיין 137,תלפיות מזרח
פיינשטיין 138,תלפיות מזרח
פיינשטיין 139,תלפיות מזרח
פיינשטיין 14,תלפיות מזרח
פיינשטיין 22,תלפיות מזרח
פיינשטיין 264,תלפיות מזרח
פיינשטיין 265,תלפיות מזרח
פיינשטיין 266,תלפיות מזרח
פיינשטיין 6,תלפיות מזרח
פיכמן 1,טלביה
פיכמן 2,טלביה
פיכמן 3,טלביה
פיכמן 5,טלביה
פיכמן 6,טלביה
פיכמן 7,טלביה
פיכמן 8,טלביה
פיכמן 9,טלביה
פינלס שמואל 1,גוננים
פינלס שמואל 11,גוננים
פינלס שמואל 2,גוננים
פינלס שמואל 22,גוננים
פינלס שמואל 3,גוננים
פינלס שמואל 4,גוננים
פינלס שמואל 5,גוננים
פינלס שמואל 6,גוננים
פינלס שמואל 7,גוננים
פינס 10,גאולה
פינס 13,גאולה
פינס 16,גאולה
פינס 25,גאולה
פינסקר 1,טלביה
פינסקר 10,טלביה
פינסקר 11,טלביה
פינסקר 12,טלביה
פינסקר 3,טלביה
פינסקר 5,טלביה
פינסקר 6,טלביה
פינסקר 7,טלביה
פינסקר 8,טלביה
פינסקר 9,טלביה
פיק חיים 4,קרית משה
פיק חיים 6,קרית משה
פיקרד לאו 11,הר חומה
פיקרד לאו 13,הר חומה
פיקרד לאו 14,הר חומה
פיקרד לאו 15,הר חומה
פיקרד לאו 16,הר חומה
פיקרד לאו 17,הר חומה
פיקרד לאו 2,הר חומה
פיקרד לאו 5,הר חומה
פיקרד לאו 6,הר חומה
פיקרד לאו 7,הר חומה
פיקרד לאו 8,הר חומה
פיקרד לאו 9,הר חומה
פישל אהרן 11,בוכרים
פישל אהרן 13,בוכרים
פישל אהרן 17,בוכרים
פישל אהרן 18,בוכרים
פישל אהרן 19,בוכרים
פישל אהרן 2,בוכרים
פישל אהרן 20,בוכרים
פישל אהרן 24,בוכרים
פישל אהרן 26,בוכרים
פישל אהרן 27,בוכרים
פישל אהרן 28,בוכרים
פישל אהרן 9,בוכרים
פישר מוריס 14,גוננים
פישר מוריס 18,גוננים
פישר מוריס 19,גוננים
פישר מוריס 22,גוננים
פישר מוריס 24,גוננים
פלא יועץ 15,אבו תור
פלא יועץ 17,אבו תור
פלא יועץ 19,אבו תור
פלא יועץ 25,אבו תור
פלא יועץ 29,אבו תור
פלא יועץ 31,אבו תור
פלא יועץ 33,אבו תור
פלא יועץ 35,אבו תור
פלא יועץ 37,אבו תור
פלא יועץ 39,אבו תור
פלא יועץ 41,אבו תור
פלא יועץ 43,אבו תור
פלג שניאור 1,תלפיות מזרח
פלג שניאור 2,תלפיות מזרח
פלג שניאור 3,תלפיות מזרח
פלג שניאור 4,תלפיות מזרח
פלוגת הטנקים 10,פסגת זאב
פלוגת הטנקים 12,פסגת זאב
פלוגת הטנקים 14,פסגת זאב
פלוגת הטנקים 6,פסגת זאב
פלוגת הטנקים 8,פסגת זאב
פלוגת הכותל 11,הרובע היהודי
פלוגת הכותל 12,הרובע היהודי
פלוגת הכותל 17,הרובע היהודי
פלוגת הכותל 18,הרובע היהודי
פלוגת הכותל 19,הרובע היהודי
פלוגת הכותל 2,הרובע היהודי
פלוגת הכותל 4,הרובע היהודי
פלומבו 1,בית הכרם
פלומבו 133,בית הכרם
פלומבו 4,בית הכרם
פלומבו 6,בית הכרם
פלורנטין 11,קרית היובל
פלורנטין 12,קרית היובל
פלורנטין 13,קרית היובל
פלורנטין 14,קרית היובל
פלורנטין 15,קרית היובל
פלורנטין 16,קרית היובל
פלורנטין 18,קרית היובל
פלורנטין 19,קרית היובל
פלורנטין 20,קרית היובל
פלורנטין 21,קרית היובל
פלורנטין 22,קרית היובל
פלורנטין 23,קרית היובל
פלורנטין 24,קרית היובל
פלורנטין 25,קרית היובל
פלורנטין 26,קרית היובל
פלורנטין 27,קרית היובל
פלורנטין 28,קרית היובל
פלורנטין 3,קרית היובל
פלורנטין 30,קרית היובל
פלורנטין 32,קרית היובל
פלורנטין 34,קרית היובל
פלורנטין 38,קרית היובל
פלורנטין 5,קרית היובל
פלורנטין 7,קרית היובל
פלק זאב 1,הר חומה
פלק זאב 10,הר חומה
פלק זאב 11,הר חומה
פלק זאב 12,הר חומה
פלק זאב 13,הר חומה
פלק זאב 14,הר חומה
פלק זאב 15,הר חומה
פלק זאב 16,הר חומה
פלק זאב 17,הר חומה
פלק זאב 2,הר חומה
פלק זאב 3,הר חומה
פלק זאב 4,הר חומה
פלק זאב 5,הר חומה
פלק זאב 6,הר חומה
פלק זאב 7,הר חומה
פלק זאב 9,הר חומה
פנורמה 120,ראס אל-עמוד
פנורמה 20,ראס אל-עמוד
פנורמה 21,ראס אל-עמוד
פנורמה 23,ראס אל-עמוד
פנורמה 25,ראס אל-עמוד
פנורמה 26,ראס אל-עמוד
פנורמה 28,ראס אל-עמוד
פנורמה 31,ראס אל-עמוד
פנורמה 32,ראס אל-עמוד
פנורמה 4,ראס אל-עמוד
פנורמה 6,ראס אל-עמוד
פנים מאירות 10,קרית אונסדורף
פנים מאירות 11,קרית אונסדורף
פנים מאירות 12,קרית אונסדורף
פנים מאירות 13,קרית אונסדורף
פנים מאירות 14,קרית אונסדורף
פנים מאירות 15,קרית אונסדורף
פנים מאירות 4,קרית אונסדורף
פנים מאירות 6,קרית אונסדורף
פנים מאירות 7,קרית אונסדורף
פנים מאירות 9,קרית אונסדורף
פנים מאירות 999,קרית אונסדורף
פנינה 11,רוממה
פנינה 5,רוממה
פנינה 6,רוממה
פנינה 7,רוממה
פנינה 9,רוממה
פנמה 2,קרית מנחם
פנמה 4,קרית מנחם
פנמה 6,קרית מנחם
פנמה 8,קרית מנחם
פנקס 3,גבעת מרדכי
פנקס 5,גבעת מרדכי
פסגת זאב 137,פסגת זאב
פסגת זאב 20,פסגת זאב
פסגת זאב 206,פסגת זאב
פסגת זאב 322,פסגת זאב
פסגת זאב 323,פסגת זאב
פסגת זאב 332,פסגת זאב
פסגת זאב 340,פסגת זאב
פסגת זאב 50,פסגת זאב
פסגת זאב 999,פסגת זאב
פסגת זאב 9999,פסגת זאב
פסח חברוני 116,קרית היובל
פסח חברוני 122,קרית היובל
פסח חברוני 13,קרית היובל
פסח חברוני 17,קרית היובל
פסח חברוני 23,קרית היובל
פסח חברוני 25,קרית היובל
פסח חברוני 27,קרית היובל
פסח חברוני 29,קרית היובל
פסח חברוני 31,קרית היובל
פקיעין 3,מקור ברוך
פקיעין 4,מקור ברוך
פקיעין 5,מקור ברוך
פקיעין 7,מקור ברוך
פראג יצחק 2,מרכז העיר
פראג יצחק 5,מרכז העיר
פראוור יהושע 1,רמות
פראוור יהושע 10,רמות
פראוור יהושע 12,רמות
פראוור יהושע 14,רמות
פראוור יהושע 2,רמות
פראוור יהושע 6,רמות
פראוור יהושע 8,רמות
פרבשטיין 12,קרית משה
פרבשטיין 14,קרית משה
פרבשטיין 16,קרית משה
פרבשטיין 18,קרית משה
פרבשטיין 20,קרית משה
פרבשטיין 22,קרית משה
פרופ רקח 5,קרית הלאום
פרופ' אבנר חי שאקי 13,הר חומה
פרופ' אבנר חי שאקי 45,הר חומה
פרופ' אנריקה פברגט 1,סנהדריה
פרופ' אנריקה פברגט 4,סנהדריה
פרופ' יום טוב עסיס 1,פסגת זאב
פרופ' יום טוב עסיס 10,פסגת זאב
פרופ' יום טוב עסיס 3,פסגת זאב
פרופ' יום טוב עסיס 4,פסגת זאב
פרופ' יום טוב עסיס 6,פסגת זאב
פרופ' יום טוב עסיס 8,פסגת זאב
פרופ' צבי נוימן 2,ארנונה
פרופ' צבי נוימן 4,ארנונה
פרופ' צבי נוימן 6,ארנונה
פרופס 1,רמות
פרופס 11,רמות
פרופס 12,רמות
פרופס 13,רמות
פרופס 14,רמות
פרופס 15,רמות
פרופס 16,רמות
פרופס 17,רמות
פרופס 18,רמות
פרופס 19,רמות
פרופס 2,רמות
פרופס 20,רמות
פרופס 21,רמות
פרופס 22,רמות
פרופס 23,רמות
פרופס 24,רמות
פרופס 3,רמות
פרופס 4,רמות
פרופס 5,רמות
פרופס 6,רמות
פרופס 7,רמות
פרופס 8,רמות
פרופס 9,רמות
פרוש 11,נחלאות
פרוש 13,נחלאות
פרוש 9,נחלאות
פרחי חיים 10,בוכרים
פרחי חיים 2,בוכרים
פרחי חיים 9,בוכרים
פרחי חן 10,בית הכרם
פרחי חן 11,בית הכרם
פרחי חן 12,בית הכרם
פרחי חן 13,בית הכרם
פרחי חן 14,בית הכרם
פרחי חן 17,בית הכרם
פרחי חן 2,בית הכרם
פרחי חן 3,בית הכרם
פרחי חן 4,בית הכרם
פרחי חן 5,בית הכרם
פרחי חן 7,בית הכרם
פרחי חן 8,בית הכרם
פרחי חן 9,בית הכרם
פרי חדש 12,גאולה
פרי חדש 13,גאולה
פרי חדש 16,גאולה
פרי חדש 17,גאולה
פרי חדש 24,גאולה
פרי חדש 27,גאולה
פרי חדש 39,גאולה
פרי חדש 43,גאולה
פרי חדש 44,גאולה
פרי חדש 46,גאולה
פרי חדש 48,גאולה
פרי חדש 49,גאולה
פרי חדש 50,גאולה
פרי חדש 51,גאולה
פרי חדש 52,גאולה
פרי חדש 54,גאולה
פרי חדש 55,גאולה
פרי חדש 56,גאולה
פרי חדש 57,גאולה
פרי חדש 58,גאולה
פרי חדש 62,גאולה
פרי חדש 64,גאולה
פרי חדש 68,גאולה
פרי חדש 7,גאולה
פרי חדש 70,גאולה
פרי חדש 76,גאולה
פרי חדש 78,גאולה
פרידלר יואל 12,פסגת זאב
פרידלר יואל 13,פסגת זאב
פרידלר יואל 14,פסגת זאב
פרידלר יואל 15,פסגת זאב
פרידלר יואל 16,פסגת זאב
פרידלר יואל 17,פסגת זאב
פרידלר יואל 18,פסגת זאב
פרידלר יואל 19,פסגת זאב
פרידלר יואל 2,פסגת זאב
פרידלר יואל 20,פסגת זאב
פרידלר יואל 21,פסגת זאב
פרידלר יואל 22,פסגת זאב
פרידלר יואל 23,פסגת זאב
פרידלר יואל 24,פסגת זאב
פרידלר יואל 25,פסגת זאב
פרידלר יואל 26,פסגת זאב
פרידלר יואל 27,פסגת זאב
פרידלר יואל 28,פסגת זאב
פרידלר יואל 29,פסגת זאב
פרידלר יואל 30,פסגת זאב
פרידלר יואל 32,פסגת זאב
פרידלר יואל 34,פסגת זאב
פרידלר יואל 4,פסגת זאב
פרידלר יואל 5,פסגת זאב
פרידלר יואל 6,פסגת זאב
פרידלר יואל 7,פסגת זאב
פרידלר יואל 8,פסגת זאב
פרידלר יואל 9,פסגת זאב
פרידמן 12,בוכרים
פרידמן 13,בוכרים
פרידמן 14,בוכרים
פרידמן 15,בוכרים
פרידמן 19,בוכרים
פרידמן 21,בוכרים
פרידמן 29,בוכרים
פרידמן 39,בוכרים
פרידמן 4,בוכרים
פרידמן 5,בוכרים
פרידמן 6,בוכרים
פרידמן 7,בוכרים
פרידמן 8,בוכרים
פרידמן 9,בוכרים
פרימו לוי 1,תלפיות מזרח
פרימו לוי 2,תלפיות מזרח
פרימו לוי 3,תלפיות מזרח
פרימו לוי 4,תלפיות מזרח
פרימו לוי 5,תלפיות מזרח
פרימו לוי 7,תלפיות מזרח
פרישמן דוד 10,גבעת הוורדים
פרישמן דוד 12,גבעת הוורדים
פרישמן דוד 14,גבעת הוורדים
פרישמן דוד 16,גבעת הוורדים
פרישמן דוד 18,גבעת הוורדים
פרישמן דוד 4,גבעת הוורדים
פרישמן דוד 6,גבעת הוורדים
פרישמן דוד 8,גבעת הוורדים
פרל וויליאם 10,פסגת זאב
פרל וויליאם 12,פסגת זאב
פרל וויליאם 2,פסגת זאב
פרל וויליאם 3,פסגת זאב
פרל וויליאם 4,פסגת זאב
פרל וויליאם 5,פסגת זאב
פרל וויליאם 6,פסגת זאב
פרל וויליאם 7,פסגת זאב
פרל וויליאם 8,פסגת זאב
פרל וויליאם 9,פסגת זאב
פרנס 12,הר נוף
פרנס 4,הר נוף
פרנס 6,הר נוף
פרנס 8,הר נוף
פרנקפורטר פליקס 10,רמות
פרנקפורטר פליקס 11,רמות
פרנקפורטר פליקס 12,רמות
פרנקפורטר פליקס 13,רמות
פרנקפורטר פליקס 15,רמות
פרנקפורטר פליקס 17,רמות
פרנקפורטר פליקס 19,רמות
פרנקפורטר פליקס 2,רמות
פרנקפורטר פליקס 3,רמות
פרנקפורטר פליקס 4,רמות
פרנקפורטר פליקס 417,רמות
פרנקפורטר פליקס 5,רמות
פרנקפורטר פליקס 6,רמות
פרנקפורטר פליקס 7,רמות
פרנקפורטר פליקס 8,רמות
פרנקפורטר פליקס 9,רמות
פרץ 1,בקעה
פרץ 3,בקעה
פרץ 4,בקעה
פררה אברהם 1,הולילנד
פררה אברהם 11,הולילנד
פררה אברהם 12,הולילנד
פררה אברהם 16,הולילנד
פררה אברהם 2,הולילנד
פררה אברהם 3,הולילנד
פררה אברהם 9,הולילנד
פתוחי חותם 106,שמואל הנביא
פתח תקוה 11,רוממה
פתח תקוה 15,רוממה
פתח תקוה 17,רוממה
פתח תקוה 21,רוממה
פתח תקוה 23,רוממה
פתח תקוה 25,רוממה
פתח תקוה 27,רוממה
פתח תקוה 31,רוממה
פתח תקוה 5,רוממה
פתח תקוה 7,רוממה
פתח תקוה 9,רוממה
פתחיה 1,בית ישראל
פתחיה 11,בית ישראל
פתחיה 19,בית ישראל
פתחיה 21,בית ישראל
פתחיה 4,בית ישראל
פתחיה 7,בית ישראל
פתחיה 9,בית ישראל
צ'ילה 11,קרית היובל
צ'ילה 15,קרית היובל
צ'ילה 7,קרית היובל
צ'ילה 9,קרית היובל
צ'לנוב 1,קרית היובל
צ'לנוב 10,קרית היובל
צ'לנוב 2,קרית היובל
צ'לנוב 3,קרית היובל
צ'לנוב 4,קרית היובל
צ'לנוב 5,קרית היובל
צ'לנוב 6,קרית היובל
צ'לנוב 7,קרית היובל
צ'לנוב 8,קרית היובל
צ'לנוב 9,קרית היובל
צאלים 1,גילה
צאלים 10,גילה
צאלים 11,גילה
צאלים 12,גילה
צאלים 13,גילה
צאלים 14,גילה
צאלים 15,גילה
צאלים 16,גילה
צאלים 17,גילה
צאלים 18,גילה
צאלים 19,גילה
צאלים 2,גילה
צאלים 20,גילה
צאלים 21,גילה
צאלים 22,גילה
צאלים 23,גילה
צאלים 24,גילה
צאלים 26,גילה
צאלים 28,גילה
צאלים 3,גילה
צאלים 30,גילה
צאלים 4,גילה
צאלים 5,גילה
צאלים 6,גילה
צאלים 8,גילה
צאלים 9,גילה
צביה ויצחק 10,גילה
צביה ויצחק 11,גילה
צביה ויצחק 12,גילה
צביה ויצחק 13,גילה
צביה ויצחק 14,גילה
צביה ויצחק 17,גילה
צביה ויצחק 2,גילה
צביה ויצחק 20,גילה
צביה ויצחק 28,גילה
צביה ויצחק 4,גילה
צביה ויצחק 40,גילה
צביה ויצחק 42,גילה
צביה ויצחק 44,גילה
צביה ויצחק 46,גילה
צביה ויצחק 48,גילה
צביה ויצחק 50,גילה
צביה ויצחק 52,גילה
צביה ויצחק 54,גילה
צביה ויצחק 56,גילה
צביה ויצחק 60,גילה
צביה ויצחק 62,גילה
צביה ויצחק 64,גילה
צביה ויצחק 66,גילה
צביה ויצחק 68,גילה
צביה ויצחק 7,גילה
צביה ויצחק 70,גילה
צביה ויצחק 72,גילה
צביה ויצחק 74,גילה
צביה ויצחק 76,גילה
צביה ויצחק 78,גילה
צביה ויצחק 9,גילה
צדקיהו 1,בקעה
צדקיהו 2,בקעה
צדקיהו 3,בקעה
צדקיהו 4,בקעה
צדקיהו 5,בקעה
צהרי יחיא 1,בוכרים
צהרי יחיא 13,בוכרים
צהרי יחיא 17,בוכרים
צהרי יחיא 3,בוכרים
צהרי יחיא 4,בוכרים
צהרי יחיא 8,בוכרים
צהרי יחיא 9,בוכרים
צונדק 10,רמות
צונדק 102,רמות
צונדק 103,רמות
צונדק 108,רמות
צונדק 12,רמות
צונדק 126,רמות
צונדק 127,רמות
צונדק 128,רמות
צונדק 129,רמות
צונדק 130,רמות
צונדק 14,רמות
צונדק 15,רמות
צונדק 18,רמות
צונדק 19,רמות
צונדק 20,רמות
צונדק 21,רמות
צונדק 22,רמות
צונדק 24,רמות
צונדק 29,רמות
צונדק 3,רמות
צונדק 4,רמות
צונדק 5,רמות
צונדק 8,רמות
צוקרמן ברוך 10,נווה יעקב
צוקרמן ברוך 12,נווה יעקב
צוקרמן ברוך 14,נווה יעקב
צוקרמן ברוך 4,נווה יעקב
צור בחר 0,צור באחר
צור בחר 10,צור באחר
צור בחר 104,צור באחר
צור בחר 106,צור באחר
צור בחר 107,צור באחר
צור בחר 11,צור באחר
צור בחר 111,צור באחר
צור בחר 112,צור באחר
צור בחר 126,צור באחר
צור בחר 129,צור באחר
צור בחר 13,צור באחר
צור בחר 131,צור באחר
צור בחר 132,צור באחר
צור בחר 14,צור באחר
צור בחר 144,צור באחר
צור בחר 146,צור באחר
צור בחר 16,צור באחר
צור בחר 163,צור באחר
צור בחר 167,צור באחר
צור בחר 17,צור באחר
צור בחר 19,צור באחר
צור בחר 204,צור באחר
צור בחר 21,צור באחר
צור בחר 22,צור באחר
צור בחר 23,צור באחר
צור בחר 24,צור באחר
צור בחר 26,צור באחר
צור בחר 28,צור באחר
צור בחר 32,צור באחר
צור בחר 33,צור באחר
צור בחר 34,צור באחר
צור בחר 35,צור באחר
צור בחר 39,צור באחר
צור בחר 44,צור באחר
צור בחר 47,צור באחר
צור בחר 48,צור באחר
צור בחר 5,צור באחר
צור בחר 50,צור באחר
צור בחר 51,צור באחר
צור בחר 52,צור באחר
צור בחר 55,צור באחר
צור בחר 6,צור באחר
צור בחר 61,צור באחר
צור בחר 62,צור באחר
צור בחר 68,צור באחר
צור בחר 682,צור באחר
צור בחר 7,צור באחר
צור בחר 70,צור באחר
צור בחר 71,צור באחר
צור בחר 75,צור באחר
צור בחר 76,צור באחר
צור בחר 80,צור באחר
צור בחר 88,צור באחר
צור בחר 90,צור באחר
צור יעקב 10,גבעת משואה
צור יעקב 12,גבעת משואה
צור יעקב 14,גבעת משואה
צור יעקב 16,גבעת משואה
צור יעקב 17,גבעת משואה
צור יעקב 18,גבעת משואה
צור יעקב 19,גבעת משואה
צור יעקב 20,גבעת משואה
צור יעקב 22,גבעת משואה
צור יעקב 23,גבעת משואה
צור יעקב 24,גבעת משואה
צור יעקב 25,גבעת משואה
צור יעקב 26,גבעת משואה
צור יעקב 27,גבעת משואה
צור יעקב 28,גבעת משואה
צור יעקב 29,גבעת משואה
צור יעקב 30,גבעת משואה
צור יעקב 31,גבעת משואה
צור יעקב 32,גבעת משואה
צור יעקב 34,גבעת משואה
צור יעקב 36,גבעת משואה
צור יעקב 38,גבעת משואה
צור יעקב 40,גבעת משואה
צור יעקב 42,גבעת משואה
צור יעקב 8,גבעת משואה
צייטלין 10,רמת שרת
צייטלין 12,רמת שרת
צייטלין 14,רמת שרת
צייטלין 16,רמת שרת
צייטלין 18,רמת שרת
צייטלין 2,רמת שרת
צייטלין 20,רמת שרת
צייטלין 22,רמת שרת
צייטלין 24,רמת שרת
צייטלין 4,רמת שרת
צייטלין 6,רמת שרת
צייטלין 8,רמת שרת
צמח שלמה 1,בית הכרם
צמח שלמה 10,בית הכרם
צמח שלמה 11,בית הכרם
צמח שלמה 12,בית הכרם
צמח שלמה 16,בית הכרם
צמח שלמה 18,בית הכרם
צמח שלמה 3,בית הכרם
צמח שלמה 4,בית הכרם
צמח שלמה 5,בית הכרם
צמח שלמה 7,בית הכרם
צמח שלמה 8,בית הכרם
צמח שלמה 9,בית הכרם
צפורה 3,בקעה
צפורה 4,בקעה
צפורה 5,בקעה
צפורה 7,בקעה
צפורה 9,בקעה
צפורי 11,נחלאות
צפורי 13,נחלאות
צפורי 15,נחלאות
צפורי 17,נחלאות
צפורי 19,נחלאות
צפורי 21,נחלאות
צפורי 23,נחלאות
צפורי 25,נחלאות
צפורי 27,נחלאות
צפורי 3,נחלאות
צפורי 33,נחלאות
צפורי 42,נחלאות
צפורי 5,נחלאות
צפורי 7,נחלאות
צפורי 9,נחלאות
צפירה ברכה 10,רמת שרת
צפירה ברכה 11,רמת שרת
צפירה ברכה 14,רמת שרת
צפירה ברכה 16,רמת שרת
צפירה ברכה 18,רמת שרת
צפירה ברכה 4,רמת שרת
צפירה ברכה 8,רמת שרת
צפניה 10,גאולה
צפניה 12,גאולה
צפניה 13,גאולה
צפניה 14,גאולה
צפניה 15,גאולה
צפניה 18,גאולה
צפניה 20,גאולה
צפניה 22,גאולה
צפניה 26,גאולה
צפניה 28,גאולה
צפניה 29,גאולה
צפניה 3,גאולה
צפניה 31,גאולה
צפניה 33,גאולה
צפניה 34,גאולה
צפניה 36,גאולה
צפניה 38,גאולה
צפניה 39,גאולה
צפניה 40,גאולה
צפניה 41,גאולה
צפניה 42,גאולה
צפניה 44,גאולה
צפניה 45,גאולה
צפניה 47,גאולה
צפניה 48,גאולה
צפניה 49,גאולה
צפניה 5,גאולה
צפניה 52,גאולה
צפניה 53,גאולה
צפניה 54,גאולה
צפניה 55,גאולה
צפניה 57,גאולה
צפניה 6,גאולה
צפניה 60,גאולה
צפניה 62,גאולה
צפניה 64,גאולה
צפניה 66,גאולה
צפניה 68,גאולה
צפניה 7,גאולה
צפניה 70,גאולה
צפניה 8,גאולה
צפניה 9,גאולה
צפניה 9999,גאולה
צפרירים 10,רמות
צפרירים 11,רמות
צפרירים 12,רמות
צפרירים 14,רמות
צפרירים 15,רמות
צפרירים 16,רמות
צפרירים 17,רמות
צפרירים 19,רמות
צפרירים 2,רמות
צפרירים 20,רמות
צפרירים 21,רמות
צפרירים 22,רמות
צפרירים 23,רמות
צפרירים 24,רמות
צפרירים 25,רמות
צפרירים 3,רמות
צפרירים 4,רמות
צפרירים 5,רמות
צפרירים 6,רמות
צפרירים 7,רמות
צפרירים 8,רמות
צפרירים 9,רמות
צפת 11,נחלאות
צפת 15,נחלאות
צפת 19,נחלאות
צפת 25,נחלאות
צפת 27,נחלאות
צפת 28,נחלאות
צפת 3,נחלאות
צפת 33,נחלאות
צפת 5,נחלאות
צרויה 2,אבו תור
צרויה 3,אבו תור
צרויה 4,אבו תור
צרויה 6,אבו תור
קאסוטו 11,בית וגן
קאסוטו 12,בית וגן
קאסוטו 13,בית וגן
קאסוטו 15,בית וגן
קאסוטו 17,בית וגן
קאסוטו 18,בית וגן
קאסוטו 5,בית וגן
קאסוטו 7,בית וגן
קאסוטו 8,בית וגן
קאסוטו 9,בית וגן
קאעב בן זוהיר 1,בית חנינא
קאעב בן זוהיר 10,בית חנינא
קאעב בן זוהיר 11,בית חנינא
קאעב בן זוהיר 12,בית חנינא
קאעב בן זוהיר 13,בית חנינא
קאעב בן זוהיר 14,בית חנינא
קאעב בן זוהיר 15,בית חנינא
קאעב בן זוהיר 16,בית חנינא
קאעב בן זוהיר 17,בית חנינא
קאעב בן זוהיר 18,בית חנינא
קאעב בן זוהיר 3,בית חנינא
קאעב בן זוהיר 4,בית חנינא
קאעב בן זוהיר 5,בית חנינא
קאעב בן זוהיר 9,בית חנינא
קאפח 3,בוכרים
קאפח 7,בוכרים
קאפח 8,בוכרים
קאפח 9,בוכרים
קארו יוסף 10,בית ישראל
קארו יוסף 13,בית ישראל
קארו יוסף 14,בית ישראל
קארו יוסף 17,בית ישראל
קארו יוסף 18,בית ישראל
קארו יוסף 20,בית ישראל
קארו יוסף 21,בית ישראל
קארו יוסף 23,בית ישראל
קארו יוסף 24,בית ישראל
קארו יוסף 25,בית ישראל
קארו יוסף 27,בית ישראל
קארו יוסף 28,בית ישראל
קארו יוסף 30,בית ישראל
קארו יוסף 31,בית ישראל
קארו יוסף 35,בית ישראל
קארו יוסף 37,בית ישראל
קארו יוסף 39,בית ישראל
קארו יוסף 4,בית ישראל
קארו יוסף 6,בית ישראל
קארו יוסף 7,בית ישראל
קב ונקי 3,מקור ברוך
קב ונקי 5,מקור ברוך
קבוץ גלויות 3,בקעה
קבוץ גלויות 5,בקעה
קבוץ גלויות 7,בקעה
קדושי בבל 10,תלפיות מזרח
קדושי בבל 12,תלפיות מזרח
קדושי בבל 14,תלפיות מזרח
קדושי בבל 16,תלפיות מזרח
קדושי בבל 18,תלפיות מזרח
קדושי בבל 2,תלפיות מזרח
קדושי בבל 20,תלפיות מזרח
קדושי בבל 4,תלפיות מזרח
קדושי בבל 6,תלפיות מזרח
קדושי סטרומה 10,מלחה
קדושי סטרומה 11,מלחה
קדושי סטרומה 13,מלחה
קדושי סטרומה 18,מלחה
קדושי סטרומה 20,מלחה
קדושי סטרומה 22,מלחה
קדושי סטרומה 26,מלחה
קדושי סטרומה 28,מלחה
קדושי סטרומה 30,מלחה
קדושי סטרומה 32,מלחה
קדושי סטרומה 34,מלחה
קדושי סטרומה 36,מלחה
קדושי סטרומה 5,מלחה
קדושי סטרומה 50,מלחה
קדושי סטרומה 66,מלחה
קדושי סטרומה 7,מלחה
קדושי סטרומה 8,מלחה
קדושי סטרומה 9,מלחה
קדושת אהרון 12,קרית צאנז
קדושת אהרון 2,קרית צאנז
קדושת אהרון 4,קרית צאנז
קדושת אהרון 7,קרית צאנז
קדושת אהרון 8,קרית צאנז
קדימה 11,רמות
קדימה 13,רמות
קדימה 15,רמות
קדימה 17,רמות
קדימה 19,רמות
קדימה 21,רמות
קדימה 23,רמות
קדימה 25,רמות
קדימה 27,רמות
קדימה 29,רמות
קדימה 3,רמות
קדימה 31,רמות
קדימה 33,רמות
קדימה 35,רמות
קדימה 37,רמות
קדימה 39,רמות
קדימה 41,רמות
קדימה 43,רמות
קדימה 49,רמות
קדימה 5,רמות
קדימה 51,רמות
קדימה 53,רמות
קדימה 55,רמות
קדימה 57,רמות
קדימה 59,רמות
קדימה 63,רמות
קדימה 65,רמות
קדימה 67,רמות
קדימה 69,רמות
קדימה 7,רמות
קדימה 71,רמות
קדימה 73,רמות
קדימה 9,רמות
קדיש לוז 10,רמת שרת
קדיש לוז 11,רמת שרת
קדיש לוז 12,רמת שרת
קדיש לוז 13,רמת שרת
קדיש לוז 14,רמת שרת
קדיש לוז 15,רמת שרת
קדיש לוז 16,רמת שרת
קדיש לוז 17,רמת שרת
קדיש לוז 18,רמת שרת
קדיש לוז 19,רמת שרת
קדיש לוז 2,רמת שרת
קדיש לוז 20,רמת שרת
קדיש לוז 21,רמת שרת
קדיש לוז 23,רמת שרת
קדיש לוז 25,רמת שרת
קדיש לוז 26,רמת שרת
קדיש לוז 28,רמת שרת
קדיש לוז 3,רמת שרת
קדיש לוז 4,רמת שרת
קדיש לוז 5,רמת שרת
קדיש לוז 6,רמת שרת
קדיש לוז 7,רמת שרת
קהילות יעקב 1,רמת שלמה
קהילות יעקב 2,רמת שלמה
קהילות יעקב 26,רמת שלמה
קהילות יעקב 3,רמת שלמה
קהילות יעקב 4,רמת שלמה
קהילות יעקב 5,רמת שלמה
קהילות יעקב 6,רמת שלמה
קהילות יעקב 7,רמת שלמה
קהילות יעקב 9,רמת שלמה
קהילות שום 10,רמות
קהילות שום 2,רמות
קהילות שום 331,רמות
קהילות שום 8,רמות
קהילת אונגוואר 805,רמות
קהילת אונגוואר 93,רמות
קהתי פנחס 1,גבעת שאול
קהתי פנחס 10,גבעת שאול
קהתי פנחס 12,גבעת שאול
קהתי פנחס 15,גבעת שאול
קהתי פנחס 17,גבעת שאול
קהתי פנחס 20,גבעת שאול
קהתי פנחס 22,גבעת שאול
קהתי פנחס 6,גבעת שאול
קהתי פנחס 7,גבעת שאול
קהתי פנחס 8,גבעת שאול
קובובי 10,רמת שרת
קובובי 12,רמת שרת
קובובי 16,רמת שרת
קובובי 18,רמת שרת
קובובי 20,רמת שרת
קובובי 21,רמת שרת
קובובי 22,רמת שרת
קובובי 23,רמת שרת
קובובי 24,רמת שרת
קובובי 25,רמת שרת
קובובי 26,רמת שרת
קובובי 27,רמת שרת
קובובי 28,רמת שרת
קובובי 29,רמת שרת
קובובי 30,רמת שרת
קובובי 31,רמת שרת
קובובי 32,רמת שרת
קובובי 33,רמת שרת
קובובי 36,רמת שרת
קובובי 38,רמת שרת
קובובי 4,רמת שרת
קובובי 40,רמת שרת
קובובי 41,רמת שרת
קובובי 42,רמת שרת
קובובי 44,רמת שרת
קובובי 45,רמת שרת
קובובי 46,רמת שרת
קובובי 47,רמת שרת
קובובי 48,רמת שרת
קובובי 49,רמת שרת
קובובי 50,רמת שרת
קובובי 51,רמת שרת
קובובי 52,רמת שרת
קובובי 53,רמת שרת
קובובי 54,רמת שרת
קובובי 56,רמת שרת
קובובי 57,רמת שרת
קובובי 58,רמת שרת
קובובי 59,רמת שרת
קובובי 6,רמת שרת
קובובי 60,רמת שרת
קובובי 61,רמת שרת
קובובי 67,רמת שרת
קובובי 69,רמת שרת
קובובי 8,רמת שרת
קוברסקי חיים 11,תלפיות מזרח
קוברסקי חיים 13,תלפיות מזרח
קוברסקי חיים 15,תלפיות מזרח
קוברסקי חיים 19,תלפיות מזרח
קוברסקי חיים 21,תלפיות מזרח
קוברסקי חיים 25,תלפיות מזרח
קוברסקי חיים 3,תלפיות מזרח
קוברסקי חיים 4,תלפיות מזרח
קוברסקי חיים 7,תלפיות מזרח
קוברסקי חיים 9,תלפיות מזרח
קוטלר 12,גבעת שאול
קוטלר 14,גבעת שאול
קוטלר 6,גבעת שאול
קוטלר 7,גבעת שאול
קוטלר 9,גבעת שאול
קוטשר יחזקאל 10,רמות
קוטשר יחזקאל 11,רמות
קוטשר יחזקאל 12,רמות
קוטשר יחזקאל 14,רמות
קוטשר יחזקאל 16,רמות
קוטשר יחזקאל 19,רמות
קוטשר יחזקאל 2,רמות
קוטשר יחזקאל 20,רמות
קוטשר יחזקאל 21,רמות
קוטשר יחזקאל 22,רמות
קוטשר יחזקאל 23,רמות
קוטשר יחזקאל 25,רמות
קוטשר יחזקאל 26,רמות
קוטשר יחזקאל 27,רמות
קוטשר יחזקאל 28,רמות
קוטשר יחזקאל 29,רמות
קוטשר יחזקאל 3,רמות
קוטשר יחזקאל 30,רמות
קוטשר יחזקאל 31,רמות
קוטשר יחזקאל 32,רמות
קוטשר יחזקאל 33,רמות
קוטשר יחזקאל 34,רמות
קוטשר יחזקאל 35,רמות
קוטשר יחזקאל 37,רמות
קוטשר יחזקאל 4,רמות
קוטשר יחזקאל 41,רמות
קוטשר יחזקאל 43,רמות
קוטשר יחזקאל 47,רמות
קוטשר יחזקאל 49,רמות
קוטשר יחזקאל 5,רמות
קוטשר יחזקאל 50,רמות
קוטשר יחזקאל 51,רמות
קוטשר יחזקאל 52,רמות
קוטשר יחזקאל 53,רמות
קוטשר יחזקאל 55,רמות
קוטשר יחזקאל 56,רמות
קוטשר יחזקאל 57,רמות
קוטשר יחזקאל 58,רמות
קוטשר יחזקאל 59,רמות
קוטשר יחזקאל 6,רמות
קוטשר יחזקאל 60,רמות
קוטשר יחזקאל 61,רמות
קוטשר יחזקאל 62,רמות
קוטשר יחזקאל 63,רמות
קוטשר יחזקאל 64,רמות
קוטשר יחזקאל 65,רמות
קוטשר יחזקאל 66,רמות
קוטשר יחזקאל 68,רמות
קוטשר יחזקאל 7,רמות
קוטשר יחזקאל 70,רמות
קוטשר יחזקאל 72,רמות
קוטשר יחזקאל 74,רמות
קוטשר יחזקאל 76,רמות
קוטשר יחזקאל 8,רמות
קוטשר יחזקאל 9,רמות
קויפמן יחזקאל 1,רמות
קויפמן יחזקאל 11,רמות
קויפמן יחזקאל 15,רמות
קויפמן יחזקאל 17,רמות
קויפמן יחזקאל 19,רמות
קויפמן יחזקאל 2,רמות
קויפמן יחזקאל 21,רמות
קויפמן יחזקאל 23,רמות
קויפמן יחזקאל 3,רמות
קויפמן יחזקאל 4,רמות
קויפמן יחזקאל 5,רמות
קויפמן יחזקאל 6,רמות
קויפמן יחזקאל 7,רמות
קויפמן יחזקאל 9,רמות
קול משה 1,בית הכרם
קול משה 10,בית הכרם
קול משה 11,בית הכרם
קול משה 12,בית הכרם
קול משה 13,בית הכרם
קול משה 14,בית הכרם
קול משה 17,בית הכרם
קול משה 18,בית הכרם
קול משה 19,בית הכרם
קול משה 20,בית הכרם
קול משה 21,בית הכרם
קול משה 23,בית הכרם
קול משה 24,בית הכרם
קול משה 25,בית הכרם
קול משה 26,בית הכרם
קול משה 27,בית הכרם
קול משה 28,בית הכרם
קול משה 29,בית הכרם
קול משה 3,בית הכרם
קול משה 30,בית הכרם
קול משה 31,בית הכרם
קול משה 33,בית הכרם
קול משה 35,בית הכרם
קול משה 37,בית הכרם
קול משה 38,בית הכרם
קול משה 4,בית הכרם
קול משה 40,בית הכרם
קול משה 42,בית הכרם
קול משה 44,בית הכרם
קול משה 45,בית הכרם
קול משה 46,בית הכרם
קול משה 49,בית הכרם
קול משה 5,בית הכרם
קול משה 53,בית הכרם
קול משה 56,בית הכרם
קול משה 57,בית הכרם
קול משה 58,בית הכרם
קול משה 59,בית הכרם
קול משה 6,בית הכרם
קול משה 60,בית הכרם
קול משה 61,בית הכרם
קול משה 62,בית הכרם
קול משה 64,בית הכרם
קול משה 66,בית הכרם
קול משה 68,בית הכרם
קול משה 7,בית הכרם
קול משה 72,בית הכרם
קול משה 74,בית הכרם
קול משה 76,בית הכרם
קול משה 8,בית הכרם
קול משה 9,בית הכרם
קולומביה 12,קרית מנחם
קולומביה 14,קרית מנחם
קולומביה 16,קרית מנחם
קולומביה 2,קרית מנחם
קולומביה 6,קרית מנחם
קולומביה 8,קרית מנחם
קוליץ 16,גבעת משואה
קוליץ 4,גבעת משואה
קונדר 1,באב א-זהרה
קונדר 10,באב א-זהרה
קונדר 3,באב א-זהרה
קונדר 39,באב א-זהרה
קונדר 4,באב א-זהרה
קונדר 7,באב א-זהרה
קונדר 9999,באב א-זהרה
קוסטה ריקה 11,קרית מנחם
קוסטה ריקה 14,קרית מנחם
קוסטה ריקה 16,קרית מנחם
קוסטה ריקה 17,קרית מנחם
קוסטה ריקה 18,קרית מנחם
קוסטה ריקה 19,קרית מנחם
קוסטה ריקה 20,קרית מנחם
קוסטה ריקה 22,קרית מנחם
קוסטה ריקה 24,קרית מנחם
קוסטה ריקה 32,קרית מנחם
קוסטה ריקה 33,קרית מנחם
קוסטה ריקה 34,קרית מנחם
קוסטה ריקה 35,קרית מנחם
קוסטה ריקה 37,קרית מנחם
קוסטה ריקה 38,קרית מנחם
קוסטה ריקה 40,קרית מנחם
קוסטה ריקה 44,קרית מנחם
קוסטה ריקה 46,קרית מנחם
קוסטה ריקה 50,קרית מנחם
קוסטה ריקה 52,קרית מנחם
קוסטה ריקה 56,קרית מנחם
קוסטה ריקה 58,קרית מנחם
קוסטה ריקה 60,קרית מנחם
קוסטה ריקה 62,קרית מנחם
קוסטה ריקה 64,קרית מנחם
קוסטה ריקה 65,קרית מנחם
קוסטה ריקה 66,קרית מנחם
קוסטה ריקה 67,קרית מנחם
קוסטה ריקה 68,קרית מנחם
קוסטה ריקה 69,קרית מנחם
קוסטה ריקה 71,קרית מנחם
קוסטה ריקה 73,קרית מנחם
קוסטה ריקה 75,קרית מנחם
קוסטה ריקה 77,קרית מנחם
קוסטה ריקה 79,קרית מנחם
קוסטה ריקה 81,קרית מנחם
קוסטה ריקה 83,קרית מנחם
קוסטה ריקה 85,קרית מנחם
קוסטה ריקה 87,קרית מנחם
קורא הדורות 10,ארנונה
קורא הדורות 11,ארנונה
קורא הדורות 12,ארנונה
קורא הדורות 15,ארנונה
קורא הדורות 16,ארנונה
קורא הדורות 17,ארנונה
קורא הדורות 18,ארנונה
קורא הדורות 19,ארנונה
קורא הדורות 20,ארנונה
קורא הדורות 21,ארנונה
קורא הדורות 22,ארנונה
קורא הדורות 23,ארנונה
קורא הדורות 27,ארנונה
קורא הדורות 28,ארנונה
קורא הדורות 3,ארנונה
קורא הדורות 30,ארנונה
קורא הדורות 31,ארנונה
קורא הדורות 32,ארנונה
קורא הדורות 33,ארנונה
קורא הדורות 35,ארנונה
קורא הדורות 36,ארנונה
קורא הדורות 38,ארנונה
קורא הדורות 39,ארנונה
קורא הדורות 4,ארנונה
קורא הדורות 40,ארנונה
קורא הדורות 41,ארנונה
קורא הדורות 42,ארנונה
קורא הדורות 43,ארנונה
קורא הדורות 44,ארנונה
קורא הדורות 45,ארנונה
קורא הדורות 46,ארנונה
קורא הדורות 47,ארנונה
קורא הדורות 49,ארנונה
קורא הדורות 5,ארנונה
קורא הדורות 50,ארנונה
קורא הדורות 51,ארנונה
קורא הדורות 53,ארנונה
קורא הדורות 54,ארנונה
קורא הדורות 55,ארנונה
קורא הדורות 56,ארנונה
קורא הדורות 58,ארנונה
קורא הדורות 6,ארנונה
קורא הדורות 60,ארנונה
קורא הדורות 8,ארנונה
קורא הדורות 9,ארנונה
קורא הדורות 999,ארנונה
קורדובירו 10,גבעת שאול
קורדובירו 12,גבעת שאול
קורדובירו 14,גבעת שאול
קורדובירו 16,גבעת שאול
קורדובירו 18,גבעת שאול
קורדובירו 2,גבעת שאול
קורדובירו 20,גבעת שאול
קורדובירו 4,גבעת שאול
קורדובירו 5,גבעת שאול
קורדובירו 6,גבעת שאול
קורדובירו 8,גבעת שאול
קורות העיתים 5,קרית משה
קורות העיתים 6,קרית משה
קורות העיתים 7,קרית משה
קורות העיתים 8,קרית משה
קורן אליהו 1,הר חומה
קורן אליהו 10,הר חומה
קורן אליהו 12,הר חומה
קורן אליהו 14,הר חומה
קורן אליהו 16,הר חומה
קורן אליהו 17,הר חומה
קורן אליהו 19,הר חומה
קורן אליהו 2,הר חומה
קורן אליהו 21,הר חומה
קורן אליהו 22,הר חומה
קורן אליהו 23,הר חומה
קורן אליהו 24,הר חומה
קורן אליהו 25,הר חומה
קורן אליהו 26,הר חומה
קורן אליהו 28,הר חומה
קורן אליהו 3,הר חומה
קורן אליהו 30,הר חומה
קורן אליהו 33,הר חומה
קורן אליהו 34,הר חומה
קורן אליהו 35,הר חומה
קורן אליהו 37,הר חומה
קורן אליהו 39,הר חומה
קורן אליהו 4,הר חומה
קורן אליהו 41,הר חומה
קורן אליהו 42,הר חומה
קורן אליהו 5,הר חומה
קורן אליהו 6,הר חומה
קורן אליהו 7,הר חומה
קורן אליהו 8,הר חומה
קורץ 11,תלפיות מזרח
קורץ 13,תלפיות מזרח
קורץ 5,תלפיות מזרח
קורץ 7,תלפיות מזרח
קורץ 9,תלפיות מזרח
קורצאק 1,קרית מנחם
קורצאק 10,קרית מנחם
קורצאק 12,קרית מנחם
קורצאק 13,קרית מנחם
קורצאק 14,קרית מנחם
קורצאק 15,קרית מנחם
קורצאק 16,קרית מנחם
קורצאק 17,קרית מנחם
קורצאק 18,קרית מנחם
קורצאק 19,קרית מנחם
קורצאק 20,קרית מנחם
קורצאק 21,קרית מנחם
קורצאק 22,קרית מנחם
קורצאק 23,קרית מנחם
קורצאק 24,קרית מנחם
קורצאק 25,קרית מנחם
קורצאק 26,קרית מנחם
קורצאק 28,קרית מנחם
קורצאק 3,קרית מנחם
קורצאק 30,קרית מנחם
קורצאק 4,קרית מנחם
קורצאק 5,קרית מנחם
קורצאק 8,קרית מנחם
קושניר ניסן 10,רמות
קושניר ניסן 12,רמות
קושניר ניסן 14,רמות
קושניר ניסן 16,רמות
קושניר ניסן 18,רמות
קושניר ניסן 2,רמות
קושניר ניסן 22,רמות
קושניר ניסן 24,רמות
קושניר ניסן 26,רמות
קושניר ניסן 28,רמות
קושניר ניסן 30,רמות
קושניר ניסן 4,רמות
קושניר ניסן 6,רמות
קושניר ניסן 8,רמות
קזה נובה,העיר העתיקה
קזה נובה 4,העיר העתיקה
קיסאן 10,צור באחר
קיסאן 11,צור באחר
קיסאן 115,צור באחר
קיסאן 125,צור באחר
קיסאן 19,צור באחר
קיסאן 2,צור באחר
קיסאן 23,צור באחר
קיסאן 29,צור באחר
קיסאן 35,צור באחר
קיסאן 36,צור באחר
קיסאן 39,צור באחר
קיסאן 43,צור באחר
קיסאן 44,צור באחר
קיסאן 46,צור באחר
קיסאן 5,צור באחר
קיסאן 50,צור באחר
קיסאן 6,צור באחר
קיסאן 64,צור באחר
קיסאן 68,צור באחר
קיסאן 7,צור באחר
קיסאן 8,צור באחר
קיסאן 81,צור באחר
קיסאן 85,צור באחר
קיסאן 9,צור באחר
קיסאן 91,צור באחר
קיסאן 93,צור באחר
קיסאן 99,צור באחר
קיסאן 999,צור באחר
קיסאן סמ1 1,צור באחר
קיסאן סמ1 16,צור באחר
קיסאן סמ1 21,צור באחר
קיסאן סמ1 3,צור באחר
קיסאן סמ1 8,צור באחר
קיסאן סמ1 9999,צור באחר
קיסאן סמ11 25,צור באחר
קיסאן סמ11 33,צור באחר
קיסאן סמ11 9999,צור באחר
קיסאן סמ13 10,צור באחר
קיסאן סמ13 20,צור באחר
קיסאן סמ13 4,צור באחר
קיסאן סמ13 8,צור באחר
קיסאן סמ3 10,צור באחר
קיסאן סמ3 9999,צור באחר
קיסאן סמ4 18,צור באחר
קיסאן סמ4 22,צור באחר
קיסאן סמ4 24,צור באחר
קיסאן סמ4 28,צור באחר
קיסאן סמ4 7,צור באחר
קיסאן סמ5,צור באחר
קיסאן סמ5 5,צור באחר
קיסאן סמ5 9,צור באחר
קיסאן סמ5 9999,צור באחר
קיסאן סמ6 15,צור באחר
קיסאן סמ6 9999,צור באחר
קיסאן סמ7 14,צור באחר
קיסאן סמ7 18,צור באחר
קיסאן סמ7 6,צור באחר
קיסאן סמ7 7,צור באחר
קיסאן סמ7 9999,צור באחר
קיסאן סמ8 12,צור באחר
קיסאן סמ8 20,צור באחר
קיסאן סמ8 7,צור באחר
קיסאן סמ9 10,צור באחר
קיסאן סמ9 8,צור באחר
קלוזנר יוסף 1,תלפיות
קלוזנר יוסף 12,תלפיות
קלוזנר יוסף 13,תלפיות
קלוזנר יוסף 15,תלפיות
קלוזנר יוסף 20,תלפיות
קלוזנר יוסף 5,תלפיות
קלוזנר יוסף 7,תלפיות
קלוזנר יוסף 9,תלפיות
קליין 1,המושבה הגרמנית
קליין 2,המושבה הגרמנית
קליין 3,המושבה הגרמנית
קליין 4,המושבה הגרמנית
קליין 6,המושבה הגרמנית
קליין 8,המושבה הגרמנית
קליינמן 1,קרית היובל
קליינמן 10,קרית היובל
קליינמן 11,קרית היובל
קליינמן 12,קרית היובל
קליינמן 13,קרית היובל
קליינמן 14,קרית היובל
קליינמן 15,קרית היובל
קליינמן 16,קרית היובל
קליינמן 2,קרית היובל
קליינמן 6,קרית היובל
קליינמן 7,קרית היובל
קליינמן 8,קרית היובל
קליינמן 9,קרית היובל
קלנר אריה 100,קרית היובל
קלנר אריה 101,קרית היובל
קלעי חנוך 1,מלחה
קלעי חנוך 11,מלחה
קלעי חנוך 5,מלחה
קלעי חנוך 7,מלחה
קלעי חנוך 9,מלחה
קמזון יעקב דוד 10,רמות
קמזון יעקב דוד 101,רמות
קמחי דב 2,טלביה
קמחי דב 4,טלביה
קנאי הגליל 1,גוננים
קנאי הגליל 10,גוננים
קנאי הגליל 11,גוננים
קנאי הגליל 12,גוננים
קנאי הגליל 13,גוננים
קנאי הגליל 15,גוננים
קנאי הגליל 16,גוננים
קנאי הגליל 17,גוננים
קנאי הגליל 18,גוננים
קנאי הגליל 2,גוננים
קנאי הגליל 20,גוננים
קנאי הגליל 21,גוננים
קנאי הגליל 22,גוננים
קנאי הגליל 23,גוננים
קנאי הגליל 24,גוננים
קנאי הגליל 25,גוננים
קנאי הגליל 26,גוננים
קנאי הגליל 30,גוננים
קנאי הגליל 32,גוננים
קנאי הגליל 34,גוננים
קנאי הגליל 36,גוננים
קנאי הגליל 38,גוננים
קנאי הגליל 39,גוננים
קנאי הגליל 40,גוננים
קנאי הגליל 41,גוננים
קנאי הגליל 44,גוננים
קנאי הגליל 46,גוננים
קנאי הגליל 50,גוננים
קנאי הגליל 54,גוננים
קנאי הגליל 6,גוננים
קנאי הגליל 8,גוננים
קנבר 10,ג'בל מוכבר
קנבר 11,ג'בל מוכבר
קנבר 12,ג'בל מוכבר
קנבר 13,ג'בל מוכבר
קנבר 15,ג'בל מוכבר
קנבר 17,ג'בל מוכבר
קנבר 19,ג'בל מוכבר
קנבר 20,ג'בל מוכבר
קנבר 21,ג'בל מוכבר
קנבר 23,ג'בל מוכבר
קנבר 24,ג'בל מוכבר
קנבר 26,ג'בל מוכבר
קנבר 27,ג'בל מוכבר
קנבר 30,ג'בל מוכבר
קנבר 32,ג'בל מוכבר
קנבר 33,ג'בל מוכבר
קנבר 34,ג'בל מוכבר
קנבר 35,ג'בל מוכבר
קנבר 37,ג'בל מוכבר
קנבר 38,ג'בל מוכבר
קנבר 39,ג'בל מוכבר
קנבר 40,ג'בל מוכבר
קנבר 42,ג'בל מוכבר
קנבר 44,ג'בל מוכבר
קנבר 46,ג'בל מוכבר
קנבר 5,ג'בל מוכבר
קנבר 6,ג'בל מוכבר
קנבר 7,ג'בל מוכבר
קנבר 8,ג'בל מוכבר
קנבר סמ1 4,ג'בל מוכבר
קנבר סמ1 5,ג'בל מוכבר
קנבר סמ1 8,ג'בל מוכבר
קנבר סמ2 4,ג'בל מוכבר
קנבר סמ2 5,ג'בל מוכבר
קנבר סמ2 6,ג'בל מוכבר
קנבר סמ2 7,ג'בל מוכבר
קנבר סמ3 12,ג'בל מוכבר
קנבר סמ3 16,ג'בל מוכבר
קנבר סמ3 18,ג'בל מוכבר
קנבר סמ3 6,ג'בל מוכבר
קנבר סמ3 8,ג'בל מוכבר
קנבר סמ4 1,ג'בל מוכבר
קנבר סמ4 4,ג'בל מוכבר
קנבר סמ4 5,ג'בל מוכבר
קנטר חדאיר 1,העיר העתיקה
קנטר חדאיר 10,העיר העתיקה
קנטר חדאיר 11,העיר העתיקה
קנטר חדאיר 12,העיר העתיקה
קנטר חדאיר 13,העיר העתיקה
קנטר חדאיר 14,העיר העתיקה
קנטר חדאיר 15,העיר העתיקה
קנטר חדאיר 16,העיר העתיקה
קנטר חדאיר 17,העיר העתיקה
קנטר חדאיר 18,העיר העתיקה
קנטר חדאיר 19,העיר העתיקה
קנטר חדאיר 20,העיר העתיקה
קנטר חדאיר 22,העיר העתיקה
קנטר חדאיר 26,העיר העתיקה
קנטר חדאיר 28,העיר העתיקה
קנטר חדאיר 3,העיר העתיקה
קנטר חדאיר 30,העיר העתיקה
קנטר חדאיר 32,העיר העתיקה
קנטר חדאיר 5,העיר העתיקה
קנטר חדאיר 6,העיר העתיקה
קנטר חדאיר 7,העיר העתיקה
קנטר חדאיר 8,העיר העתיקה
קנטר חדאיר 9,העיר העתיקה
קנטר חדאיר 999,העיר העתיקה
קנטר חדאיר 9999,העיר העתיקה
קצנלסון 1,גבעת הוורדים
קצנלסון 4,גבעת הוורדים
קצנלסון 5,גבעת הוורדים
קצנלסון 6,גבעת הוורדים
קצנלסון 7,גבעת הוורדים
קראוס גרטרוד 10,גבעת משואה
קראוס גרטרוד 12,גבעת משואה
קראוס גרטרוד 14,גבעת משואה
קראוס גרטרוד 16,גבעת משואה
קראוס גרטרוד 18,גבעת משואה
קראוס גרטרוד 2,גבעת משואה
קראוס גרטרוד 4,גבעת משואה
קראוס גרטרוד 6,גבעת משואה
קראוס גרטרוד 8,גבעת משואה
קריב יצחק 12,מוסררה
קריב יצחק 14,מוסררה
קריב יצחק 16,מוסררה
קריב יצחק 4,מוסררה
קריב יצחק 8,מוסררה
קרית משה 10,קרית משה
קרית משה 12,קרית משה
קרית משה 13,קרית משה
קרית משה 14,קרית משה
קרית משה 16,קרית משה
קרית משה 17,קרית משה
קרית משה 20,קרית משה
קרית משה 22,קרית משה
קרית משה 24,קרית משה
קרית משה 3,קרית משה
קרית משה 5,קרית משה
קרית משה 7,קרית משה
קרית משה 8,קרית משה
קרית משה 9,קרית משה
קרליבך 4,תלפיות
קרליבך 5,תלפיות
קרליבך 8,תלפיות
קרמינצקי 10,קרית היובל
קרמינצקי 2,קרית היובל
קרמינצקי 3,קרית היובל
קרמינצקי 4,קרית היובל
קרמינצקי 5,קרית היובל
קרמינצקי 6,קרית היובל
קרמינצקי 7,קרית היובל
קרמינצקי 8,קרית היובל
קרמינצקי 9,קרית היובל
קרן היסוד 15,טלביה
קרן היסוד 6,טלביה
קרן היסוד 7,טלביה
קרן היסוד 8,טלביה
קרן היסוד 9,טלביה
קרני יהודה 134,רמות
קרני יהודה 135,רמות
קרני יהודה 136,רמות
קרני יהודה 7,רמות
קרניבד רפאל 10,רמות
קרניבד רפאל 2,רמות
קרניבד רפאל 3,רמות
קרניבד רפאל 5,רמות
קרניבד רפאל 7,רמות
קרניבד רפאל 8,רמות
קשאני אליעזר 10,תלפיות מזרח
קשאני אליעזר 11,תלפיות מזרח
קשאני אליעזר 13,תלפיות מזרח
קשאני אליעזר 15,תלפיות מזרח
קשאני אליעזר 17,תלפיות מזרח
קשאני אליעזר 18,תלפיות מזרח
קשאני אליעזר 19,תלפיות מזרח
קשאני אליעזר 20,תלפיות מזרח
קשאני אליעזר 21,תלפיות מזרח
קשאני אליעזר 22,תלפיות מזרח
קשאני אליעזר 23,תלפיות מזרח
קשאני אליעזר 24,תלפיות מזרח
קשאני אליעזר 25,תלפיות מזרח
קשאני אליעזר 27,תלפיות מזרח
קשאני אליעזר 29,תלפיות מזרח
קשאני אליעזר 31,תלפיות מזרח
קשאני אליעזר 33,תלפיות מזרח
קשאני אליעזר 35,תלפיות מזרח
קשאני אליעזר 37,תלפיות מזרח
קשאני אליעזר 39,תלפיות מזרח
קשאני אליעזר 4,תלפיות מזרח
קשאני אליעזר 41,תלפיות מזרח
קשאני אליעזר 420,תלפיות מזרח
קשאני אליעזר 43,תלפיות מזרח
קשאני אליעזר 44,תלפיות מזרח
קשאני אליעזר 45,תלפיות מזרח
קשאני אליעזר 47,תלפיות מזרח
קשאני אליעזר 49,תלפיות מזרח
קשאני אליעזר 51,תלפיות מזרח
קשאני אליעזר 53,תלפיות מזרח
קשאני אליעזר 6,תלפיות מזרח
קשאני אליעזר 7,תלפיות מזרח
קשאני אליעזר 9,תלפיות מזרח
ראבעה אל עדוויה 105,א-טור
ראבעה אל עדוויה 12,א-טור
ראבעה אל עדוויה 13,א-טור
ראבעה אל עדוויה 17,א-טור
ראבעה אל עדוויה 18,א-טור
ראבעה אל עדוויה 23,א-טור
ראבעה אל עדוויה 29,א-טור
ראבעה אל עדוויה 31,א-טור
ראבעה אל עדוויה 33,א-טור
ראבעה אל עדוויה 4,א-טור
ראבעה אל עדוויה 40,א-טור
ראבעה אל עדוויה 42,א-טור
ראבעה אל עדוויה 45,א-טור
ראבעה אל עדוויה 5,א-טור
ראבעה אל עדוויה 6,א-טור
ראבעה אל עדוויה 67,א-טור
ראבעה אל עדוויה 7,א-טור
ראבעה אל עדוויה 71,א-טור
ראבעה אל עדוויה 85,א-טור
ראבעה אל עדוויה 95,א-טור
ראבעה אל עדוויה סמ8 25,א-טור
ראבעה אל עדוויה סמ8 29,א-טור
ראבעה אל עדוויה סמ8 31,א-טור
ראבעה אל עדוויה סמ8 33,א-טור
ראבעה אל עדוויה סמ8 34,א-טור
ראבעה אל עדוויה סמ8 35,א-טור
ראבעה אל עדוויה סמ8 41,א-טור
ראבעה אל-עדוויה סמ2 10,א-טור
ראבעה אל-עדוויה סמ2 37,א-טור
ראבעה אל-עדוויה סמ2 669,א-טור
ראבעה אל-עדוויה סמ2 8,א-טור
ראבעה אל-עדוויה סמ2 9999,א-טור
ראבעה אל-עדוויה סמ6 3,א-טור
ראבעה אל-עדוויה סמ6 9999,א-טור
ראבעה אל-עדוויה סמ7 18,א-טור
ראובן 10,בקעה
ראובן 13,בקעה
ראובן 14,בקעה
ראובן 16,בקעה
ראובן 17,בקעה
ראובן 18,בקעה
ראובן 19,בקעה
ראובן 20,בקעה
ראובן 21,בקעה
ראובן 22,בקעה
ראובן 25,בקעה
ראובן 27,בקעה
ראובן 5,בקעה
ראובן 6,בקעה
ראובן 7,בקעה
ראובן 8,בקעה
ראובן 9,בקעה
ראובן מנשה רביע 1,הר חומה
ראובן מנשה רביע 3,הר חומה
ראובן מנשה רביע 4,הר חומה
ראובן מנשה רביע 5,הר חומה
ראובן מנשה רביע 7,הר חומה
ראובן מנשה רביע 9,הר חומה
ראט משולם 1,בית וגן
ראט משולם 3,בית וגן
ראט משולם 4,בית וגן
ראט משולם 5,בית וגן
ראט משולם 6,בית וגן
ראט משולם 8,בית וגן
ראל משה לוי 12,פסגת זאב
ראל משה לוי 14,פסגת זאב
ראל משה לוי 16,פסגת זאב
ראל משה לוי 18,פסגת זאב
ראל משה לוי 20,פסגת זאב
ראל משה לוי 22,פסגת זאב
ראל משה לוי 24,פסגת זאב
ראל משה לוי 26,פסגת זאב
ראל משה לוי 28,פסגת זאב
ראם אליהו 12,בית ישראל
ראם אליהו 3,בית ישראל
ראם אליהו 4,בית ישראל
ראם אליהו 5,בית ישראל
ראם אליהו 6,בית ישראל
ראם אליהו 8,בית ישראל
ראס אל ג'אמע 10,עיסוויה
ראס אל ג'אמע 5,עיסוויה
ראס אל ג'אמע 8,עיסוויה
ראס אל ג'אמע 821,עיסוויה
ראס אל ג'אמע סמ3 13,עיסוויה
ראס אל ג'אמע סמ3 15,עיסוויה
ראס אל ג'אמע סמ3 17,עיסוויה
ראס אל ג'אמע סמ3 21,עיסוויה
ראס אל ג'אמע סמ3 25,עיסוויה
ראס אל ג'אמע סמ3 3,עיסוויה
ראס אל טוויל 12,בית חנינא
ראס אל טוויל 14,בית חנינא
ראס אל טוויל 16,בית חנינא
ראס אל טוויל 19,בית חנינא
ראס אל טוויל 20,בית חנינא
ראס אל טוויל 21,בית חנינא
ראס אל טוויל 25,בית חנינא
ראס אל טוויל 26,בית חנינא
ראס אל טוויל 28,בית חנינא
ראס אל טוויל 29,בית חנינא
ראס אל טוויל 3,בית חנינא
ראס אל טוויל 30,בית חנינא
ראס אל טוויל 31,בית חנינא
ראס אל טוויל 32,בית חנינא
ראס אל טוויל 33,בית חנינא
ראס אל טוויל 4,בית חנינא
ראס אל טוויל 6,בית חנינא
ראס אל טוויל 7,בית חנינא
ראס אל טוויל 9,בית חנינא
ראס אל טוויל סמ5 2,בית חנינא
ראס אל טוויל סמ5 5,בית חנינא
ראס אל טלעה 11,בית צפאפא
ראס אל טלעה 12,בית צפאפא
ראס אל טלעה 13,בית צפאפא
ראס אל טלעה 15,בית צפאפא
ראס אל טלעה 16,בית צפאפא
ראס אל טלעה 18,בית צפאפא
ראס אל טלעה 26,בית צפאפא
ראס אל טלעה 3,בית צפאפא
ראס אל טלעה 6,בית צפאפא
ראס אל טלעה 8,בית צפאפא
ראס אל עמוד 100,ראס אל-עמוד
ראס אל עמוד 101,ראס אל-עמוד
ראס אל עמוד 106,ראס אל-עמוד
ראס אל עמוד 11,ראס אל-עמוד
ראס אל עמוד 110,ראס אל-עמוד
ראס אל עמוד 12,ראס אל-עמוד
ראס אל עמוד 129,ראס אל-עמוד
ראס אל עמוד 13,ראס אל-עמוד
ראס אל עמוד 133,ראס אל-עמוד
ראס אל עמוד 135,ראס אל-עמוד
ראס אל עמוד 14,ראס אל-עמוד
ראס אל עמוד 141,ראס אל-עמוד
ראס אל עמוד 15,ראס אל-עמוד
ראס אל עמוד 16,ראס אל-עמוד
ראס אל עמוד 174,ראס אל-עמוד
ראס אל עמוד 18,ראס אל-עמוד
ראס אל עמוד 19,ראס אל-עמוד
ראס אל עמוד 191,ראס אל-עמוד
ראס אל עמוד 20,ראס אל-עמוד
ראס אל עמוד 204,ראס אל-עמוד
ראס אל עמוד 21,ראס אל-עמוד
ראס אל עמוד 211,ראס אל-עמוד
ראס אל עמוד 214,ראס אל-עמוד
ראס אל עמוד 238,ראס אל-עמוד
ראס אל עמוד 24,ראס אל-עמוד
ראס אל עמוד 25,ראס אל-עמוד
ראס אל עמוד 26,ראס אל-עמוד
ראס אל עמוד 27,ראס אל-עמוד
ראס אל עמוד 28,ראס אל-עמוד
ראס אל עמוד 30,ראס אל-עמוד
ראס אל עמוד 300,ראס אל-עמוד
ראס אל עמוד 31,ראס אל-עמוד
ראס אל עמוד 35,ראס אל-עמוד
ראס אל עמוד 39,ראס אל-עמוד
ראס אל עמוד 4,ראס אל-עמוד
ראס אל עמוד 40,ראס אל-עמוד
ראס אל עמוד 41,ראס אל-עמוד
ראס אל עמוד 43,ראס אל-עמוד
ראס אל עמוד 44,ראס אל-עמוד
ראס אל עמוד 46,ראס אל-עמוד
ראס אל עמוד 48,ראס אל-עמוד
ראס אל עמוד 498,ראס אל-עמוד
ראס אל עמוד 50,ראס אל-עמוד
ראס אל עמוד 51,ראס אל-עמוד
ראס אל עמוד 52,ראס אל-עמוד
ראס אל עמוד 55,ראס אל-עמוד
ראס אל עמוד 57,ראס אל-עמוד
ראס אל עמוד 58,ראס אל-עמוד
ראס אל עמוד 6,ראס אל-עמוד
ראס אל עמוד 65,ראס אל-עמוד
ראס אל עמוד 673,ראס אל-עמוד
ראס אל עמוד 68,ראס אל-עמוד
ראס אל עמוד 70,ראס אל-עמוד
ראס אל עמוד 71,ראס אל-עמוד
ראס אל עמוד 72,ראס אל-עמוד
ראס אל עמוד 73,ראס אל-עמוד
ראס אל עמוד 74,ראס אל-עמוד
ראס אל עמוד 76,ראס אל-עמוד
ראס אל עמוד 783,ראס אל-עמוד
ראס אל עמוד 786,ראס אל-עמוד
ראס אל עמוד 788,ראס אל-עמוד
ראס אל עמוד 80,ראס אל-עמוד
ראס אל עמוד 84,ראס אל-עמוד
ראס אל עמוד 85,ראס אל-עמוד
ראס אל עמוד 89,ראס אל-עמוד
ראס אל עמוד 9,ראס אל-עמוד
ראס אל עמוד 91,ראס אל-עמוד
ראס אל עמוד 94,ראס אל-עמוד
ראס אל עמוד 95,ראס אל-עמוד
ראס אל עמוד 96,ראס אל-עמוד
ראס אל עמוד 97,ראס אל-עמוד
ראס אל עמוד 98,ראס אל-עמוד
ראס אל-ג'בל 14,בית צפאפא
ראס אל-ג'בל 15,בית צפאפא
ראס אל-ג'בל 17,בית צפאפא
ראס אל-ג'בל 20,בית צפאפא
ראס אל-ג'בל 21,בית צפאפא
ראס אל-ג'בל 24,בית צפאפא
ראס אל-ג'בל 26,בית צפאפא
ראס אל-ג'בל 28,בית צפאפא
ראס אל-ג'בל 6,בית צפאפא
ראס אל-ג'בל 9,בית צפאפא
ראס חמיס 1,שועפאט
ראס חמיס 13,שועפאט
ראס חמיס 14,שועפאט
ראס חמיס 142,שועפאט
ראס חמיס 17,שועפאט
ראס חמיס 21,שועפאט
ראס חמיס 23,שועפאט
ראס חמיס 24,שועפאט
ראס חמיס 3,שועפאט
ראס חמיס 7,שועפאט
ראס חמיס 77,שועפאט
ראס חמיס 9999,שועפאט
ראס כובסא 14,העיר העתיקה
ראס כובסא 28,העיר העתיקה
ראס כובסא 30,העיר העתיקה
ראס כובסא סמ2 1,העיר העתיקה
ראס כובסא סמ2 3,העיר העתיקה
ראס כובסא סמ2 5,העיר העתיקה
ראס כובסא סמ2 7,העיר העתיקה
ראס כובסא סמ2 9999,העיר העתיקה
ראס סאלם 1,עיסוויה
ראס סאלם 11,עיסוויה
ראס סאלם 14,עיסוויה
ראס סאלם 17,עיסוויה
ראס סאלם 19,עיסוויה
ראס סאלם 2,עיסוויה
ראס סאלם 20,עיסוויה
ראס סאלם 28,עיסוויה
ראס סאלם 3,עיסוויה
ראס סאלם 30,עיסוויה
ראס סאלם 5,עיסוויה
ראס סאלם 7,עיסוויה
ראס סאלם 8,עיסוויה
ראס סאלם 999,עיסוויה
ראס סאלם 9999,עיסוויה
ראס סאלם סמ1 2,עיסוויה
ראס סאלם סמ1 8,עיסוויה
ראס סאלם סמ3 1,עיסוויה
ראס סאלם סמ3 3,עיסוויה
ראס סאלם סמ3 5,עיסוויה
ראס סאלם סמ3 7,עיסוויה
ראס סאלם סמ4 1,עיסוויה
ראס סאלם סמ4 11,עיסוויה
ראס סאלם סמ4 132,עיסוויה
ראס סאלם סמ4 4,עיסוויה
ראס סאלם סמ4 5,עיסוויה
ראס סאלם סמ4 9999,עיסוויה
ראס סאלם סמ5 4,עיסוויה
ראס סאלם סמ7,עיסוויה
ראס סאלם סמ7 17,עיסוויה
ראס סאלם סמ7 20,עיסוויה
ראס סאלם סמ7 999,עיסוויה
ראס סאלם סמ7 9999,עיסוויה
ראע'ב נשאשיבי 11,וואדי אל-ג'וז
ראע'ב נשאשיבי 14,וואדי אל-ג'וז
ראע'ב נשאשיבי 2,וואדי אל-ג'וז
ראע'ב נשאשיבי 6,וואדי אל-ג'וז
ראע'ב נשאשיבי 9,וואדי אל-ג'וז
ראע'ב נשאשיבי סמ2 5,וואדי אל-ג'וז
ראע'ב נשאשיבי סמ2 7,וואדי אל-ג'וז
ראע'ב נשאשיבי סמ2 8,וואדי אל-ג'וז
ראע'ב נשאשיבי סמ4 1,וואדי אל-ג'וז
ראע'ב נשאשיבי סמ4 10,וואדי אל-ג'וז
ראע'ב נשאשיבי סמ4 11,וואדי אל-ג'וז
ראע'ב נשאשיבי סמ4 12,וואדי אל-ג'וז
ראע'ב נשאשיבי סמ4 13,וואדי אל-ג'וז
ראע'ב נשאשיבי סמ4 2,וואדי אל-ג'וז
ראע'ב נשאשיבי סמ4 4,וואדי אל-ג'וז
ראע'ב נשאשיבי סמ4 5,וואדי אל-ג'וז
ראע'ב נשאשיבי סמ4 6,וואדי אל-ג'וז
ראע'ב נשאשיבי סמ4 7,וואדי אל-ג'וז
ראע'ב נשאשיבי סמ4 8,וואדי אל-ג'וז
ראש פנה 1,מטרסדורף
ראש פנה 12,מטרסדורף
ראש פנה 14,מטרסדורף
ראש פנה 3,מטרסדורף
ראש פנה 5,מטרסדורף
ראשון לציון 9,מטרסדורף
ראשית חכמה 14,גאולה
ראשית חכמה 16,גאולה
ראשית חכמה 17,גאולה
ראשית חכמה 18,גאולה
ראשית חכמה 19,גאולה
ראשית חכמה 20,גאולה
ראשית חכמה 21,גאולה
ראשית חכמה 22,גאולה
ראשית חכמה 27,גאולה
ראשית חכמה 29,גאולה
ראשית חכמה 3,גאולה
ראשית חכמה 31,גאולה
ראשית חכמה 9,גאולה
רב אלוף לסקוב 11,פסגת זאב
רב אלוף לסקוב 13,פסגת זאב
רב אלוף לסקוב 14,פסגת זאב
רב אלוף לסקוב 15,פסגת זאב
רב אלוף לסקוב 16,פסגת זאב
רב אלוף לסקוב 17,פסגת זאב
רב אלוף לסקוב 18,פסגת זאב
רב אלוף לסקוב 2,פסגת זאב
רב אלוף לסקוב 4,פסגת זאב
רב אלוף לסקוב 6,פסגת זאב
רב אלוף לסקוב 7,פסגת זאב
רב אלוף לסקוב 8,פסגת זאב
רב אלוף לסקוב 9,פסגת זאב
רב אשי 6,גוננים
רב עבוד חיים שאול 1,בית ישראל
רב עבוד חיים שאול 13,בית ישראל
רב עבוד חיים שאול 15,בית ישראל
רב עבוד חיים שאול 17,בית ישראל
רב עבוד חיים שאול 19,בית ישראל
רב עבוד חיים שאול 2,בית ישראל
רב עבוד חיים שאול 21,בית ישראל
רב עבוד חיים שאול 23,בית ישראל
רב עבוד חיים שאול 25,בית ישראל
רב עבוד חיים שאול 27,בית ישראל
רב עבוד חיים שאול 3,בית ישראל
רב עבוד חיים שאול 31,בית ישראל
רב עבוד חיים שאול 33,בית ישראל
רב עבוד חיים שאול 5,בית ישראל
רב עבוד חיים שאול 8,בית ישראל
רב עבוד חיים שאול 9,בית ישראל
רב צעיר 10,קרית משה
רב צעיר 11,קרית משה
רב צעיר 15,קרית משה
רב צעיר 17,קרית משה
רב צעיר 3,קרית משה
רב צעיר 4,קרית משה
רב צעיר 5,קרית משה
רב צעיר 7,קרית משה
רב צעיר 8,קרית משה
רב צעיר 9,קרית משה
רבאיעה סמ10 15,ג'בל מוכבר
רבאיעה סמ10 16,ג'בל מוכבר
רבאיעה סמ10 18,ג'בל מוכבר
רבאיעה סמ10 23,ג'בל מוכבר
רבאיעה סמ10 27,ג'בל מוכבר
רבאיעה סמ10 4,ג'בל מוכבר
רבאיעה סמ10 55,ג'בל מוכבר
רבאיעה סמ10 6,ג'בל מוכבר
רבאיעה סמ10 7,ג'בל מוכבר
רבאיעה סמ10 9999,ג'בל מוכבר
רבאיעה סמ12 12,ג'בל מוכבר
רבאיעה סמ12 14,ג'בל מוכבר
רבאיעה סמ2 55,ג'בל מוכבר
רבאיעה סמ2 59,ג'בל מוכבר
רבאיעה סמ2 6,ג'בל מוכבר
רבאיעה סמ3 10,ג'בל מוכבר
רבאיעה סמ3 12,ג'בל מוכבר
רבאיעה סמ3 6,ג'בל מוכבר
רבאיעה סמ3 8,ג'בל מוכבר
רבאיעה סמ4 12,ג'בל מוכבר
רבאיעה סמ4 13,ג'בל מוכבר
רבאיעה סמ4 8,ג'בל מוכבר
רבאיעה סמ6 1,ג'בל מוכבר
רבאיעה סמ6 11,ג'בל מוכבר
רבאיעה סמ6 17,ג'בל מוכבר
רבאיעה סמ6 19,ג'בל מוכבר
רבאיעה סמ8 12,ג'בל מוכבר
רבאיעה סמ8 14,ג'בל מוכבר
רבאיעה סמ8 16,ג'בל מוכבר
רבאיעה סמ8 2,ג'בל מוכבר
רבאיעה סמ8 4,ג'בל מוכבר
רבאיעה סמ8 5,ג'בל מוכבר
רבאיעה סמ8 6,ג'בל מוכבר
רבדים 1,ארנונה
רבדים 10,ארנונה
רבדים 11,ארנונה
רבדים 12,ארנונה
רבדים 13,ארנונה
רבדים 14,ארנונה
רבדים 16,ארנונה
רבדים 17,ארנונה
רבדים 19,ארנונה
רבדים 2,ארנונה
רבדים 20,ארנונה
רבדים 21,ארנונה
רבדים 22,ארנונה
רבדים 23,ארנונה
רבדים 24,ארנונה
רבדים 25,ארנונה
רבדים 26,ארנונה
רבדים 27,ארנונה
רבדים 28,ארנונה
רבדים 3,ארנונה
רבדים 30,ארנונה
רבדים 31,ארנונה
רבדים 32,ארנונה
רבדים 33,ארנונה
רבדים 34,ארנונה
רבדים 35,ארנונה
רבדים 36,ארנונה
רבדים 38,ארנונה
רבדים 39,ארנונה
רבדים 4,ארנונה
רבדים 40,ארנונה
רבדים 41,ארנונה
רבדים 42,ארנונה
רבדים 5,ארנונה
רבדים 6,ארנונה
רבדים 7,ארנונה
רבדים 8,ארנונה
רבדים 9,ארנונה
רבי אריה 11,נחלאות
רבי אריה 13,נחלאות
רבי אריה 15,נחלאות
רבי אריה 19,נחלאות
רבי אריה 21,נחלאות
רבי אריה 23,נחלאות
רבי אריה 25,נחלאות
רבי אריה 27,נחלאות
רבי אריה 29,נחלאות
רבי אריה 6,נחלאות
רבי אריה 7,נחלאות
רבי אריה 9,נחלאות
רבי בנימין 1,בית הכרם
רבי בנימין 10,בית הכרם
רבי בנימין 11,בית הכרם
רבי בנימין 2,בית הכרם
רבי בנימין 3,בית הכרם
רבי בנימין 5,בית הכרם
רבי בנימין 6,בית הכרם
רבי בנימין 7,בית הכרם
רבי בנימין 8,בית הכרם
רבי בנימין 9,בית הכרם
רבי זעירא 3,קטמון
רבי זעירא 4,קטמון
רבי זעירא 6,קטמון
רבי חלפתא 11,קטמון
רבי חלפתא 13,קטמון
רבי חלפתא 15,קטמון
רבי חלפתא 7,קטמון
רבי טרפון 10,גוננים
רבי טרפון 12,גוננים
רבי טרפון 3,גוננים
רבי טרפון 4,גוננים
רבי טרפון 6,גוננים
רבי טרפון 7,גוננים
רבי טרפון 8,גוננים
רבי מאיר 10,קטמון
רבי מאיר 11,קטמון
רבי מאיר 12,קטמון
רבי מאיר 13,קטמון
רבי מאיר 14,קטמון
רבי מאיר 15,קטמון
רבי מאיר 16,קטמון
רבי מאיר 17,קטמון
רבי מאיר 18,קטמון
רבי מאיר 2,קטמון
רבי מאיר 3,קטמון
רבי מאיר 5,קטמון
רבי מאיר 6,קטמון
רבי מאיר 7,קטמון
רבי מאיר 8,קטמון
רבי מאיר 9,קטמון
רבי נחמן מברסלב 11,מאה שערים
רבי נחמן מברסלב 1458,מאה שערים
רבי נחמן מברסלב 18,מאה שערים
רבי נחמן מברסלב 5,מאה שערים
רבי עקיבא 12,מרכז העיר
רבי עקיבא 16,מרכז העיר
רבי עקיבא 20,מרכז העיר
רבי צדוק 11,גוננים
רבי צדוק 13,גוננים
רבי צדוק 15,גוננים
רבי תנחומא 13,גוננים
רבי תנחומא 7,גוננים
רבי תנחומא 9,גוננים
רביבים 1,רמות
רביבים 11,רמות
רביבים 13,רמות
רביבים 15,רמות
רביבים 26,רמות
רביבים 27,רמות
רביבים 3,רמות
רביבים 4,רמות
רביבים 5,רמות
רביבים 6,רמות
רביבים 7,רמות
רביבים 8,רמות
רביבים 9,רמות
רבינוביץ אהרון 1,קרית היובל
רבינוביץ אהרון 11,קרית היובל
רבינוביץ אהרון 12,קרית היובל
רבינוביץ אהרון 13,קרית היובל
רבינוביץ אהרון 15,קרית היובל
רבינוביץ אהרון 17,קרית היובל
רבינוביץ אהרון 18,קרית היובל
רבינוביץ אהרון 19,קרית היובל
רבינוביץ אהרון 20,קרית היובל
רבינוביץ אהרון 21,קרית היובל
רבינוביץ אהרון 22,קרית היובל
רבינוביץ אהרון 23,קרית היובל
רבינוביץ אהרון 24,קרית היובל
רבינוביץ אהרון 27,קרית היובל
רבינוביץ אהרון 3,קרית היובל
רבינוביץ אהרון 32,קרית היובל
רבינוביץ אהרון 5,קרית היובל
רבינוביץ אהרון 6,קרית היובל
רבינוביץ אהרון 7,קרית היובל
רבינוביץ אהרון 8,קרית היובל
רבינוביץ אהרון 9,קרית היובל
רבנו גרשום 10,בוכרים
רבנו גרשום 12,בוכרים
רבנו גרשום 17,בוכרים
רבנו גרשום 2,בוכרים
רבנו גרשום 22,בוכרים
רבנו גרשום 23,בוכרים
רבנו גרשום 26,בוכרים
רבנו גרשום 27,בוכרים
רבנו גרשום 28,בוכרים
רבנו גרשום 29,בוכרים
רבנו גרשום 3,בוכרים
רבנו גרשום 30,בוכרים
רבנו גרשום 31,בוכרים
רבנו גרשום 33,בוכרים
רבנו גרשום 4,בוכרים
רבנו גרשום 41,בוכרים
רבנו גרשום 42,בוכרים
רבנו גרשום 44,בוכרים
רבנו גרשום 6,בוכרים
רבנו פוליטי 10,ארנונה
רבנו פוליטי 11,ארנונה
רבנו פוליטי 12,ארנונה
רבנו פוליטי 13,ארנונה
רבנו פוליטי 14,ארנונה
רבנו פוליטי 15,ארנונה
רבנו פוליטי 16,ארנונה
רבנו פוליטי 17,ארנונה
רבנו פוליטי 18,ארנונה
רבנו פוליטי 2,ארנונה
רבנו פוליטי 3,ארנונה
רבנו פוליטי 4,ארנונה
רבנו פוליטי 5,ארנונה
רבנו פוליטי 6,ארנונה
רבנו פוליטי 7,ארנונה
רבנו פוליטי 8,ארנונה
רבנו פוליטי 9,ארנונה
רבנו תם 10,גאולה
רבנו תם 12,גאולה
רבנו תם 13,גאולה
רבנו תם 16,גאולה
רבנו תם 6,גאולה
רבנו תם 7,גאולה
רבנו תם 8,גאולה
רבקה 10,תלפיות
רבקה 15,תלפיות
רבקה 22,תלפיות
רבקה 24,תלפיות
רבקה 26,תלפיות
רבקה 28,תלפיות
רבקה 30,תלפיות
רבקה 5,תלפיות
רבקה 7,תלפיות
רבקה 8,תלפיות
רדק 12,רחביה
רדק 14,רחביה
רדק 15,רחביה
רדק 16,רחביה
רדק 17,רחביה
רדק 18,רחביה
רדק 19,רחביה
רדק 22,רחביה
רדק 24,רחביה
רדק 26,רחביה
רדק 28,רחביה
רדק 3,רחביה
רדק 30,רחביה
רדק 5,רחביה
רובוביץ אלכסנדר 11,תלפיות מזרח
רובוביץ אלכסנדר 13,תלפיות מזרח
רובוביץ אלכסנדר 15,תלפיות מזרח
רובוביץ אלכסנדר 2,תלפיות מזרח
רובוביץ אלכסנדר 3,תלפיות מזרח
רובוביץ אלכסנדר 305,תלפיות מזרח
רובוביץ אלכסנדר 322,תלפיות מזרח
רובוביץ אלכסנדר 4,תלפיות מזרח
רובוביץ אלכסנדר 5,תלפיות מזרח
רובוביץ אלכסנדר 7,תלפיות מזרח
רובוביץ אלכסנדר 9,תלפיות מזרח
רוזאניס 10,המושבה הגרמנית
רוזאניס 4,המושבה הגרמנית
רוזאניס 5,המושבה הגרמנית
רוזאניס 6,המושבה הגרמנית
רוזאניס 8,המושבה הגרמנית
רוזן פנחס 2,רמת שרת
רוזן פנחס 4,רמת שרת
רוזן פנחס 5,רמת שרת
רוזן פנחס 6,רמת שרת
רוזן פנחס 7,רמת שרת
רוזנבלט 10,רמות
רוזנבלט 11,רמות
רוזנבלט 13,רמות
רוזנבלט 15,רמות
רוזנבלט 16,רמות
רוזנבלט 17,רמות
רוזנבלט 2,רמות
רוזנבלט 3,רמות
רוזנבלט 4,רמות
רוזנבלט 5,רמות
רוזנבלט 6,רמות
רוזנבלט 7,רמות
רוזנבלט 8,רמות
רוזנבלט 9,רמות
רוטנברג 3,טלביה
רוטנברג 4,טלביה
רוטנברג 5,טלביה
רוטנברג 7,טלביה
רוטנברג 9,טלביה
רועה צאן 2,ממילא
רועה צאן 3,ממילא
רועה צאן 5,ממילא
רועה צאן 7,ממילא
רוקח שמעון 11,בית ישראל
רוקח שמעון 13,בית ישראל
רוקח שמעון 15,בית ישראל
רוקח שמעון 17,בית ישראל
רוקח שמעון 19,בית ישראל
רוקח שמעון 21,בית ישראל
רוקח שמעון 23,בית ישראל
רוקח שמעון 25,בית ישראל
רוקח שמעון 27,בית ישראל
רוקח שמעון 29,בית ישראל
רוקח שמעון 33,בית ישראל
רוקח שמעון 35,בית ישראל
רוקח שמעון 37,בית ישראל
רוקח שמעון 39,בית ישראל
רוקח שמעון 41,בית ישראל
רוקח שמעון 43,בית ישראל
רוקח שמעון 7,בית ישראל
רוקח שמעון 9,בית ישראל
רות 1,המושבה הגרמנית
רות 11,המושבה הגרמנית
רות 3,המושבה הגרמנית
רות 4,המושבה הגרמנית
רות 8,המושבה הגרמנית
רז יעקב 1,תלפיות מזרח
רז יעקב 10,תלפיות מזרח
רז יעקב 11,תלפיות מזרח
רז יעקב 13,תלפיות מזרח
רז יעקב 15,תלפיות מזרח
רז יעקב 17,תלפיות מזרח
רז יעקב 18,תלפיות מזרח
רז יעקב 19,תלפיות מזרח
רז יעקב 3,תלפיות מזרח
רז יעקב 5,תלפיות מזרח
רז יעקב 8,תלפיות מזרח
רז יעקב 9,תלפיות מזרח
רזיאל דוד 28,תלפיות מזרח
רזיאל דוד 30,תלפיות מזרח
רזיאל דוד 32,תלפיות מזרח
רזיאל דוד 34,תלפיות מזרח
רזיאל דוד 528,תלפיות מזרח
רזיאל דוד 529,תלפיות מזרח
רזיאל נאור אסתר 4,הר חומה
רזיאל נאור אסתר 6,הר חומה
רחובות הבוכרים 1,בוכרים
רחובות הבוכרים 23,בוכרים
רחובות הבוכרים 25,בוכרים
רחובות הבוכרים 27,בוכרים
רחובות הבוכרים 29,בוכרים
רחובות הבוכרים 30,בוכרים
רחובות הבוכרים 31,בוכרים
רחובות הבוכרים 39,בוכרים
רחובות הבוכרים 43,בוכרים
רחל אמנו 11,המושבה הגרמנית
רחל אמנו 15,המושבה הגרמנית
רחל אמנו 17,המושבה הגרמנית
רחל אמנו 22,קטמון
רחל אמנו 25,קטמון
רחל אמנו 26,קטמון
רחל אמנו 29,קטמון
רחל אמנו 33,קטמון
רחל אמנו 34,קטמון
רחל אמנו 35,קטמון
רחל אמנו 36,קטמון
רחל אמנו 38,קטמון
רחל אמנו 39,קטמון
רחל אמנו 4,המושבה הגרמנית
רחל אמנו 40,קטמון
רחל אמנו 41,קטמון
רחל אמנו 43,קטמון
רחל אמנו 44,קטמון
רחל אמנו 45,קטמון
רחל אמנו 46,קטמון
רחל אמנו 47,קטמון
רחל אמנו 48,קטמון
רחל אמנו 49,קטמון
רחל אמנו 50,קטמון
רחל אמנו 7,המושבה הגרמנית
רחל אמנו 8,המושבה הגרמנית
רחל אמנו 9,המושבה הגרמנית
רחמילביץ משה 10,פסגת זאב
רחמילביץ משה 100,פסגת זאב
רחמילביץ משה 101,פסגת זאב
רחמילביץ משה 102,פסגת זאב
רחמילביץ משה 103,פסגת זאב
רחמילביץ משה 105,פסגת זאב
רחמילביץ משה 107,פסגת זאב
רחמילביץ משה 108,פסגת זאב
רחמילביץ משה 109,פסגת זאב
רחמילביץ משה 110,פסגת זאב
רחמילביץ משה 112,פסגת זאב
רחמילביץ משה 114,פסגת זאב
רחמילביץ משה 12,פסגת זאב
רחמילביץ משה 120,פסגת זאב
רחמילביץ משה 122,פסגת זאב
רחמילביץ משה 124,פסגת זאב
רחמילביץ משה 125,פסגת זאב
רחמילביץ משה 126,פסגת זאב
רחמילביץ משה 127,פסגת זאב
רחמילביץ משה 128,פסגת זאב
רחמילביץ משה 129,פסגת זאב
רחמילביץ משה 131,פסגת זאב
רחמילביץ משה 133,פסגת זאב
רחמילביץ משה 135,פסגת זאב
רחמילביץ משה 137,פסגת זאב
רחמילביץ משה 138,פסגת זאב
רחמילביץ משה 139,פסגת זאב
רחמילביץ משה 140,פסגת זאב
רחמילביץ משה 141,פסגת זאב
רחמילביץ משה 142,פסגת זאב
רחמילביץ משה 143,פסגת זאב
רחמילביץ משה 144,פסגת זאב
רחמילביץ משה 145,פסגת זאב
רחמילביץ משה 146,פסגת זאב
רחמילביץ משה 147,פסגת זאב
רחמילביץ משה 148,פסגת זאב
רחמילביץ משה 149,פסגת זאב
רחמילביץ משה 150,פסגת זאב
רחמילביץ משה 151,פסגת זאב
רחמילביץ משה 152,פסגת זאב
רחמילביץ משה 153,פסגת זאב
רחמילביץ משה 154,פסגת זאב
רחמילביץ משה 155,פסגת זאב
רחמילביץ משה 156,פסגת זאב
רחמילביץ משה 157,פסגת זאב
רחמילביץ משה 159,פסגת זאב
רחמילביץ משה 16,פסגת זאב
רחמילביץ משה 160,פסגת זאב
רחמילביץ משה 161,פסגת זאב
רחמילביץ משה 162,פסגת זאב
רחמילביץ משה 163,פסגת זאב
רחמילביץ משה 165,פסגת זאב
רחמילביץ משה 166,פסגת זאב
רחמילביץ משה 167,פסגת זאב
רחמילביץ משה 168,פסגת זאב
רחמילביץ משה 169,פסגת זאב
רחמילביץ משה 170,פסגת זאב
רחמילביץ משה 171,פסגת זאב
רחמילביץ משה 172,פסגת זאב
רחמילביץ משה 173,פסגת זאב
רחמילביץ משה 175,פסגת זאב
רחמילביץ משה 177,פסגת זאב
רחמילביץ משה 179,פסגת זאב
רחמילביץ משה 18,פסגת זאב
רחמילביץ משה 181,פסגת זאב
רחמילביץ משה 183,פסגת זאב
רחמילביץ משה 185,פסגת זאב
רחמילביץ משה 187,פסגת זאב
רחמילביץ משה 20,פסגת זאב
רחמילביץ משה 22,פסגת זאב
רחמילביץ משה 24,פסגת זאב
רחמילביץ משה 26,פסגת זאב
רחמילביץ משה 28,פסגת זאב
רחמילביץ משה 34,פסגת זאב
רחמילביץ משה 36,פסגת זאב
רחמילביץ משה 38,פסגת זאב
רחמילביץ משה 4,פסגת זאב
רחמילביץ משה 40,פסגת זאב
רחמילביץ משה 42,פסגת זאב
רחמילביץ משה 44,פסגת זאב
רחמילביץ משה 46,פסגת זאב
רחמילביץ משה 48,פסגת זאב
רחמילביץ משה 50,פסגת זאב
רחמילביץ משה 52,פסגת זאב
רחמילביץ משה 56,פסגת זאב
רחמילביץ משה 58,פסגת זאב
רחמילביץ משה 6,פסגת זאב
רחמילביץ משה 60,פסגת זאב
רחמילביץ משה 62,פסגת זאב
רחמילביץ משה 64,פסגת זאב
רחמילביץ משה 66,פסגת זאב
רחמילביץ משה 68,פסגת זאב
רחמילביץ משה 70,פסגת זאב
רחמילביץ משה 72,פסגת זאב
רחמילביץ משה 74,פסגת זאב
רחמילביץ משה 76,פסגת זאב
רחמילביץ משה 78,פסגת זאב
רחמילביץ משה 8,פסגת זאב
רחמילביץ משה 82,פסגת זאב
רחמילביץ משה 84,פסגת זאב
רחמילביץ משה 86,פסגת זאב
רחמילביץ משה 88,פסגת זאב
רחמילביץ משה 93,פסגת זאב
רחמילביץ משה 94,פסגת זאב
רחמילביץ משה 95,פסגת זאב
רחמילביץ משה 96,פסגת זאב
רחמילביץ משה 97,פסגת זאב
רחמילביץ משה 98,פסגת זאב
רחמילביץ משה 99,פסגת זאב
ריבלין יוסף 10,מרכז העיר
ריבלין יוסף 12,מרכז העיר
ריבלין יוסף 14,מרכז העיר
רייכמן 1,בית ישראל
רייכמן 10,בית ישראל
רייכמן 11,בית ישראל
רייכמן 12,בית ישראל
רייכמן 14,בית ישראל
רייכמן 16,בית ישראל
רייכמן 18,בית ישראל
רייכמן 19,בית ישראל
רייכמן 20,בית ישראל
רייכמן 21,בית ישראל
רייכמן 22,בית ישראל
רייכמן 23,בית ישראל
רייכמן 25,בית ישראל
רייכמן 27,בית ישראל
רייכמן 3,בית ישראל
רייכמן 33,בית ישראל
רייכמן 35,בית ישראל
רייכמן 4,בית ישראל
רייכמן 43,בית ישראל
רייכמן 45,בית ישראל
רייכמן 46,בית ישראל
רייכמן 48,בית ישראל
רייכמן 5,בית ישראל
רייכמן 7,בית ישראל
רייכמן 8,בית ישראל
רייק חביבה 5,טלביה
ריש לקיש 10,קטמון
ריש לקיש 12,קטמון
ריש לקיש 4,קטמון
ריש לקיש 5,קטמון
ריש לקיש 7,קטמון
רלבח 12,גאולה
רלבח 7,גאולה
רלבח 8,גאולה
רלבח 9,גאולה
רמבה אייזיק 601,תלפיות מזרח
רמבה אייזיק 602,תלפיות מזרח
רמבה אייזיק 603,תלפיות מזרח
רמבן 10,רחביה
רמבן 13,רחביה
רמבן 14,רחביה
רמבן 16,רחביה
רמבן 17,רחביה
רמבן 30,רחביה
רמבן 33,רחביה
רמבן 35,רחביה
רמבן 36,רחביה
רמבן 37,רחביה
רמבן 38,רחביה
רמבן 40,רחביה
רמבן 41,רחביה
רמבן 43,רחביה
רמבן 44,רחביה
רמבן 45,רחביה
רמבן 46,רחביה
רמבן 47,רחביה
רמבן 51,רחביה
רמבן 53,רחביה
רמבן 55,רחביה
רמבן 59,רחביה
רמבן 61,רחביה
רמבן 7,רחביה
רמבן 9,רחביה
רמדאן 1,בית חנינא
רמדאן 15,בית חנינא
רמדאן 24,בית חנינא
רמדאן 3,בית חנינא
רמדאן 4,בית חנינא
רמדאן 6,בית חנינא
רמדאן 7,בית חנינא
רמדאן 8,בית חנינא
רמדאן 9999,בית חנינא
רמדאן סמ1 11,בית חנינא
רמדאן סמ1 12,בית חנינא
רמדאן סמ1 13,בית חנינא
רמדאן סמ1 14,בית חנינא
רמדאן סמ1 6,בית חנינא
רמדאן סמ1 8,בית חנינא
רמדאן סמ1 9999,בית חנינא
רמה 1,נחלאות
רמה 10,נחלאות
רמה 11,נחלאות
רמה 12,נחלאות
רמה 14,נחלאות
רמה 16,נחלאות
רמה 17,נחלאות
רמה 18,נחלאות
רמה 2,נחלאות
רמה 23,נחלאות
רמה 25,נחלאות
רמה 27,נחלאות
רמה 29,נחלאות
רמה 3,נחלאות
רמה 31,נחלאות
רמה 33,נחלאות
רמה 35,נחלאות
רמה 37,נחלאות
רמה 5,נחלאות
רמה 7,נחלאות
רמה 8,נחלאות
רמה 9,נחלאות
רמון יוסף צבי 61,בית הכרם
רמון יוסף צבי 62,בית הכרם
רמון יוסף צבי 63,בית הכרם
רמון יוסף צבי 64,בית הכרם
רמון יוסף צבי 66,בית הכרם
רמות אלון 101,רמות
רמות אלון 102,רמות
רמות אלון 103,רמות
רמות אלון 105,רמות
רמות אלון 107,רמות
רמות אלון 108,רמות
רמות אלון 110,רמות
רמות אלון 124,רמות
רמות אלון 127,רמות
רמות אלון 129,רמות
רמות אלון 130,רמות
רמות אלון 134,רמות
רמות אלון 135,רמות
רמות אלון 136,רמות
רמות אלון 157,רמות
רמות אלון 158,רמות
רמות אלון 159,רמות
רמות אלון 326,רמות
רמות אלון 331,רמות
רמות אלון 4,רמות
רמות אלון 428,רמות
רמות אלון 5,רמות
רמות אלון 601,רמות
רמות אלון 603,רמות
רמות אלון 604,רמות
רמות אלון 605,רמות
רמות אלון 607,רמות
רמות אלון 608,רמות
רמות אלון 609,רמות
רמות אלון 611,רמות
רמות אלון 612,רמות
רמות אלון 614,רמות
רמות אלון 615,רמות
רמות אלון 619,רמות
רמות אלון 620,רמות
רמות אלון 622,רמות
רמות אלון 623,רמות
רמות אלון 624,רמות
רמות אלון 64,רמות
רמות אלון 65,רמות
רמות אלון 71,רמות
רמות אלון 75,רמות
רמות אלון 8,רמות
רמות אלון 805,רמות
רמות אלון 806,רמות
רמות אלון 82,רמות
רמות אלון 83,רמות
רמות אלון 84,רמות
רמות אלון 85,רמות
רמות אלון 93,רמות
רמות פולין 51,רמות
רמות פולין 62,רמות
רמות פולין 63,רמות
רמות פולין 64,רמות
רמות פולין 65,רמות
רמות פולין 71,רמות
רמות פולין 72,רמות
רמת הגולן 1,רמת אשכול
רמת הגולן 11,רמת אשכול
רמת הגולן 12,רמת אשכול
רמת הגולן 13,רמת אשכול
רמת הגולן 14,רמת אשכול
רמת הגולן 15,רמת אשכול
רמת הגולן 16,רמת אשכול
רמת הגולן 19,רמת אשכול
רמת הגולן 2,רמת אשכול
רמת הגולן 20,רמת אשכול
רמת הגולן 22,רמת אשכול
רמת הגולן 23,רמת אשכול
רמת הגולן 24,רמת אשכול
רמת הגולן 25,רמת אשכול
רמת הגולן 28,רמת אשכול
רמת הגולן 30,רמת אשכול
רמת הגולן 31,רמת אשכול
רמת הגולן 33,רמת אשכול
רמת הגולן 34,רמת אשכול
רמת הגולן 35,רמת אשכול
רמת הגולן 36,רמת אשכול
רמת הגולן 37,רמת אשכול
רמת הגולן 38,רמת אשכול
רמת הגולן 39,רמת אשכול
רמת הגולן 4,רמת אשכול
רמת הגולן 40,רמת אשכול
רמת הגולן 41,רמת אשכול
רמת הגולן 42,רמת אשכול
רמת הגולן 43,רמת אשכול
רמת הגולן 44,רמת אשכול
רמת הגולן 45,רמת אשכול
רמת הגולן 46,רמת אשכול
רמת הגולן 47,רמת אשכול
רמת הגולן 48,רמת אשכול
רמת הגולן 49,רמת אשכול
רמת הגולן 51,רמת אשכול
רמת הגולן 53,רמת אשכול
רמת הגולן 55,רמת אשכול
רמת הגולן 57,רמת אשכול
רמת הגולן 59,רמת אשכול
רמת הגולן 6,רמת אשכול
רמת הגולן 63,רמת אשכול
רמת הגולן 7,רמת אשכול
רמת הגולן 9,רמת אשכול
רמת מוצא 1,רמת מוצא
רמת מוצא 17,רמת מוצא
רמת מוצא 20,רמת מוצא
רמת מוצא 3,רמת מוצא
רמת מוצא 5,רמת מוצא
רמת מוצא 6,רמת מוצא
רמת מוצא 8,רמת מוצא
רמת שלמה 10,רמת שלמה
רמת שרת 26,רמת שרת
רפאל יצחק 10,הר חומה
רפאל יצחק 12,הר חומה
רפאל יצחק 14,הר חומה
רפאל יצחק 16,הר חומה
רפאל יצחק 18,הר חומה
רפאל יצחק 4,הר חומה
רפאל יצחק 6,הר חומה
רפאל יצחק 8,הר חומה
רפאלי 1,נחלאות
רפאלי 10,נחלאות
רפאלי 4,נחלאות
רפאלי 5,נחלאות
רפאלי 6,נחלאות
רפאלי 8,נחלאות
רפפורט 10,בית ישראל
רפפורט 13,בית ישראל
רפפורט 15,בית ישראל
רפפורט 16,בית ישראל
רפפורט 17,בית ישראל
רפפורט 19,בית ישראל
רפפורט 2,בית ישראל
רפפורט 20,בית ישראל
רפפורט 21,בית ישראל
רפפורט 24,בית ישראל
רפפורט 25,בית ישראל
רפפורט 28,בית ישראל
רפפורט 29,בית ישראל
רפפורט 30,בית ישראל
רפפורט 31,בית ישראל
רפפורט 32,בית ישראל
רפפורט 33,בית ישראל
רפפורט 35,בית ישראל
רפפורט 36,בית ישראל
רפפורט 38,בית ישראל
רפפורט 4,בית ישראל
רפפורט 40,בית ישראל
רפפורט 42,בית ישראל
רפפורט 44,בית ישראל
רפפורט 5,בית ישראל
רצאבי 10,בוכרים
רצאבי 3,בוכרים
רצאבי 5,בוכרים
רצאבי 7,בוכרים
רקם 1,מלחה
רקם 11,מלחה
רקם 13,מלחה
רקם 15,מלחה
רקם 17,מלחה
רקם 24,מלחה
רקם 29,מלחה
רקם 3,מלחה
רקם 31,מלחה
רקם 4,מלחה
רקם 41,מלחה
רקם 5,מלחה
רקם 8,מלחה
רקם 9,מלחה
רקנטי אברהם 345,רמות
רשבא 10,רחביה
רשבא 11,רחביה
רשבא 12,רחביה
רשבא 13,רחביה
רשבא 16,רחביה
רשבא 17,רחביה
רשבא 18,רחביה
רשבא 20,רחביה
רשבא 21,רחביה
רשבא 22,רחביה
רשבא 24,רחביה
רשבא 26,רחביה
רשבא 28,רחביה
רשבא 3,רחביה
רשבא 4,רחביה
רשבא 6,רחביה
רשבא 7,רחביה
רשבא 8,רחביה
רשבג 1,קטמון
רשבג 11,קטמון
רשבג 13,קטמון
רשבג 14,קטמון
רשבג 15,קטמון
רשבג 16,קטמון
רשבג 17,קטמון
רשבג 18,קטמון
רשבג 19,קטמון
רשבג 2,קטמון
רשבג 21,קטמון
רשבג 23,קטמון
רשבג 24,קטמון
רשבג 25,קטמון
רשבג 26,קטמון
רשבג 27,קטמון
רשבג 28,קטמון
רשבג 29,קטמון
רשבג 3,קטמון
רשבג 32,קטמון
רשבג 33,קטמון
רשבג 34,קטמון
רשבג 35,קטמון
רשבג 36,קטמון
רשבג 37,קטמון
רשבג 38,קטמון
רשבג 4,קטמון
רשבג 40,קטמון
רשבג 42,קטמון
רשבג 44,קטמון
רשבג 46,קטמון
רשבג 48,קטמון
רשבג 49,קטמון
רשבג 5,קטמון
רשבג 50,קטמון
רשבג 51,קטמון
רשבג 52,קטמון
רשבג 53,קטמון
רשבג 56,קטמון
רשבג 57,קטמון
רשבג 59,קטמון
רשבג 6,קטמון
רשבג 61,קטמון
רשבג 63,קטמון
רשבג 65,קטמון
רשבג 67,קטמון
רשבג 8,קטמון
רשבג 9,קטמון
רשבג 999,קטמון
רשבם 1,מקור ברוך
רשבם 10,מקור ברוך
רשבם 11,מקור ברוך
רשבם 12,מקור ברוך
רשבם 13,מקור ברוך
רשבם 14,מקור ברוך
רשבם 15,מקור ברוך
רשבם 16,מקור ברוך
רשבם 17,מקור ברוך
רשבם 18,מקור ברוך
רשבם 19,מקור ברוך
רשבם 20,מקור ברוך
רשבם 21,מקור ברוך
רשבם 23,מקור ברוך
רשבם 3,מקור ברוך
רשבם 4,מקור ברוך
רשבם 5,מקור ברוך
רשבם 6,מקור ברוך
רשבם 7,מקור ברוך
רשי 10,מקור ברוך
רשי 111,גאולה
רשי 115,גאולה
רשי 117,גאולה
רשי 119,גאולה
רשי 12,מקור ברוך
רשי 14,מקור ברוך
רשי 16,מקור ברוך
רשי 18,מקור ברוך
רשי 20,מקור ברוך
רשי 22,מקור ברוך
רשי 30,מקור ברוך
רשי 32,מקור ברוך
רשי 34,מקור ברוך
רשי 35,מקור ברוך
רשי 36,מקור ברוך
רשי 37,מקור ברוך
רשי 38,מקור ברוך
רשי 4,מקור ברוך
רשי 41,מקור ברוך
רשי 43,מקור ברוך
רשי 45,מקור ברוך
רשי 47,מקור ברוך
רשי 49,מקור ברוך
רשי 52,מקור ברוך
רשי 53,מקור ברוך
רשי 54,מקור ברוך
רשי 57,מקור ברוך
רשי 6,מקור ברוך
רשי 61,מקור ברוך
רשי 63,מקור ברוך
רשי 64,מקור ברוך
רשי 65,מקור ברוך
רשי 69,מקור ברוך
רשי 70,מקור ברוך
רשי 72,מקור ברוך
רשי 73,מקור ברוך
רשי 74,מקור ברוך
רשי 76,מקור ברוך
רשי 78,מקור ברוך
רשי 8,מקור ברוך
רשי 81,מקור ברוך
רשי 85,מקור ברוך
רשי 87,מקור ברוך
רשי 89,מקור ברוך
רשי 91,מקור ברוך
רשי 97,מקור ברוך
ש הריאל 10,בית הכרם
ש הריאל 13,בית הכרם
ש הריאל 2,בית הכרם
ש הריאל 3,בית הכרם
ש הריאל 4,בית הכרם
ש הריאל 6,בית הכרם
ש הריאל 7,בית הכרם
ש הריאל 8,בית הכרם
ש הריאל 9,בית הכרם
ש חבד 78,רוממה
ש נוה יעקב 108,נווה יעקב
ש נוה יעקב 110,נווה יעקב
ש נוה יעקב 1118,נווה יעקב
ש נוה יעקב 116,נווה יעקב
ש נוה יעקב 117,נווה יעקב
ש נוה יעקב 118,נווה יעקב
ש נוה יעקב 119,נווה יעקב
ש נוה יעקב 120,נווה יעקב
ש נוה יעקב 123,נווה יעקב
ש נוה יעקב 20,נווה יעקב
ש נוה יעקב 23,נווה יעקב
ש נוה יעקב 28,נווה יעקב
ש נוה יעקב 306,נווה יעקב
ש נוה יעקב 32,נווה יעקב
ש נוה יעקב 40,נווה יעקב
ש נוה יעקב 402,נווה יעקב
ש נוה יעקב 405,נווה יעקב
ש נוה יעקב 407,נווה יעקב
ש נוה יעקב 408,נווה יעקב
ש נוה יעקב 409,נווה יעקב
ש נוה יעקב 410,נווה יעקב
ש נוה יעקב 413,נווה יעקב
ש נוה יעקב 419,נווה יעקב
ש נוה יעקב 420,נווה יעקב
ש נוה יעקב 422,נווה יעקב
ש נוה יעקב 46,נווה יעקב
ש נוה יעקב 509,נווה יעקב
ש נוה יעקב 530,נווה יעקב
ש נוה יעקב 57,נווה יעקב
ש נוה יעקב 705,נווה יעקב
ש נוה יעקב 8,נווה יעקב
ש נוה שאנן 10,ניות
ש נוה שאנן 11,ניות
ש נוה שאנן 12,ניות
ש נוה שאנן 13,ניות
ש נוה שאנן 14,ניות
ש נוה שאנן 15,ניות
ש נוה שאנן 16,ניות
ש נוה שאנן 19,ניות
ש נוה שאנן 2,ניות
ש נוה שאנן 20,ניות
ש נוה שאנן 21,ניות
ש נוה שאנן 23,ניות
ש נוה שאנן 25,ניות
ש נוה שאנן 27,ניות
ש נוה שאנן 29,ניות
ש נוה שאנן 4,ניות
ש נוה שאנן 6,ניות
ש נוה שאנן 7,ניות
ש נוה שאנן 8,ניות
ש נוה שאנן 9,ניות
ש עממי אורגו 14,קרית היובל
ש עממי אורגו 16,קרית היובל
ש עממי אורגו 17,קרית היובל
ש עממי אורגו 18,קרית היובל
ש עממי אורגו 19,קרית היובל
ש עממי אורגו 20,קרית היובל
ש עממי אורגו 21,קרית היובל
ש עממי אורגו 22,קרית היובל
ש עממי אורגו 23,קרית היובל
ש עממי אורגו 24,קרית היובל
ש עממי אורגו 25,קרית היובל
ש עממי אורגו 26,קרית היובל
ש עממי אורגו 28,קרית היובל
ש עממי אורגו 30,קרית היובל
ש עממי אורגו 32,קרית היובל
ש עממי אורגו 46,קרית היובל
ש עממי אורגו 50,קרית היובל
ש פת 10,גוננים
ש פת 11,גוננים
ש פת 19,גוננים
ש פת 2,גוננים
ש פת 22,גוננים
ש פת 23,גוננים
ש פת 24,גוננים
ש פת 25,גוננים
ש פת 26,גוננים
ש פת 27,גוננים
ש פת 3,גוננים
ש רמת דניה 5,רמת שרת
ש רמת מוצא 10,רמת מוצא
ש רמת מוצא 15,רמת מוצא
ש רמת מוצא 19,רמת מוצא
ש רמת מוצא 20,רמת מוצא
ש רמת מוצא 21,רמת מוצא
ש רמת מוצא 27,רמת מוצא
ש רמת מוצא 28,רמת מוצא
ש רמת מוצא 3,רמת מוצא
ש רמת מוצא 30,רמת מוצא
ש רמת מוצא 33,רמת מוצא
ש רמת מוצא 34,רמת מוצא
ש רמת מוצא 4,רמת מוצא
ש רמת מוצא 5,רמת מוצא
ש רמת מוצא 56,רמת מוצא
ש רמת מוצא 62,רמת מוצא
ש רמת מוצא 7,רמת מוצא
ש רמת מוצא 8,רמת מוצא
ש רמת מוצא 9999,רמת מוצא
ש שמואל הנביא 106,בית ישראל
שאדיקר נחום 11,נווה יעקב
שאדיקר נחום 12,נווה יעקב
שאדיקר נחום 2,נווה יעקב
שאדיקר נחום 3,נווה יעקב
שאדיקר נחום 4,נווה יעקב
שאדיקר נחום 5,נווה יעקב
שאדיקר נחום 7,נווה יעקב
שאדיקר נחום 8,נווה יעקב
שאדיקר נחום 9,נווה יעקב
שאול המלך 12,סנהדריה
שאול המלך 15,סנהדריה
שאול המלך 16,סנהדריה
שאול המלך 18,סנהדריה
שאול המלך 20,סנהדריה
שאול המלך 22,סנהדריה
שאול המלך 23,סנהדריה
שאול המלך 24,סנהדריה
שאול המלך 27,סנהדריה
שאול המלך 28,סנהדריה
שאול המלך 30,סנהדריה
שאול המלך 31,סנהדריה
שאול המלך 33,סנהדריה
שאול המלך 34,סנהדריה
שאול המלך 36,סנהדריה
שאול המלך 37,סנהדריה
שאול המלך 38,סנהדריה
שאול המלך 39,סנהדריה
שאול המלך 43,סנהדריה
שאול המלך 45,סנהדריה
שאול המלך 47,סנהדריה
שאול המלך 49,סנהדריה
שאול המלך 57,סנהדריה
שאול המלך 6,סנהדריה
שאול המלך 63,סנהדריה
שאול המלך 999,סנהדריה
שאול ליברמן 11,פסגת זאב
שאול ליברמן 13,פסגת זאב
שאול ליברמן 3,פסגת זאב
שאול ליברמן 5,פסגת זאב
שאול ליברמן 9,פסגת זאב
שאר ישוב 1,רמות
שאר ישוב 10,רמות
שאר ישוב 11,רמות
שאר ישוב 12,רמות
שאר ישוב 13,רמות
שאר ישוב 15,רמות
שאר ישוב 16,רמות
שאר ישוב 17,רמות
שאר ישוב 18,רמות
שאר ישוב 19,רמות
שאר ישוב 2,רמות
שאר ישוב 20,רמות
שאר ישוב 21,רמות
שאר ישוב 22,רמות
שאר ישוב 23,רמות
שאר ישוב 24,רמות
שאר ישוב 25,רמות
שאר ישוב 26,רמות
שאר ישוב 27,רמות
שאר ישוב 28,רמות
שאר ישוב 29,רמות
שאר ישוב 3,רמות
שאר ישוב 30,רמות
שאר ישוב 32,רמות
שאר ישוב 34,רמות
שאר ישוב 36,רמות
שאר ישוב 38,רמות
שאר ישוב 4,רמות
שאר ישוב 5,רמות
שאר ישוב 6,רמות
שאר ישוב 7,רמות
שאר ישוב 8,רמות
שאר ישוב 9,רמות
שבו 1,גילה
שבו 10,גילה
שבו 12,גילה
שבו 2,גילה
שבו 3,גילה
שבו 4,גילה
שבו 6,גילה
שבו 7,גילה
שבות 1,הרובע היהודי
שבות 2,הרובע היהודי
שבות 3,הרובע היהודי
שבות 6,הרובע היהודי
שבות 7,הרובע היהודי
שבזי 1,נחלאות
שבזי 10,נחלאות
שבזי 11,נחלאות
שבזי 12,נחלאות
שבזי 13,נחלאות
שבזי 14,נחלאות
שבזי 15,נחלאות
שבזי 16,נחלאות
שבזי 17,נחלאות
שבזי 19,נחלאות
שבזי 20,נחלאות
שבזי 21,נחלאות
שבזי 22,נחלאות
שבזי 23,נחלאות
שבזי 25,נחלאות
שבזי 26,נחלאות
שבזי 27,נחלאות
שבזי 29,נחלאות
שבזי 3,נחלאות
שבזי 30,נחלאות
שבזי 33,נחלאות
שבזי 34,נחלאות
שבזי 39,נחלאות
שבזי 4,נחלאות
שבזי 41,נחלאות
שבזי 43,נחלאות
שבזי 45,נחלאות
שבזי 47,נחלאות
שבזי 49,נחלאות
שבזי 5,נחלאות
שבזי 51,נחלאות
שבזי 53,נחלאות
שבזי 6,נחלאות
שבזי 7,נחלאות
שבזי 8,נחלאות
שבטי ישראל 15,מוסררה
שבטי ישראל 16,מוסררה
שבטי ישראל 23,מוסררה
שבטי ישראל 42,מוסררה
שבטי ישראל 47,מוסררה
שבטי ישראל 54,מוסררה
שביל החומה 1,עין כרם
שביל החומה 12,עין כרם
שביל החומה 14,עין כרם
שביל החומה 22,עין כרם
שביל הצופית 12,עין כרם
שביל הצופית 3,עין כרם
שביל הצופית 5,עין כרם
שביל הצופית 6,עין כרם
שביל הצוקים 11,עין כרם
שביל השיבולים 2,עין כרם
שביל השיבולים 3,עין כרם
שביל השיבולים 5,עין כרם
שבת צדק 10,נחלאות
שבת צדק 11,נחלאות
שבת צדק 12,נחלאות
שבת צדק 13,נחלאות
שבת צדק 14,נחלאות
שבת צדק 15,נחלאות
שבת צדק 16,נחלאות
שבת צדק 17,נחלאות
שבת צדק 18,נחלאות
שבת צדק 19,נחלאות
שבת צדק 2,נחלאות
שבת צדק 20,נחלאות
שבת צדק 21,נחלאות
שבת צדק 22,נחלאות
שבת צדק 24,נחלאות
שבת צדק 3,נחלאות
שבת צדק 4,נחלאות
שבת צדק 5,נחלאות
שבת צדק 6,נחלאות
שבת צדק 7,נחלאות
שבת צדק 8,נחלאות
שבת צדק 9,נחלאות
שג'רת אל דור 11,בית חנינא
שג'רת אל דור 15,בית חנינא
שג'רת אל דור 7,בית חנינא
שג'רת אל דור 9,בית חנינא
שד בן מימון 11,רחביה
שד בן מימון 12,רחביה
שד בן מימון 15,רחביה
שד בן מימון 16,רחביה
שד בן מימון 17,רחביה
שד בן מימון 18,רחביה
שד בן מימון 19,רחביה
שד בן מימון 22,רחביה
שד בן מימון 24,רחביה
שד בן מימון 25,רחביה
שד בן מימון 27,רחביה
שד בן מימון 28,רחביה
שד בן מימון 29,רחביה
שד בן מימון 30,רחביה
שד בן מימון 31,רחביה
שד בן מימון 32,רחביה
שד בן מימון 33,רחביה
שד בן מימון 36,רחביה
שד בן מימון 37,רחביה
שד בן מימון 38,רחביה
שד בן מימון 39,רחביה
שד בן מימון 40,רחביה
שד בן מימון 48,רחביה
שד בן מימון 50,רחביה
שד בן מימון 52,רחביה
שד בן מימון 54,רחביה
שד בן מימון 56,רחביה
שד בן מימון 58,רחביה
שד בן מימון 6,רחביה
שד בן מימון 60,רחביה
שד בן מימון 7,רחביה
שד בן מימון 8,רחביה
שד בן מימון 9,רחביה
שד בן צבי יצחק 13,נחלאות
שד בן צבי יצחק 15,נחלאות
שד בן צבי יצחק 17,נחלאות
שד בן צבי יצחק 19,נחלאות
שד בן צבי יצחק 23,נחלאות
שד בן צבי יצחק 27,נחלאות
שד בן צבי יצחק 29,נחלאות
שד בן צבי יצחק 39,נחלאות
שד גבעת משה 13,רוממה
שד גבעת משה 2,רוממה
שד גבעת משה 6,רוממה
שד גבעת משה 7,רוממה
שד דב יוסף 12,גילה
שד דיין משה 101,פסגת זאב
שד דיין משה 11,פסגת זאב
שד דיין משה 115,פסגת זאב
שד דיין משה 117,פסגת זאב
שד דיין משה 119,פסגת זאב
שד דיין משה 12,פסגת זאב
שד דיין משה 121,פסגת זאב
שד דיין משה 123,פסגת זאב
שד דיין משה 125,פסגת זאב
שד דיין משה 127,פסגת זאב
שד דיין משה 129,פסגת זאב
שד דיין משה 13,פסגת זאב
שד דיין משה 14,פסגת זאב
שד דיין משה 141,פסגת זאב
שד דיין משה 145,פסגת זאב
שד דיין משה 147,פסגת זאב
שד דיין משה 149,פסגת זאב
שד דיין משה 15,פסגת זאב
שד דיין משה 151,פסגת זאב
שד דיין משה 153,פסגת זאב
שד דיין משה 157,פסגת זאב
שד דיין משה 16,פסגת זאב
שד דיין משה 170,פסגת זאב
שד דיין משה 18,פסגת זאב
שד דיין משה 19,פסגת זאב
שד דיין משה 2,פסגת זאב
שד דיין משה 21,פסגת זאב
שד דיין משה 22,פסגת זאב
שד דיין משה 23,פסגת זאב
שד דיין משה 24,פסגת זאב
שד דיין משה 25,פסגת זאב
שד דיין משה 26,פסגת זאב
שד דיין משה 27,פסגת זאב
שד דיין משה 28,פסגת זאב
שד דיין משה 29,פסגת זאב
שד דיין משה 31,פסגת זאב
שד דיין משה 41,פסגת זאב
שד דיין משה 43,פסגת זאב
שד דיין משה 45,פסגת זאב
שד דיין משה 47,פסגת זאב
שד דיין משה 49,פסגת זאב
שד דיין משה 5,פסגת זאב
שד דיין משה 51,פסגת זאב
שד דיין משה 53,פסגת זאב
שד דיין משה 54,פסגת זאב
שד דיין משה 55,פסגת זאב
שד דיין משה 56,פסגת זאב
שד דיין משה 57,פסגת זאב
שד דיין משה 58,פסגת זאב
שד דיין משה 59,פסגת זאב
שד דיין משה 6,פסגת זאב
שד דיין משה 60,פסגת זאב
שד דיין משה 62,פסגת זאב
שד דיין משה 63,פסגת זאב
שד דיין משה 64,פסגת זאב
שד דיין משה 65,פסגת זאב
שד דיין משה 68,פסגת זאב
שד דיין משה 70,פסגת זאב
שד דיין משה 73,פסגת זאב
שד דיין משה 75,פסגת זאב
שד דיין משה 77,פסגת זאב
שד דיין משה 78,פסגת זאב
שד דיין משה 79,פסגת זאב
שד דיין משה 8,פסגת זאב
שד דיין משה 80,פסגת זאב
שד דיין משה 82,פסגת זאב
שד דיין משה 9,פסגת זאב
שד דיין משה 92,פסגת זאב
שד המאירי 12,קרית משה
שד המאירי 13,קרית משה
שד המאירי 14,קרית משה
שד המאירי 15,קרית משה
שד המאירי 16,קרית משה
שד המאירי 17,קרית משה
שד המאירי 18,קרית משה
שד המאירי 19,קרית משה
שד המאירי 6,קרית משה
שד הרצל 101,בית הכרם
שד הרצל 108,בית הכרם
שד הרצל 111,בית הכרם
שד הרצל 112,בית הכרם
שד הרצל 113,בית הכרם
שד הרצל 114,בית הכרם
שד הרצל 115,בית הכרם
שד הרצל 117,בית הכרם
שד הרצל 119,בית הכרם
שד הרצל 12,קרית משה
שד הרצל 120,בית הכרם
שד הרצל 121,בית הכרם
שד הרצל 127,בית הכרם
שד הרצל 129,בית הכרם
שד הרצל 131,בית הכרם
שד הרצל 133,בית הכרם
שד הרצל 135,בית הכרם
שד הרצל 38,קרית משה
שד הרצל 4,קרית משה
שד הרצל 40,קרית משה
שד הרצל 42,קרית משה
שד הרצל 44,קרית משה
שד הרצל 46,קרית משה
שד הרצל 48,קרית משה
שד הרצל 52,קרית משה
שד הרצל 56,קרית משה
שד הרצל 60,קרית משה
שד הרצל 62,קרית משה
שד הרצל 66,קרית משה
שד הרצל 68,קרית משה
שד הרצל 70,קרית משה
שד הרצל 72,קרית משה
שד הרצל 78,בית הכרם
שד הרצל 80,בית הכרם
שד הרצל 83,קרית משה
שד הרצל 84,בית הכרם
שד הרצל 85,קרית משה
שד הרצל 86,בית הכרם
שד הרצל 88,בית הכרם
שד הרצל 90,בית הכרם
שד הרצל 92,בית הכרם
שד הרצל 93,בית הכרם
שד הרצל 95,בית הכרם
שד הרצל 97,בית הכרם
שד לוי אשכול 10,רמת אשכול
שד לוי אשכול 19,רמת אשכול
שד לוי אשכול 24,רמת אשכול
שד לוי אשכול 28,רמת אשכול
שד לוי אשכול 30,רמת אשכול
שד לוי אשכול 36,רמת אשכול
שד לוי אשכול 38,רמת אשכול
שד לוי אשכול 40,רמת אשכול
שד לוי אשכול 42,רמת אשכול
שד לוי אשכול 44,רמת אשכול
שד לוי אשכול 46,רמת אשכול
שד לוי אשכול 48,רמת אשכול
שד לוי אשכול 6,רמת אשכול
שד לוי אשכול 8,רמת אשכול
שד מאיר שמואל 10,הר חומה
שד מאיר שמואל 12,הר חומה
שד מאיר שמואל 2,הר חומה
שד מאיר שמואל 3,הר חומה
שד מאיר שמואל 4,הר חומה
שד מאיר שמואל 5,הר חומה
שד מאיר שמואל 6,הר חומה
שד מאיר שמואל 8,הר חומה
שד נוה יעקב 103,נווה יעקב
שד נוה יעקב 104,נווה יעקב
שד נוה יעקב 108,נווה יעקב
שד נוה יעקב 114,נווה יעקב
שד נוה יעקב 200,נווה יעקב
שד נוה יעקב 201,נווה יעקב
שד נוה יעקב 21,נווה יעקב
שד נוה יעקב 210,נווה יעקב
שד נוה יעקב 23,נווה יעקב
שד נוה יעקב 24,נווה יעקב
שד נוה יעקב 25,נווה יעקב
שד נוה יעקב 27,נווה יעקב
שד נוה יעקב 28,נווה יעקב
שד נוה יעקב 30,נווה יעקב
שד נוה יעקב 31,נווה יעקב
שד נוה יעקב 32,נווה יעקב
שד נוה יעקב 33,נווה יעקב
שד נוה יעקב 35,נווה יעקב
שד נוה יעקב 37,נווה יעקב
שד נוה יעקב 40,נווה יעקב
שד נוה יעקב 41,נווה יעקב
שד נוה יעקב 45,נווה יעקב
שד נוה יעקב 46,נווה יעקב
שד נוה יעקב 47,נווה יעקב
שד נוה יעקב 48,נווה יעקב
שד נוה יעקב 49,נווה יעקב
שד נוה יעקב 51,נווה יעקב
שד נוה יעקב 53,נווה יעקב
שד נוה יעקב 55,נווה יעקב
שד נוה יעקב 59,נווה יעקב
שד נוה יעקב 61,נווה יעקב
שד נוה יעקב 7,נווה יעקב
שד נוה יעקב 83,נווה יעקב
שד סיירת דוכיפת 11,פסגת זאב
שד סיירת דוכיפת 13,פסגת זאב
שד סיירת דוכיפת 15,פסגת זאב
שד סיירת דוכיפת 17,פסגת זאב
שד סיירת דוכיפת 19,פסגת זאב
שד סיירת דוכיפת 21,פסגת זאב
שד סיירת דוכיפת 33,פסגת זאב
שד סיירת דוכיפת 50,פסגת זאב
שד סיירת דוכיפת 7,פסגת זאב
שד עין צורים 11,ארנונה
שד עין צורים 13,ארנונה
שד עין צורים 15,ארנונה
שד עין צורים 18,ארנונה
שד עין צורים 19,ארנונה
שד עין צורים 21,ארנונה
שד עין צורים 9,ארנונה
שד שי עגנון 10,גבעת הוורדים
שד שי עגנון 11,גבעת הוורדים
שד שי עגנון 12,גבעת הוורדים
שד שי עגנון 13,גבעת הוורדים
שד שי עגנון 14,גבעת הוורדים
שד שי עגנון 15,גבעת הוורדים
שד שי עגנון 16,גבעת הוורדים
שד שי עגנון 17,גבעת הוורדים
שד שי עגנון 18,גבעת הוורדים
שד שי עגנון 2,גבעת הוורדים
שד שי עגנון 21,גבעת הוורדים
שד שי עגנון 4,גבעת הוורדים
שד שי עגנון 999,גבעת הוורדים
שד שרת משה 10,רמת שרת
שד שרת משה 11,רמת שרת
שד שרת משה 12,רמת שרת
שד שרת משה 13,רמת שרת
שד שרת משה 14,רמת שרת
שד שרת משה 15,רמת שרת
שד שרת משה 17,רמת שרת
שד שרת משה 20,רמת שרת
שד שרת משה 21,רמת שרת
שד שרת משה 22,רמת שרת
שד שרת משה 23,רמת שרת
שד שרת משה 25,רמת שרת
שד שרת משה 3,רמת שרת
שד שרת משה 4,רמת שרת
שד שרת משה 6,רמת שרת
שד שרת משה 7,רמת שרת
שד שרת משה 9,רמת שרת
שדאד בן אוס 1,שועפאט
שדאד בן אוס 10,שועפאט
שדאד בן אוס 12,שועפאט
שדאד בן אוס 16,שועפאט
שדאד בן אוס 2,שועפאט
שדאד בן אוס 3,שועפאט
שדאד בן אוס 4,שועפאט
שדאד בן אוס 5,שועפאט
שדאד בן אוס 6,שועפאט
שדאד בן אוס 7,שועפאט
שדאד בן אוס 8,שועפאט
שדאד בן אוס סמ1 1,שועפאט
שדאד בן אוס סמ1 10,שועפאט
שדאד בן אוס סמ1 12,שועפאט
שדאד בן אוס סמ1 2,שועפאט
שדאד בן אוס סמ1 3,שועפאט
שדאד בן אוס סמ1 4,שועפאט
שדאד בן אוס סמ1 6,שועפאט
שדאד בן אוס סמ1 9,שועפאט
שדאד בן אוס סמ1 9999,שועפאט
שדה חמד 10,גאולה
שדה חמד 12,גאולה
שדה חמד 19,גאולה
שדה חמד 21,גאולה
שדה חמד 22,גאולה
שדה חמד 25,גאולה
שדה חמד 26,גאולה
שדה חמד 4,גאולה
שדה חמד 6,גאולה
שדה חמד 8,גאולה
שדה יצחק 10,גוננים
שדה יצחק 16,גוננים
שדה יצחק 17,גוננים
שדה יצחק 2,גוננים
שדה יצחק 3,גוננים
שדה יצחק 5,גוננים
שדה יצחק 6,גוננים
שדה יצחק 8,גוננים
שדה תעופה עטרות 11,העיר העתיקה
שדה תעופה עטרות 12,העיר העתיקה
שדה תעופה עטרות 14,העיר העתיקה
שדה תעופה עטרות 15,העיר העתיקה
שדה תעופה עטרות 16,העיר העתיקה
שדה תעופה עטרות 26,העיר העתיקה
שדה תעופה עטרות 27,העיר העתיקה
שדה תעופה עטרות 3,העיר העתיקה
שדה תעופה עטרות 33,העיר העתיקה
שדה תעופה עטרות 35,העיר העתיקה
שדה תעופה עטרות 371,העיר העתיקה
שדה תעופה עטרות 38,העיר העתיקה
שדה תעופה עטרות 43,העיר העתיקה
שדה תעופה עטרות 45,העיר העתיקה
שדה תעופה עטרות 49,העיר העתיקה
שדה תעופה עטרות 637,העיר העתיקה
שדה תעופה עטרות 7,העיר העתיקה
שדה תעופה עטרות 8,העיר העתיקה
שדל 11,נחלאות
שדל 15,נחלאות
שדל 17,נחלאות
שדל 19,נחלאות
שדל 25,נחלאות
שדל 26,נחלאות
שדל 8,נחלאות
שדמי נחום 1,תלפיות
שדמי נחום 3,תלפיות
שדמי נחום 7,תלפיות
שוהם 521,גילה
שוהם 522,גילה
שוהם 524,גילה
שוהם 525,גילה
שוהם 527,גילה
שוהם 528,גילה
שוהם 529,גילה
שוורצברד שלום 10,פסגת זאב
שוורצברד שלום 11,פסגת זאב
שוורצברד שלום 12,פסגת זאב
שוורצברד שלום 13,פסגת זאב
שוורצברד שלום 14,פסגת זאב
שוורצברד שלום 15,פסגת זאב
שוורצברד שלום 16,פסגת זאב
שוורצברד שלום 17,פסגת זאב
שוורצברד שלום 20,פסגת זאב
שוורצברד שלום 21,פסגת זאב
שוורצברד שלום 22,פסגת זאב
שוורצברד שלום 23,פסגת זאב
שוורצברד שלום 24,פסגת זאב
שוורצברד שלום 25,פסגת זאב
שוורצברד שלום 27,פסגת זאב
שוורצברד שלום 29,פסגת זאב
שוורצברד שלום 3,פסגת זאב
שוורצברד שלום 31,פסגת זאב
שוורצברד שלום 5,פסגת זאב
שוורצברד שלום 6,פסגת זאב
שוורצברד שלום 7,פסגת זאב
שוורצברד שלום 8,פסגת זאב
שוורצברד שלום 9,פסגת זאב
שולאל יצחק 2,גאולה
שולאל יצחק 20,גאולה
שולאל יצחק 3,גאולה
שולאל יצחק 5,גאולה
שומרי אמונים 10,מאה שערים
שומרי אמונים 12,מאה שערים
שומרי אמונים 13,בית ישראל
שומרי אמונים 3,בית ישראל
שומרי אמונים 5,בית ישראל
שומרי אמונים 7,בית ישראל
שומרי אמונים 8,מאה שערים
שומרי אמונים 9,בית ישראל
שוני הלכות 10,הרובע היהודי
שוני הלכות 12,הרובע היהודי
שוני הלכות 13,הרובע היהודי
שוני הלכות 17,הרובע היהודי
שוני הלכות 19,הרובע היהודי
שוני הלכות 21,הרובע היהודי
שוני הלכות 3,הרובע היהודי
שוני הלכות 4,הרובע היהודי
שוני הלכות 6,הרובע היהודי
שוני הלכות 8,הרובע היהודי
שוני הלכות 9,הרובע היהודי
שועפאט 102,שועפאט
שועפאט 122,שועפאט
שועפאט 15,שועפאט
שועפאט 16,שועפאט
שועפאט 20,שועפאט
שועפאט 25,שועפאט
שועפאט 26,שועפאט
שועפאט 28,שועפאט
שועפאט 31,שועפאט
שועפאט 32,שועפאט
שועפאט 34,שועפאט
שועפאט 4,שועפאט
שועפאט 45,שועפאט
שועפאט 47,שועפאט
שועפאט 61,שועפאט
שועפאט 63,שועפאט
שועפאט 644,שועפאט
שועפאט 648,שועפאט
שועפאט 650,שועפאט
שועפאט 652,שועפאט
שועפאט 659,שועפאט
שועפאט 68,שועפאט
שועפאט 8,שועפאט
שועפאט 85,שועפאט
שועפאט 94,שועפאט
שופן 10,קטמון
שופן 18,קטמון
שופן 20,קטמון
שופן 22,קטמון
שופן 24,קטמון
שופן 4,קטמון
שופן 6,קטמון
שופן 8,קטמון
שוק הצבעים 183,העיר העתיקה
שור משה 1,רמות
שור משה 2,רמות
שור משה 3,רמות
שור משה 4,רמות
שור משה 7,רמות
שושנה 1,קרית משה
שושנה 11,קרית משה
שושנה 12,קרית משה
שושנה 14,קרית משה
שושנה 16,קרית משה
שושנה 17,קרית משה
שושנה 20,קרית משה
שושנה 21,קרית משה
שושנה 4,קרית משה
שושנה 5,קרית משה
שושנה 6,קרית משה
שושנה 7,קרית משה
שושנה 8,קרית משה
שושנה 9,קרית משה
שחל 10,גבעת מרדכי
שחל 12,גבעת מרדכי
שחל 14,גבעת מרדכי
שחל 16,גבעת מרדכי
שחל 18,גבעת מרדכי
שחל 19,גבעת מרדכי
שחל 20,גבעת מרדכי
שחל 21,גבעת מרדכי
שחל 22,גבעת מרדכי
שחל 23,גבעת מרדכי
שחל 24,גבעת מרדכי
שחל 25,גבעת מרדכי
שחל 26,גבעת מרדכי
שחל 27,גבעת מרדכי
שחל 28,גבעת מרדכי
שחל 29,גבעת מרדכי
שחל 30,גבעת מרדכי
שחל 31,גבעת מרדכי
שחל 32,גבעת מרדכי
שחל 35,גבעת מרדכי
שחל 37,גבעת מרדכי
שחל 38,גבעת מרדכי
שחל 4,גבעת מרדכי
שחל 41,גבעת מרדכי
שחל 43,גבעת מרדכי
שחל 44,גבעת מרדכי
שחל 45,גבעת מרדכי
שחל 46,גבעת מרדכי
שחל 47,גבעת מרדכי
שחל 48,גבעת מרדכי
שחל 49,גבעת מרדכי
שחל 51,גבעת מרדכי
שחל 52,גבעת מרדכי
שחל 53,גבעת מרדכי
שחל 54,גבעת מרדכי
שחל 55,גבעת מרדכי
שחל 56,גבעת מרדכי
שחל 57,גבעת מרדכי
שחל 59,גבעת מרדכי
שחל 6,גבעת מרדכי
שחל 61,גבעת מרדכי
שחל 62,גבעת מרדכי
שחל 63,גבעת מרדכי
שחל 64,גבעת מרדכי
שחל 65,גבעת מרדכי
שחל 67,גבעת מרדכי
שחל 68,גבעת מרדכי
שחל 69,גבעת מרדכי
שחל 73,גבעת מרדכי
שחל 75,גבעת מרדכי
שחל 8,גבעת מרדכי
שחל 81,גבעת מרדכי
שחל 83,גבעת מרדכי
שחל 85,גבעת מרדכי
שחר 1,בית הכרם
שחר 10,בית הכרם
שחר 11,בית הכרם
שחר 12,בית הכרם
שחר 13,בית הכרם
שחר 14,בית הכרם
שחר 15,בית הכרם
שחר 16,בית הכרם
שחר 17,בית הכרם
שחר 22,בית הכרם
שחר 24,בית הכרם
שחר 3,בית הכרם
שחר 4,בית הכרם
שחר 5,בית הכרם
שחר 6,בית הכרם
שחר 7,בית הכרם
שחר 8,בית הכרם
שחר 9,בית הכרם
שחראי 1,בית וגן
שחראי 14,בית וגן
שחראי 16,בית וגן
שחראי 18,בית וגן
שחראי 2,בית וגן
שחראי 20,בית וגן
שחראי 21,בית וגן
שחראי 22,בית וגן
שחראי 23,בית וגן
שחראי 27,בית וגן
שחראי 29,בית וגן
שחראי 3,בית וגן
שחראי 4,בית וגן
שחראי 5,בית וגן
שטיינברג יחיאל 11,רמת מוצא
שטיינברג יחיאל 15,רמת מוצא
שטיינברג יחיאל 6,רמת מוצא
שטיינברג יחיאל 7,רמת מוצא
שטיינברג יחיאל 9,רמת מוצא
שטראוס 14,מאה שערים
שטרן אברהם 10,קרית היובל
שטרן אברהם 11,קרית היובל
שטרן אברהם 12,קרית היובל
שטרן אברהם 13,קרית היובל
שטרן אברהם 14,קרית היובל
שטרן אברהם 15,קרית היובל
שטרן אברהם 16,קרית היובל
שטרן אברהם 17,קרית היובל
שטרן אברהם 18,קרית היובל
שטרן אברהם 19,קרית היובל
שטרן אברהם 20,קרית היובל
שטרן אברהם 21,קרית היובל
שטרן אברהם 23,קרית היובל
שטרן אברהם 24,קרית היובל
שטרן אברהם 25,קרית היובל
שטרן אברהם 26,קרית היובל
שטרן אברהם 33,קרית היובל
שטרן אברהם 35,קרית היובל
שטרן אברהם 37,קרית היובל
שטרן אברהם 39,קרית היובל
שטרן אברהם 4,קרית היובל
שטרן אברהם 41,קרית היובל
שטרן אברהם 45,קרית היובל
שטרן אברהם 47,קרית היובל
שטרן אברהם 49,קרית היובל
שטרן אברהם 5,קרית היובל
שטרן אברהם 51,קרית היובל
שטרן אברהם 53,קרית היובל
שטרן אברהם 55,קרית היובל
שטרן אברהם 57,קרית היובל
שטרן אברהם 59,קרית היובל
שטרן אברהם 6,קרית היובל
שטרן אברהם 61,קרית היובל
שטרן אברהם 65,קרית היובל
שטרן אברהם 67,קרית היובל
שטרן אברהם 7,קרית היובל
שטרן אברהם 9,קרית היובל
שטרן יורי 10,פסגת זאב
שטרן יורי 12,פסגת זאב
שטרן יורי 14,פסגת זאב
שטרן יורי 16,פסגת זאב
שטרן יורי 8,פסגת זאב
שי 1,רמות
שי 10,רמות
שי 12,רמות
שי 14,רמות
שי 16,רמות
שי 18,רמות
שי 2,רמות
שי 20,רמות
שי 22,רמות
שי 24,רמות
שי 26,רמות
שי 3,רמות
שי 4,רמות
שי 5,רמות
שי 6,רמות
שי 7,רמות
שי 8,רמות
שי 9,רמות
שיח אחמד א ס,ג'בל מוכבר
שיח אחמד א ס 7,ג'בל מוכבר
שיח אחמד א ס 796,ג'בל מוכבר
שיח אחמד א ס 9999,ג'בל מוכבר
שיח סעדוסעיד 10,באב א-זהרה
שיח סעדוסעיד 12,באב א-זהרה
שיח סעדוסעיד 2,באב א-זהרה
שיח סעדוסעיד 6,באב א-זהרה
שיח סעדוסעיד 8,באב א-זהרה
שייח' ג'אבר 10,בית צפאפא
שייח' ג'אבר 106,בית צפאפא
שייח' ג'אבר 108,בית צפאפא
שייח' ג'אבר 12,בית צפאפא
שייח' ג'אבר 14,בית צפאפא
שייח' ג'אבר 18,בית צפאפא
שייח' ג'אבר 6,בית צפאפא
שייח' ג'אבר 8,בית צפאפא
שייח' ג'ראח 10,שיח' ג'ראח
שייח' ג'ראח 12,שיח' ג'ראח
שייח' ג'ראח 17,שיח' ג'ראח
שייח' ג'ראח 18,שיח' ג'ראח
שייח' ג'ראח 19,שיח' ג'ראח
שייח' ג'ראח 20,שיח' ג'ראח
שייח' ג'ראח 22,שיח' ג'ראח
שייח' ג'ראח 24,שיח' ג'ראח
שייח' ג'ראח 3,שיח' ג'ראח
שייח' ג'ראח 30,שיח' ג'ראח
שייח' ג'ראח 31,שיח' ג'ראח
שייח' ג'ראח 32,שיח' ג'ראח
שייח' ג'ראח 34,שיח' ג'ראח
שייח' ג'ראח 39,שיח' ג'ראח
שייח' ג'ראח 43,שיח' ג'ראח
שייח' ג'ראח 46,שיח' ג'ראח
שייח' ג'ראח 47,שיח' ג'ראח
שייח' ג'ראח 48,שיח' ג'ראח
שייח' ג'ראח 5,שיח' ג'ראח
שייח' ג'ראח 53,שיח' ג'ראח
שייח' ג'ראח 55,שיח' ג'ראח
שייח' ג'ראח 56,שיח' ג'ראח
שייח' ג'ראח 57,שיח' ג'ראח
שייח' ג'ראח 6,שיח' ג'ראח
שייח' ג'ראח 7,שיח' ג'ראח
שייח' ג'ראח 8,שיח' ג'ראח
שייח' ג'ראח 9,שיח' ג'ראח
שייח' ג'ראח 900,שיח' ג'ראח
שייח' ג'ראח 932,שיח' ג'ראח
שייח' ג'ראח 947,שיח' ג'ראח
שייח' ג'ראח 983,שיח' ג'ראח
שייח' ג'ראח 992,שיח' ג'ראח
שייח' ג'ראח 996,שיח' ג'ראח
שייח' מחמוד 13,בית צפאפא
שייח' מחמוד 15,בית צפאפא
שייח' מחמוד 2,בית צפאפא
שייח' מחמוד 24,בית צפאפא
שייח' מחמוד 6,בית צפאפא
שייח' מחמוד 7,בית צפאפא
שייח' מחמוד 9,בית צפאפא
שילה 10,נחלאות
שילה 12,נחלאות
שילה 22,נחלאות
שילה 24,נחלאות
שילה 25,נחלאות
שילה 26,נחלאות
שילה 28,נחלאות
שילה 33,נחלאות
שילה 36,נחלאות
שילה 37,נחלאות
שילה 39,נחלאות
שילה 40,נחלאות
שילה 43,נחלאות
שילה 44,נחלאות
שילה 54,נחלאות
שילה 7,נחלאות
שילר 12,בית הכרם
שילר 3,בית הכרם
שילר 4,בית הכרם
שילר 6,בית הכרם
שילר 8,בית הכרם
שיר לשלמה 1,רמת שרת
שיר לשלמה 10,רמת שרת
שיר לשלמה 12,רמת שרת
שיר לשלמה 14,רמת שרת
שיר לשלמה 15,רמת שרת
שיר לשלמה 16,רמת שרת
שיר לשלמה 17,רמת שרת
שיר לשלמה 18,רמת שרת
שיר לשלמה 19,רמת שרת
שיר לשלמה 2,רמת שרת
שיר לשלמה 20,רמת שרת
שיר לשלמה 21,רמת שרת
שיר לשלמה 22,רמת שרת
שיר לשלמה 24,רמת שרת
שיר לשלמה 25,רמת שרת
שיר לשלמה 27,רמת שרת
שיר לשלמה 3,רמת שרת
שיר לשלמה 5,רמת שרת
שיר לשלמה 6,רמת שרת
שיר לשלמה 7,רמת שרת
שיר לשלמה 8,רמת שרת
שיר לשלמה 9,רמת שרת
שיריזלי 11,נחלאות
שיריזלי 13,נחלאות
שיריזלי 15,נחלאות
שיריזלי 17,נחלאות
שיריזלי 19,נחלאות
שיריזלי 21,נחלאות
שיריזלי 23,נחלאות
שיריזלי 3,נחלאות
שיריזלי 5,נחלאות
שיריזלי 9,נחלאות
שירת הים 14,רמות
שירת הים 16,רמות
שירת הים 8,רמות
שכ אבו תור גוש 18,אבו תור
שכ אבו תור גוש 18 0,אבו תור
שכ אבו תור גוש 18 18,אבו תור
שכ אבו תור גוש 18 20,אבו תור
שכ אבו תור גוש 18 6,אבו תור
שכ אבו תור גוש 18 919,אבו תור
שכ אבו תור גוש 18 9999,אבו תור
שכ בית צפפה,בית צפאפא
שכ בית צפפה 1,בית צפאפא
שכ בית צפפה 10,בית צפאפא
שכ בית צפפה 12,בית צפאפא
שכ בית צפפה 13,בית צפאפא
שכ בית צפפה 131,בית צפאפא
שכ בית צפפה 142,בית צפאפא
שכ בית צפפה 16,בית צפאפא
שכ בית צפפה 17,בית צפאפא
שכ בית צפפה 2,בית צפאפא
שכ בית צפפה 20,בית צפאפא
שכ בית צפפה 23,בית צפאפא
שכ בית צפפה 25,בית צפאפא
שכ בית צפפה 276,בית צפאפא
שכ בית צפפה 280,בית צפאפא
שכ בית צפפה 281,בית צפאפא
שכ בית צפפה 282,בית צפאפא
שכ בית צפפה 283,בית צפאפא
שכ בית צפפה 285,בית צפאפא
שכ בית צפפה 286,בית צפאפא
שכ בית צפפה 31,בית צפאפא
שכ בית צפפה 32,בית צפאפא
שכ בית צפפה 35,בית צפאפא
שכ בית צפפה 37,בית צפאפא
שכ בית צפפה 39,בית צפאפא
שכ בית צפפה 4,בית צפאפא
שכ בית צפפה 49,בית צפאפא
שכ בית צפפה 5,בית צפאפא
שכ בית צפפה 684,בית צפאפא
שכ בית צפפה 687,בית צפאפא
שכ בית צפפה 71,בית צפאפא
שכ בית צפפה 8,בית צפאפא
שכ בית צפפה 977,בית צפאפא
שכ בית צפפה 978,בית צפאפא
שכ בית צפפה 979,בית צפאפא
שכ בית צפפה 980,בית צפאפא
שכ בית צפפה 982,בית צפאפא
שכ בית צפפה 983,בית צפאפא
שכ בית צפפה 984,בית צפאפא
שכ בית צפפה 985,בית צפאפא
שכ בית צפפה 999,בית צפאפא
שכ בית צפפה 9999,בית צפאפא
שכ גבעת רם 20,קרית הלאום
שכ גבעת שאול 10,גבעת שאול
שכ גבעת שאול 12,גבעת שאול
שכ גבעת שאול 14,גבעת שאול
שכ גבעת שאול 2,גבעת שאול
שכ גבעת שאול 22,גבעת שאול
שכ גבעת שאול 28,גבעת שאול
שכ גבעת שאול 32,גבעת שאול
שכ גבעת שאול 9,גבעת שאול
שכ וולג'ה 1,וולג'ה
שכ וולג'ה 2,וולג'ה
שכ וולג'ה 3,וולג'ה
שכ וולג'ה 43,וולג'ה
שכ וולג'ה 7,וולג'ה
שכ וולג'ה 999,וולג'ה
שכ ימין משה 1,אבו תור
שכ כפר עקב 0,כפר עקב
שכ כפר עקב 10,כפר עקב
שכ כפר עקב 103,כפר עקב
שכ כפר עקב 11,כפר עקב
שכ כפר עקב 117,כפר עקב
שכ כפר עקב 119,כפר עקב
שכ כפר עקב 12,כפר עקב
שכ כפר עקב 121,כפר עקב
שכ כפר עקב 125,כפר עקב
שכ כפר עקב 13,כפר עקב
שכ כפר עקב 130,כפר עקב
שכ כפר עקב 134,כפר עקב
שכ כפר עקב 14,כפר עקב
שכ כפר עקב 145,כפר עקב
שכ כפר עקב 147,כפר עקב
שכ כפר עקב 15,כפר עקב
שכ כפר עקב 159,כפר עקב
שכ כפר עקב 16,כפר עקב
שכ כפר עקב 1636,כפר עקב
שכ כפר עקב 17,כפר עקב
שכ כפר עקב 18,כפר עקב
שכ כפר עקב 19,כפר עקב
שכ כפר עקב 20,כפר עקב
שכ כפר עקב 21,כפר עקב
שכ כפר עקב 217,כפר עקב
שכ כפר עקב 219,כפר עקב
שכ כפר עקב 23,כפר עקב
שכ כפר עקב 24,כפר עקב
שכ כפר עקב 249,כפר עקב
שכ כפר עקב 25,כפר עקב
שכ כפר עקב 26,כפר עקב
שכ כפר עקב 27,כפר עקב
שכ כפר עקב 28,כפר עקב
שכ כפר עקב 29,כפר עקב
שכ כפר עקב 3,כפר עקב
שכ כפר עקב 31,כפר עקב
שכ כפר עקב 32,כפר עקב
שכ כפר עקב 33,כפר עקב
שכ כפר עקב 34,כפר עקב
שכ כפר עקב 35,כפר עקב
שכ כפר עקב 37,כפר עקב
שכ כפר עקב 399,כפר עקב
שכ כפר עקב 4,כפר עקב
שכ כפר עקב 40,כפר עקב
שכ כפר עקב 41,כפר עקב
שכ כפר עקב 411,כפר עקב
שכ כפר עקב 413,כפר עקב
שכ כפר עקב 417,כפר עקב
שכ כפר עקב 42,כפר עקב
שכ כפר עקב 43,כפר עקב
שכ כפר עקב 44,כפר עקב
שכ כפר עקב 445,כפר עקב
שכ כפר עקב 45,כפר עקב
שכ כפר עקב 47,כפר עקב
שכ כפר עקב 48,כפר עקב
שכ כפר עקב 49,כפר עקב
שכ כפר עקב 5,כפר עקב
שכ כפר עקב 50,כפר עקב
שכ כפר עקב 52,כפר עקב
שכ כפר עקב 527,כפר עקב
שכ כפר עקב 53,כפר עקב
שכ כפר עקב 531,כפר עקב
שכ כפר עקב 54,כפר עקב
שכ כפר עקב 55,כפר עקב
שכ כפר עקב 564,כפר עקב
שכ כפר עקב 57,כפר עקב
שכ כפר עקב 580,כפר עקב
שכ כפר עקב 59,כפר עקב
שכ כפר עקב 6,כפר עקב
שכ כפר עקב 62,כפר עקב
שכ כפר עקב 63,כפר עקב
שכ כפר עקב 637,כפר עקב
שכ כפר עקב 64,כפר עקב
שכ כפר עקב 65,כפר עקב
שכ כפר עקב 666,כפר עקב
שכ כפר עקב 67,כפר עקב
שכ כפר עקב 675,כפר עקב
שכ כפר עקב 68,כפר עקב
שכ כפר עקב 69,כפר עקב
שכ כפר עקב 7,כפר עקב
שכ כפר עקב 709,כפר עקב
שכ כפר עקב 71,כפר עקב
שכ כפר עקב 711,כפר עקב
שכ כפר עקב 72,כפר עקב
שכ כפר עקב 74,כפר עקב
שכ כפר עקב 75,כפר עקב
שכ כפר עקב 76,כפר עקב
שכ כפר עקב 77,כפר עקב
שכ כפר עקב 8,כפר עקב
שכ כפר עקב 80,כפר עקב
שכ כפר עקב 81,כפר עקב
שכ כפר עקב 9,כפר עקב
שכ כפר עקב 936,כפר עקב
שכ כפר עקב 99,כפר עקב
שכ כרם אברהם 11,כרם אברהם
שכ כרם אברהם 12,כרם אברהם
שכ כרם אברהם 13,כרם אברהם
שכ כרם אברהם 6,כרם אברהם
שכ כרם אברהם 7,כרם אברהם
שכ כרם אברהם 9,כרם אברהם
שכ ליפתא תחתית 128,מטרסדורף
שכ ליפתא תחתית 34,מטרסדורף
שכ מחג'רת עתמה 16,עיסוויה
שכ מחג'רת עתמה 3,עיסוויה
שכ מנחת 104,מלחה
שכ מנחת 112,מלחה
שכ מנחת 114,מלחה
שכ מנחת 116,מלחה
שכ מנחת 119,מלחה
שכ מנחת 120,מלחה
שכ מנחת 122,מלחה
שכ מנחת 124,מלחה
שכ מנחת 126,מלחה
שכ מנחת 130,מלחה
שכ מנחת 132,מלחה
שכ מנחת 134,מלחה
שכ מנחת 136,מלחה
שכ מנחת 139,מלחה
שכ מנחת 144,מלחה
שכ מנחת 146,מלחה
שכ מנחת 50,מלחה
שכ מנחת 52,מלחה
שכ מנחת 62,מלחה
שכ מנחת 66,מלחה
שכ מנחת 77,מלחה
שכ מנחת 78,מלחה
שכ מנחת 8,מלחה
שכ מנחת 80,מלחה
שכ מנחת 82,מלחה
שכ מנחת 83,מלחה
שכ מנחת 84,מלחה
שכ מנחת 86,מלחה
שכ מנחת 92,מלחה
שכ מנחת 94,מלחה
שכ מנחת 96,מלחה
שכ מקור חיים 54,מקור חיים
שכ מקור חיים 56,מקור חיים
שכ נוף ציון 1,תלפיות מזרח
שכ נוף ציון 2,תלפיות מזרח
שכ נוף ציון 3,תלפיות מזרח
שכ נוף ציון 4,תלפיות מזרח
שכ נוף ציון 5,תלפיות מזרח
שכ נוף ציון 6,תלפיות מזרח
שכ נוף ציון 7,תלפיות מזרח
שכ סנהדריה 104,סנהדריה
שכ סנהדריה 107,סנהדריה
שכ סנהדריה 108,סנהדריה
שכ סנהדריה 109,סנהדריה
שכ סנהדריה 111,סנהדריה
שכ סנהדריה 131,סנהדריה
שכ סנהדריה 132,סנהדריה
שכ סנהדריה 6,סנהדריה
שכ עין כרם 129,עין כרם
שכ עין כרם 13,עין כרם
שכ עין כרם 135,עין כרם
שכ עין כרם 18,עין כרם
שכ עין כרם 19,עין כרם
שכ עין כרם 22,עין כרם
שכ עין כרם 23,עין כרם
שכ עין כרם 25,עין כרם
שכ עין כרם 26,עין כרם
שכ עין כרם 27,עין כרם
שכ עין כרם 28,עין כרם
שכ עין כרם 29,עין כרם
שכ עין כרם 3,עין כרם
שכ עין כרם 31,עין כרם
שכ עין כרם 32,עין כרם
שכ עין כרם 33,עין כרם
שכ עין כרם 34,עין כרם
שכ עין כרם 35,עין כרם
שכ עין כרם 36,עין כרם
שכ עין כרם 44,עין כרם
שכ עין כרם 45,עין כרם
שכ עין כרם 47,עין כרם
שכ עין כרם 5,עין כרם
שכ עין כרם 55,עין כרם
שכ עין כרם 58,עין כרם
שכ עין כרם 59,עין כרם
שכ עין כרם 6,עין כרם
שכ עין כרם 69,עין כרם
שכ עין כרם 76,עין כרם
שכ עין כרם 83,עין כרם
שכ עין כרם 87,עין כרם
שכ עין כרם 90,עין כרם
שכ עין כרם 95,עין כרם
שכ עין כרם א 12,עין כרם
שכ עין כרם א 13,עין כרם
שכ עין כרם א 14,עין כרם
שכ עין כרם א 15,עין כרם
שכ עין כרם א 17,עין כרם
שכ עין כרם א 18,עין כרם
שכ עין כרם א 19,עין כרם
שכ עין כרם א 20,עין כרם
שכ עין כרם א 21,עין כרם
שכ עין כרם א 22,עין כרם
שכ עין כרם א 23,עין כרם
שכ עין כרם א 25,עין כרם
שכ עין כרם א 26,עין כרם
שכ עין כרם א 27,עין כרם
שכ עין כרם א 28,עין כרם
שכ עין כרם א 29,עין כרם
שכ עין כרם א 3,עין כרם
שכ עין כרם א 30,עין כרם
שכ עין כרם א 31,עין כרם
שכ עין כרם א 32,עין כרם
שכ עין כרם א 33,עין כרם
שכ עין כרם א 35,עין כרם
שכ עין כרם א 36,עין כרם
שכ עין כרם א 37,עין כרם
שכ עין כרם א 38,עין כרם
שכ עין כרם א 4,עין כרם
שכ עין כרם א 43,עין כרם
שכ עין כרם א 47,עין כרם
שכ עין כרם א 48,עין כרם
שכ עין כרם א 5,עין כרם
שכ עין כרם א 50,עין כרם
שכ עין כרם א 51,עין כרם
שכ עין כרם א 52,עין כרם
שכ עין כרם א 56,עין כרם
שכ עין כרם א 57,עין כרם
שכ עין כרם א 6,עין כרם
שכ עין כרם א 68,עין כרם
שכ עין כרם א 7,עין כרם
שכ עין כרם א 71,עין כרם
שכ עין כרם א 8,עין כרם
שכ עין כרם א 9,עין כרם
שכ עין כרם ב 10,עין כרם
שכ עין כרם ב 101,עין כרם
שכ עין כרם ב 102,עין כרם
שכ עין כרם ב 104,עין כרם
שכ עין כרם ב 106,עין כרם
שכ עין כרם ב 108,עין כרם
שכ עין כרם ב 11,עין כרם
שכ עין כרם ב 112,עין כרם
שכ עין כרם ב 12,עין כרם
שכ עין כרם ב 13,עין כרם
שכ עין כרם ב 17,עין כרם
שכ עין כרם ב 18,עין כרם
שכ עין כרם ב 200,עין כרם
שכ עין כרם ב 21,עין כרם
שכ עין כרם ב 23,עין כרם
שכ עין כרם ב 24,עין כרם
שכ עין כרם ב 25,עין כרם
שכ עין כרם ב 26,עין כרם
שכ עין כרם ב 27,עין כרם
שכ עין כרם ב 28,עין כרם
שכ עין כרם ב 29,עין כרם
שכ עין כרם ב 30,עין כרם
שכ עין כרם ב 31,עין כרם
שכ עין כרם ב 32,עין כרם
שכ עין כרם ב 33,עין כרם
שכ עין כרם ב 34,עין כרם
שכ עין כרם ב 35,עין כרם
שכ עין כרם ב 36,עין כרם
שכ עין כרם ב 37,עין כרם
שכ עין כרם ב 38,עין כרם
שכ עין כרם ב 4,עין כרם
שכ עין כרם ב 40,עין כרם
שכ עין כרם ב 42,עין כרם
שכ עין כרם ב 43,עין כרם
שכ עין כרם ב 45,עין כרם
שכ עין כרם ב 46,עין כרם
שכ עין כרם ב 47,עין כרם
שכ עין כרם ב 5,עין כרם
שכ עין כרם ב 51,עין כרם
שכ עין כרם ב 54,עין כרם
שכ עין כרם ב 63,עין כרם
שכ עין כרם ב 68,עין כרם
שכ עין כרם ב 69,עין כרם
שכ עין כרם ב 7,עין כרם
שכ עין כרם ב 70,עין כרם
שכ עין כרם ב 72,עין כרם
שכ עין כרם ב 74,עין כרם
שכ עין כרם ב 75,עין כרם
שכ עין כרם ב 77,עין כרם
שכ עין כרם ב 78,עין כרם
שכ עין כרם ב 80,עין כרם
שכ עין כרם ב 81,עין כרם
שכ עין כרם ב 82,עין כרם
שכ עין כרם ב 84,עין כרם
שכ עין כרם ב 85,עין כרם
שכ עין כרם ב 87,עין כרם
שכ עין כרם ב 88,עין כרם
שכ עין כרם ב 9,עין כרם
שכ עין כרם ב 92,עין כרם
שכ עין כרם ב 95,עין כרם
שכ עין כרם ב 96,עין כרם
שכ עין כרם ב 97,עין כרם
שכ עין כרם ב 98,עין כרם
שכ עין כרם ב 99,עין כרם
שכ עין כרם ד 100,עין כרם
שכ עין כרם ד 105,עין כרם
שכ עין כרם ד 107,עין כרם
שכ עין כרם ד 110,עין כרם
שכ עין כרם ד 114,עין כרם
שכ עין כרם ד 115,עין כרם
שכ עין כרם ד 116,עין כרם
שכ עין כרם ד 119,עין כרם
שכ עין כרם ד 12,עין כרם
שכ עין כרם ד 121,עין כרם
שכ עין כרם ד 122,עין כרם
שכ עין כרם ד 13,עין כרם
שכ עין כרם ד 134,עין כרם
שכ עין כרם ד 137,עין כרם
שכ עין כרם ד 138,עין כרם
שכ עין כרם ד 139,עין כרם
שכ עין כרם ד 16,עין כרם
שכ עין כרם ד 17,עין כרם
שכ עין כרם ד 20,עין כרם
שכ עין כרם ד 21,עין כרם
שכ עין כרם ד 22,עין כרם
שכ עין כרם ד 24,עין כרם
שכ עין כרם ד 35,עין כרם
שכ עין כרם ד 36,עין כרם
שכ עין כרם ד 37,עין כרם
שכ עין כרם ד 38,עין כרם
שכ עין כרם ד 4,עין כרם
שכ עין כרם ד 40,עין כרם
שכ עין כרם ד 401,עין כרם
שכ עין כרם ד 402,עין כרם
שכ עין כרם ד 405,עין כרם
שכ עין כרם ד 408,עין כרם
שכ עין כרם ד 410,עין כרם
שכ עין כרם ד 413,עין כרם
שכ עין כרם ד 45,עין כרם
שכ עין כרם ד 47,עין כרם
שכ עין כרם ד 48,עין כרם
שכ עין כרם ד 5,עין כרם
שכ עין כרם ד 54,עין כרם
שכ עין כרם ד 55,עין כרם
שכ עין כרם ד 56,עין כרם
שכ עין כרם ד 6,עין כרם
שכ עין כרם ד 61,עין כרם
שכ עין כרם ד 64,עין כרם
שכ עין כרם ד 65,עין כרם
שכ עין כרם ד 66,עין כרם
שכ עין כרם ד 7,עין כרם
שכ עין כרם ד 70,עין כרם
שכ עין כרם ד 72,עין כרם
שכ עין כרם ד 76,עין כרם
שכ עין כרם ד 79,עין כרם
שכ עין כרם ד 83,עין כרם
שכ עין כרם ד 84,עין כרם
שכ עין כרם ד 86,עין כרם
שכ עין כרם ד 90,עין כרם
שכ עין כרם ד 93,עין כרם
שכ עין כרם ד 95,עין כרם
שכ עין כרם ד 96,עין כרם
שכ עין כרם ד 97,עין כרם
שכ עין כרם ד 99,עין כרם
שכון גילה 1,גילה
שכון גילה 10,גילה
שכון גילה 201,גילה
שכון גילה 207,גילה
שכון גילה 215,גילה
שכון גילה 231,גילה
שכון גילה 236,גילה
שכון גילה 241,גילה
שכון גילה 242,גילה
שכון גילה 243,גילה
שכון גילה 523,גילה
שכון גילה 525,גילה
שכון גילה 529,גילה
שכון גילה 554,גילה
שכון גילה 557,גילה
שכון גילה 576,גילה
שכון גילה 584,גילה
שכון גילה 586,גילה
שכון גילה 684,גילה
שכוני נוסייבה 2,בית חנינא
שכטמן יוסף 10,רמות
שכטמן יוסף 101,רמות
שכטמן יוסף 102,רמות
שכטמן יוסף 103,רמות
שכטמן יוסף 104,רמות
שכטמן יוסף 105,רמות
שכטמן יוסף 2,רמות
שכטמן יוסף 38,רמות
שכטמן יוסף 4,רמות
שכטמן יוסף 5,רמות
שכטמן יוסף 6,רמות
שכטמן יוסף 8,רמות
שכטמן יוסף 9,רמות
שלאין 3,בית הכרם
שלאין 4,בית הכרם
שלאין 5,בית הכרם
שלאין 6,בית הכרם
שלאין 7,בית הכרם
שלו יצחק 10,גבעת משואה
שלו יצחק 11,גבעת משואה
שלו יצחק 12,גבעת משואה
שלו יצחק 2,גבעת משואה
שלו יצחק 3,גבעת משואה
שלו יצחק 4,גבעת משואה
שלו יצחק 5,גבעת משואה
שלו יצחק 6,גבעת משואה
שלו יצחק 8,גבעת משואה
שלו יצחק 9,גבעת משואה
שלום וצדק 10,פסגת זאב
שלום וצדק 2,פסגת זאב
שלום וצדק 4,פסגת זאב
שלום וצדק 56,פסגת זאב
שלום וצדק 6,פסגת זאב
שלום וצדק 8,פסגת זאב
שלום יהודה 10,תלפיות
שלום יהודה 11,תלפיות
שלום יהודה 12,תלפיות
שלום יהודה 13,תלפיות
שלום יהודה 14,תלפיות
שלום יהודה 15,תלפיות
שלום יהודה 16,תלפיות
שלום יהודה 17,תלפיות
שלום יהודה 21,תלפיות
שלום יהודה 23,תלפיות
שלום יהודה 27,תלפיות
שלום יהודה 32,תלפיות
שלום יהודה 34,תלפיות
שלום יהודה 5,תלפיות
שלום יהודה 6,תלפיות
שלום יהודה 7,תלפיות
שלום יהודה 8,תלפיות
שלום יהודה 9,תלפיות
שלום עליכם 3,טלביה
שלום עליכם 4,טלביה
שלום עליכם 5,טלביה
שלוש 13,נחלאות
שלוש 15,נחלאות
שלוש 18,נחלאות
שלוש 22,נחלאות
שלוש 3,נחלאות
שלוש 5,נחלאות
שלוש 7,נחלאות
שלוש 9,נחלאות
שלמה 10,פסגת זאב
שלמה 12,פסגת זאב
שלמה 14,פסגת זאב
שלמה 15,פסגת זאב
שלמה 16,פסגת זאב
שלמה 17,פסגת זאב
שלמה 18,פסגת זאב
שלמה 19,פסגת זאב
שלמה 2,פסגת זאב
שלמה 20,פסגת זאב
שלמה 21,פסגת זאב
שלמה 22,פסגת זאב
שלמה 3,פסגת זאב
שלמה 4,פסגת זאב
שלמה 6,פסגת זאב
שלמה 7,פסגת זאב
שלמה 8,פסגת זאב
שלמה המלך 3,ממילא
שמאי 7,מרכז העיר
שמאע אליהו 15,ממילא
שמאע אליהו 17,ממילא
שמאע אליהו 19,ממילא
שמאע אליהו 21,ממילא
שמאע אליהו 3,ממילא
שמאע אליהו 5,ממילא
שמאע אליהו 7,ממילא
שמגר 111,רוממה
שמואל הנביא 1,בוכרים
שמואל הנביא 101,בוכרים
שמואל הנביא 109,בוכרים
שמואל הנביא 11,בוכרים
שמואל הנביא 1111,בוכרים
שמואל הנביא 15,בוכרים
שמואל הנביא 19,בית ישראל
שמואל הנביא 27,בית ישראל
שמואל הנביא 3,בוכרים
שמואל הנביא 30,בית ישראל
שמואל הנביא 32,בית ישראל
שמואל הנביא 34,בית ישראל
שמואל הנביא 37,בית ישראל
שמואל הנביא 4,בוכרים
שמואל הנביא 41,בוכרים
שמואל הנביא 42,בוכרים
שמואל הנביא 43,בוכרים
שמואל הנביא 44,בוכרים
שמואל הנביא 45,בוכרים
שמואל הנביא 5,בוכרים
שמואל הנביא 53,בוכרים
שמואל הנביא 54,בוכרים
שמואל הנביא 57,בוכרים
שמואל הנביא 62,בוכרים
שמואל הנביא 68,בוכרים
שמואל הנביא 77,בוכרים
שמואל הנביא 96,בוכרים
שמואל הנביא 999,בוכרים
שמואל הנגיד 14,מרכז העיר
שמואל הנגיד 15,מרכז העיר
שמואל הנגיד 17,מרכז העיר
שמואל הנגיד 19,מרכז העיר
שמואל הנגיד 20,מרכז העיר
שמואל הנגיד 25,מרכז העיר
שמואל הנגיד 9,מרכז העיר
שמורק 1,קרית היובל
שמורק 10,קרית היובל
שמורק 12,קרית היובל
שמורק 14,קרית היובל
שמורק 16,קרית היובל
שמורק 18,קרית היובל
שמורק 7,קרית היובל
שמחת כהן 10,הר חומה
שמחת כהן 11,הר חומה
שמחת כהן 12,הר חומה
שמחת כהן 13,הר חומה
שמחת כהן 14,הר חומה
שמחת כהן 15,הר חומה
שמחת כהן 17,הר חומה
שמחת כהן 19,הר חומה
שמחת כהן 20,הר חומה
שמחת כהן 21,הר חומה
שמחת כהן 22,הר חומה
שמחת כהן 23,הר חומה
שמחת כהן 5,הר חומה
שמחת כהן 7,הר חומה
שמחת כהן 9,הר חומה
שמי יצחק 10,ניות
שמי יצחק 2,ניות
שמי יצחק 4,ניות
שמי יצחק 6,ניות
שמי יצחק 8,ניות
שמיר 10,גילה
שמיר 12,גילה
שמיר 13,גילה
שמיר 14,גילה
שמיר 15,גילה
שמיר 16,גילה
שמיר 17,גילה
שמיר 18,גילה
שמיר 19,גילה
שמיר 2,גילה
שמיר 20,גילה
שמיר 21,גילה
שמיר 22,גילה
שמיר 23,גילה
שמיר 24,גילה
שמיר 25,גילה
שמיר 26,גילה
שמיר 27,גילה
שמיר 28,גילה
שמיר 29,גילה
שמיר 3,גילה
שמיר 30,גילה
שמיר 31,גילה
שמיר 32,גילה
שמיר 33,גילה
שמיר 34,גילה
שמיר 36,גילה
שמיר 39,גילה
שמיר 4,גילה
שמיר 40,גילה
שמיר 41,גילה
שמיר 42,גילה
שמיר 43,גילה
שמיר 44,גילה
שמיר 45,גילה
שמיר 46,גילה
שמיר 47,גילה
שמיר 48,גילה
שמיר 49,גילה
שמיר 5,גילה
שמיר 50,גילה
שמיר 51,גילה
שמיר 52,גילה
שמיר 53,גילה
שמיר 54,גילה
שמיר 55,גילה
שמיר 56,גילה
שמיר 57,גילה
שמיר 58,גילה
שמיר 59,גילה
שמיר 6,גילה
שמיר 60,גילה
שמיר 61,גילה
שמיר 62,גילה
שמיר 63,גילה
שמיר 64,גילה
שמיר 65,גילה
שמיר 66,גילה
שמיר 69,גילה
שמיר 7,גילה
שמיר 75,גילה
שמיר 8,גילה
שמיר 9,גילה
שמיר משה 1,פסגת זאב
שמיר משה 10,פסגת זאב
שמיר משה 11,פסגת זאב
שמיר משה 12,פסגת זאב
שמיר משה 13,פסגת זאב
שמיר משה 14,פסגת זאב
שמיר משה 15,פסגת זאב
שמיר משה 16,פסגת זאב
שמיר משה 17,פסגת זאב
שמיר משה 18,פסגת זאב
שמיר משה 19,פסגת זאב
שמיר משה 20,פסגת זאב
שמיר משה 21,פסגת זאב
שמיר משה 22,פסגת זאב
שמיר משה 23,פסגת זאב
שמיר משה 25,פסגת זאב
שמיר משה 29,פסגת זאב
שמיר משה 3,פסגת זאב
שמיר משה 31,פסגת זאב
שמיר משה 33,פסגת זאב
שמיר משה 35,פסגת זאב
שמיר משה 4,פסגת זאב
שמיר משה 5,פסגת זאב
שמיר משה 6,פסגת זאב
שמיר משה 7,פסגת זאב
שמיר משה 8,פסגת זאב
שמיר משה 9,פסגת זאב
שמס א דין אסיוטי 1,וואדי אל-ג'וז
שמס א דין אסיוטי 10,וואדי אל-ג'וז
שמס א דין אסיוטי 13,וואדי אל-ג'וז
שמס א דין אסיוטי 15,וואדי אל-ג'וז
שמס א דין אסיוטי 17,וואדי אל-ג'וז
שמס א דין אסיוטי 19,וואדי אל-ג'וז
שמס א דין אסיוטי 2,וואדי אל-ג'וז
שמס א דין אסיוטי 20,וואדי אל-ג'וז
שמס א דין אסיוטי 21,וואדי אל-ג'וז
שמס א דין אסיוטי 22,וואדי אל-ג'וז
שמס א דין אסיוטי 23,וואדי אל-ג'וז
שמס א דין אסיוטי 24,וואדי אל-ג'וז
שמס א דין אסיוטי 25,וואדי אל-ג'וז
שמס א דין אסיוטי 26,וואדי אל-ג'וז
שמס א דין אסיוטי 27,וואדי אל-ג'וז
שמס א דין אסיוטי 28,וואדי אל-ג'וז
שמס א דין אסיוטי 29,וואדי אל-ג'וז
שמס א דין אסיוטי 3,וואדי אל-ג'וז
שמס א דין אסיוטי 30,וואדי אל-ג'וז
שמס א דין אסיוטי 31,וואדי אל-ג'וז
שמס א דין אסיוטי 32,וואדי אל-ג'וז
שמס א דין אסיוטי 33,וואדי אל-ג'וז
שמס א דין אסיוטי 34,וואדי אל-ג'וז
שמס א דין אסיוטי 35,וואדי אל-ג'וז
שמס א דין אסיוטי 37,וואדי אל-ג'וז
שמס א דין אסיוטי 38,וואדי אל-ג'וז
שמס א דין אסיוטי 39,וואדי אל-ג'וז
שמס א דין אסיוטי 4,וואדי אל-ג'וז
שמס א דין אסיוטי 40,וואדי אל-ג'וז
שמס א דין אסיוטי 41,וואדי אל-ג'וז
שמס א דין אסיוטי 43,וואדי אל-ג'וז
שמס א דין אסיוטי 47,וואדי אל-ג'וז
שמס א דין אסיוטי 49,וואדי אל-ג'וז
שמס א דין אסיוטי 51,וואדי אל-ג'וז
שמס א דין אסיוטי 53,וואדי אל-ג'וז
שמס א דין אסיוטי 55,וואדי אל-ג'וז
שמס א דין אסיוטי 57,וואדי אל-ג'וז
שמס א דין אסיוטי 6,וואדי אל-ג'וז
שמס א דין אסיוטי 61,וואדי אל-ג'וז
שמס א דין אסיוטי 63,וואדי אל-ג'וז
שמס א דין אסיוטי 7,וואדי אל-ג'וז
שמס א דין אסיוטי 8,וואדי אל-ג'וז
שמס א דין אסיוטי 9,וואדי אל-ג'וז
שמס א דין אסיוטי 95,וואדי אל-ג'וז
שמס אדין אסיוטי סמ1 1,וואדי אל-ג'וז
שמס אדין אסיוטי סמ1 4,וואדי אל-ג'וז
שמס אדין אסיוטי סמ1 6,וואדי אל-ג'וז
שמס אדין אסיוטי סמ3 2,וואדי אל-ג'וז
שמס אדין אסיוטי סמ3 5,וואדי אל-ג'וז
שמס אדין אסיוטי סמ3 6,וואדי אל-ג'וז
שמעון 11,בקעה
שמעון 12,בקעה
שמעון 14,בקעה
שמעון 16,בקעה
שמעון 3,בקעה
שמעון 7,בקעה
שמעון 8,בקעה
שמעון 9,בקעה
שמעון בן שטח 11,מרכז העיר
שמעון המכבי 3,מקור ברוך
שמעון המכבי 4,מקור ברוך
שמעון הצדיק,מעלות דפנה
שמעון הצדיק 10,שיח' ג'ראח
שמעון הצדיק 11,שיח' ג'ראח
שמעון הצדיק 12,שיח' ג'ראח
שמעון הצדיק 18,שיח' ג'ראח
שמעון הצדיק 20,שיח' ג'ראח
שמעון הצדיק 27,מעלות דפנה
שמעון הצדיק 29,שיח' ג'ראח
שמעון הצדיק 31,מעלות דפנה
שמעון הצדיק 56,שיח' ג'ראח
שמעון הצדיק 7,שיח' ג'ראח
שמעון הצדיק 77,שיח' ג'ראח
שמעון הצדיק 85,שיח' ג'ראח
שמעון הצדיק 9,שיח' ג'ראח
שמעון הצדיק 990,שיח' ג'ראח
שמעון הצדיק 993,שיח' ג'ראח
שמעון מישורי 1,פסגת זאב
שמעון מישורי 10,פסגת זאב
שמעון מישורי 11,פסגת זאב
שמעון מישורי 14,פסגת זאב
שמעון מישורי 17,פסגת זאב
שמעון מישורי 18,פסגת זאב
שמעון מישורי 22,פסגת זאב
שמעון מישורי 23,פסגת זאב
שמעון מישורי 24,פסגת זאב
שמעון מישורי 25,פסגת זאב
שמעון מישורי 27,פסגת זאב
שמעון מישורי 29,פסגת זאב
שמעון מישורי 3,פסגת זאב
שמעון מישורי 30,פסגת זאב
שמעון מישורי 32,פסגת זאב
שמעון מישורי 4,פסגת זאב
שמעון מישורי 5,פסגת זאב
שמעון מישורי 6,פסגת זאב
שמעון מישורי 7,פסגת זאב
שמעון מישורי 8,פסגת זאב
שמעון מישורי 9,פסגת זאב
שמעוני 1,טלביה
שמעוני 10,גבעת הוורדים
שמעוני 11,גבעת הוורדים
שמעוני 13,גבעת הוורדים
שמעוני 14,גבעת הוורדים
שמעוני 19,גבעת הוורדים
שמעוני 21,גבעת הוורדים
שמעוני 22,גבעת הוורדים
שמעוני 23,גבעת הוורדים
שמעוני 25,גבעת הוורדים
שמעוני 26,גבעת הוורדים
שמעוני 27,גבעת הוורדים
שמעוני 28,גבעת הוורדים
שמעוני 29,גבעת הוורדים
שמעוני 3,גבעת הוורדים
שמעוני 30,גבעת הוורדים
שמעוני 31,גבעת הוורדים
שמעוני 32,גבעת הוורדים
שמעוני 33,גבעת הוורדים
שמעוני 34,גבעת הוורדים
שמעוני 36,גבעת הוורדים
שמעוני 37,גבעת הוורדים
שמעוני 38,גבעת הוורדים
שמעוני 39,גבעת הוורדים
שמעוני 40,גבעת הוורדים
שמעוני 41,גבעת הוורדים
שמעוני 42,גבעת הוורדים
שמעוני 43,גבעת הוורדים
שמעוני 44,גבעת הוורדים
שמעוני 45,גבעת הוורדים
שמעוני 46,גבעת הוורדים
שמעוני 48,גבעת הוורדים
שמעוני 5,גבעת הוורדים
שמעוני 50,גבעת הוורדים
שמעוני 52,גבעת הוורדים
שמעוני 54,גבעת הוורדים
שמעוני 56,גבעת הוורדים
שמעוני 58,גבעת הוורדים
שמעוני 60,גבעת הוורדים
שמעוני 7,גבעת הוורדים
שמעוני 8,גבעת הוורדים
שמעוני 9,גבעת הוורדים
שמעיה 4,בקעה
שמעיה 6,בקעה
שמעיה 8,בקעה
שמריה 10,בית ישראל
שמריה 12,בית ישראל
שמריה 14,בית ישראל
שמריה 7,בית ישראל
שמריה 9,בית ישראל
שמשון 11,בקעה
שמשון 13,בקעה
שמשון 14,בקעה
שמשון 15,בקעה
שמשון 16,בקעה
שמשון 17,בקעה
שמשון 18,בקעה
שמשון 19,בקעה
שמשון 2,בקעה
שמשון 20,בקעה
שמשון 21,בקעה
שמשון 22,בקעה
שמשון 24,בקעה
שמשון 4,בקעה
שמשון 5,בקעה
שמשון 6,בקעה
שמשון 7,בקעה
שמשון 8,בקעה
שמשון 9,בקעה
שעאבאן 13,בית חנינא
שעאבאן 21,בית חנינא
שעאבאן 23,בית חנינא
שעאבאן 25,בית חנינא
שעאבאן 3,בית חנינא
שעאבאן 43,בית חנינא
שעאבאן 57,בית חנינא
שעאבאן 58,בית חנינא
שעאבאן 60,בית חנינא
שעאבאן 61,בית חנינא
שעאבאן 65,בית חנינא
שעאבאן 71,בית חנינא
שעאבאן 73,בית חנינא
שעאבאן 75,בית חנינא
שעאבאן 78,בית חנינא
שעאבאן 79,בית חנינא
שעאבאן 84,בית חנינא
שעאבאן 999,בית חנינא
שעאבאן סמ3 1,בית חנינא
שעאבאן סמ3 3,בית חנינא
שעאבאן סמ3 4,בית חנינא
שעאבאן סמ3 999,בית חנינא
שעאבאן סמ3 9999,בית חנינא
שעאבאן סמ4 2,בית חנינא
שעאבאן סמ4 3,בית חנינא
שעאבאן סמ4 5,בית חנינא
שעאבאן סמ4 6,בית חנינא
שעאבאן סמ4 7,בית חנינא
שעאבאן סמ4 9999,בית חנינא
שער שכם,העיר העתיקה
שער שכם 24,העיר העתיקה
שער שכם 82,העיר העתיקה
שער שכם 84,העיר העתיקה
שערי חסד 1,נחלאות
שערי חסד 10,נחלאות
שערי חסד 11,נחלאות
שערי חסד 12,נחלאות
שערי חסד 13,נחלאות
שערי חסד 14,נחלאות
שערי חסד 17,נחלאות
שערי חסד 19,נחלאות
שערי חסד 2,נחלאות
שערי חסד 20,נחלאות
שערי חסד 21,נחלאות
שערי חסד 22,נחלאות
שערי חסד 23,נחלאות
שערי חסד 24,נחלאות
שערי חסד 25,נחלאות
שערי חסד 26,נחלאות
שערי חסד 27,נחלאות
שערי חסד 28,נחלאות
שערי חסד 30,נחלאות
שערי חסד 31,נחלאות
שערי חסד 32,נחלאות
שערי חסד 33,נחלאות
שערי חסד 34,נחלאות
שערי חסד 4,נחלאות
שערי חסד 5,נחלאות
שערי חסד 6,נחלאות
שערי חסד 7,נחלאות
שערי חסד 8,נחלאות
שערי חסד 9,נחלאות
שערי ירושלים 5,מטרסדורף
שערי ירושלים 7,קרית אונסדורף
שערי משה 2,מאה שערים
שערי פנה 13,בוכרים
שערי פנה 20,בוכרים
שערי פנה 32,בוכרים
שערי פנה 9,בוכרים
שערי צדק 1,נחלאות
שערי צדק 11,נחלאות
שערי צדק 13,נחלאות
שערי צדק 159,נחלאות
שערי צדק 3,נחלאות
שערי צדק 5,נחלאות
שערי צדק 7,נחלאות
שערי צדק 8,נחלאות
שערי צדק 9,נחלאות
שערי צדק 9999,נחלאות
שערי תורה 11,בית וגן
שערי תורה 13,בית וגן
שערי תורה 15,בית וגן
שערי תורה 16,בית וגן
שערי תורה 17,בית וגן
שערי תורה 18,בית וגן
שערי תורה 19,בית וגן
שערי תורה 26,בית וגן
שערי תורה 8,בית וגן
שפיצר 6,מאה שערים
שפירא צבי 1,קרית היובל
שפירא צבי 10,קרית היובל
שפירא צבי 2,קרית היובל
שפירא צבי 3,קרית היובל
שפירא צבי 4,קרית היובל
שפירא צבי 5,קרית היובל
שפירא צבי 6,קרית היובל
שפירא צבי 7,קרית היובל
שפירא צבי 8,קרית היובל
שפירא צבי 9,קרית היובל
שפרה 3,קרית משה
שפרה 5,קרית משה
שפרעם 13,נחלאות
שפרעם 17,נחלאות
שפרעם 22,נחלאות
שפרעם 26,נחלאות
שפרעם 3,נחלאות
שפרעם 7,נחלאות
שפרעם 8,נחלאות
שפרעם 9,נחלאות
שפת אמת 11,נחלאות
שפת אמת 14,נחלאות
שץ 3,מרכז העיר
שקאאיק אל-נעמאן 11,צור באחר
שקאאיק אל-נעמאן 24,צור באחר
שקאאיק אל-נעמאן 28,צור באחר
שקאאיק אל-נעמאן 31,צור באחר
שקאאיק אל-נעמאן 34,צור באחר
שקאאיק אל-נעמאן 35,צור באחר
שקאאיק אל-נעמאן 47,צור באחר
שקאאיק אל-נעמאן 51,צור באחר
שקאאיק אל-נעמאן 60,צור באחר
שקאאיק אל-נעמאן 8,צור באחר
שקאאיק אל-נעמאן סמ1 17,צור באחר
שקאאיק אל-נעמאן סמ1 2,צור באחר
שקאאיק אל-נעמאן סמ1 3,צור באחר
שקאאיק אל-נעמאן סמ1 7,צור באחר
שקאאיק אל-נעמאן סמ3 1,צור באחר
שקאאיק אל-נעמאן סמ3 4,צור באחר
שקאאיק אל-נעמאן סמ3 5,צור באחר
שקאאיק אל-נעמאן סמ5 1,צור באחר
שקאאיק אל-נעמאן סמ5 13,צור באחר
שקאאיק אל-נעמאן סמ5 2,צור באחר
שקאאיק אל-נעמאן סמ5 3,צור באחר
שקאאיק אל-נעמאן סמ5 7,צור באחר
שקי אינו 10,רמת שרת
שקי אינו 16,רמת שרת
שקי אינו 6,רמת שרת
שקיראת 14,ג'בל מוכבר
שקיראת 17,ג'בל מוכבר
שקיראת 18,ג'בל מוכבר
שקיראת 269,ג'בל מוכבר
שקיראת 3,ג'בל מוכבר
שקיראת 31,ג'בל מוכבר
שקיראת 35,ג'בל מוכבר
שקיראת 37,ג'בל מוכבר
שקיראת 4,ג'בל מוכבר
שקיראת 6,ג'בל מוכבר
שקיראת 7,ג'בל מוכבר
שקיראת 73,ג'בל מוכבר
שקיראת 9,ג'בל מוכבר
שרגאי זלמן 3,רמת אשכול
שרגאי זלמן 7,רמת אשכול
שרה קמינקר 12,ארנונה
שרה קמינקר 14,ארנונה
שרה קמינקר 23,ארנונה
שרה קמינקר 24,ארנונה
שרה קמינקר 999,ארנונה
שרה קמינקר 9999,ארנונה
שרון 11,קרית היובל
שרון 13,קרית היובל
שרון 15,קרית היובל
שרון 17,קרית היובל
שרון 5,קרית היובל
שרון 7,קרית היובל
שרון 9,קרית היובל
שרי ישראל 11,רוממה
שרי ישראל 13,רוממה
שרי ישראל 14,רוממה
שרי ישראל 3,מקור ברוך
שרי ישראל 6,מקור ברוך
שרי ישראל 9,רוממה
שרי ראובן 1,רמות
שרי ראובן 10,רמות
שרי ראובן 11,רמות
שרי ראובן 12,רמות
שרי ראובן 13,רמות
שרי ראובן 14,רמות
שרי ראובן 15,רמות
שרי ראובן 16,רמות
שרי ראובן 17,רמות
שרי ראובן 18,רמות
שרי ראובן 19,רמות
שרי ראובן 2,רמות
שרי ראובן 21,רמות
שרי ראובן 22,רמות
שרי ראובן 23,רמות
שרי ראובן 24,רמות
שרי ראובן 25,רמות
שרי ראובן 27,רמות
שרי ראובן 29,רמות
שרי ראובן 3,רמות
שרי ראובן 30,רמות
שרי ראובן 31,רמות
שרי ראובן 33,רמות
שרי ראובן 4,רמות
שרי ראובן 6,רמות
שרי ראובן 7,רמות
שרי ראובן 8,רמות
שרי ראובן 9,רמות
שרייבום יעקב 10,בית הכרם
שרייבום יעקב 20,בית הכרם
שרייבום יעקב 22,בית הכרם
שרייבום יעקב 3,בית הכרם
שרייבום יעקב 5,בית הכרם
שרייבום יעקב 6,בית הכרם
שרייבום יעקב 7,בית הכרם
שרייבום יעקב 8,בית הכרם
שרעבי שלום 10,גאולה
שרעבי שלום 12,גאולה
שרעבי שלום 13,גאולה
שרעבי שלום 14,גאולה
שרעבי שלום 16,גאולה
שרעבי שלום 22,גאולה
שרעבי שלום 4,גאולה
שרעבי שלום 5,גאולה
שרעבי שלום 6,גאולה
שרעבי שלום 8,גאולה
שרף זאב 1,פסגת זאב
שרף זאב 11,פסגת זאב
שרף זאב 12,פסגת זאב
שרף זאב 13,פסגת זאב
שרף זאב 14,פסגת זאב
שרף זאב 15,פסגת זאב
שרף זאב 16,פסגת זאב
שרף זאב 17,פסגת זאב
שרף זאב 18,פסגת זאב
שרף זאב 19,פסגת זאב
שרף זאב 2,פסגת זאב
שרף זאב 20,פסגת זאב
שרף זאב 21,פסגת זאב
שרף זאב 22,פסגת זאב
שרף זאב 23,פסגת זאב
שרף זאב 24,פסגת זאב
שרף זאב 25,פסגת זאב
שרף זאב 26,פסגת זאב
שרף זאב 27,פסגת זאב
שרף זאב 28,פסגת זאב
שרף זאב 29,פסגת זאב
שרף זאב 3,פסגת זאב
שרף זאב 31,פסגת זאב
שרף זאב 32,פסגת זאב
שרף זאב 34,פסגת זאב
שרף זאב 36,פסגת זאב
שרף זאב 4,פסגת זאב
שרף זאב 5,פסגת זאב
שרף זאב 6,פסגת זאב
שרף זאב 7,פסגת זאב
שרף זאב 8,פסגת זאב
שרף זאב 9,פסגת זאב
שרפאת 0,בית צפאפא
שרפאת 1,בית צפאפא
שרפאת 100,בית צפאפא
שרפאת 102,בית צפאפא
שרפאת 112,בית צפאפא
שרפאת 116,בית צפאפא
שרפאת 15,בית צפאפא
שרפאת 17,בית צפאפא
שרפאת 20,בית צפאפא
שרפאת 32,בית צפאפא
שרפאת 34,בית צפאפא
שרפאת 36,בית צפאפא
שרפאת 37,בית צפאפא
שרפאת 38,בית צפאפא
שרפאת 4,בית צפאפא
שרפאת 5,בית צפאפא
שרפאת 57,בית צפאפא
שרפאת 59,בית צפאפא
שרפאת 6,בית צפאפא
שרפאת 60,בית צפאפא
שרפאת 62,בית צפאפא
שרפאת 64,בית צפאפא
שרפאת 67,בית צפאפא
שרפאת 68,בית צפאפא
שרפאת 684,בית צפאפא
שרפאת 69,בית צפאפא
שרפאת 7,בית צפאפא
שרפאת 72,בית צפאפא
שרפאת 73,בית צפאפא
שרפאת 75,בית צפאפא
שרפאת 79,בית צפאפא
שרפאת 8,בית צפאפא
שרפאת 94,בית צפאפא
שרפאת 96,בית צפאפא
שרפאת 98,בית צפאפא
שרפאת סמ3 9999,בית צפאפא
שרפאת סמ6 3,בית צפאפא
שרפאת סמ6 5,בית צפאפא
שרפאת סמ6 7,בית צפאפא
שרפאת סמ6 84,בית צפאפא
שרפאת סמ6 86,בית צפאפא
שרפאת סמ8 11,בית צפאפא
שרפאת סמ8 3,בית צפאפא
ששת הימים 10,הגבעה הצרפתית
ששת הימים 11,הגבעה הצרפתית
ששת הימים 12,הגבעה הצרפתית
ששת הימים 13,הגבעה הצרפתית
ששת הימים 14,הגבעה הצרפתית
ששת הימים 15,הגבעה הצרפתית
ששת הימים 16,הגבעה הצרפתית
ששת הימים 17,הגבעה הצרפתית
ששת הימים 18,הגבעה הצרפתית
ששת הימים 19,הגבעה הצרפתית
ששת הימים 20,הגבעה הצרפתית
ששת הימים 21,הגבעה הצרפתית
ששת הימים 23,הגבעה הצרפתית
ששת הימים 24,הגבעה הצרפתית
ששת הימים 26,הגבעה הצרפתית
ששת הימים 3,הגבעה הצרפתית
ששת הימים 31,הגבעה הצרפתית
ששת הימים 32,הגבעה הצרפתית
ששת הימים 33,הגבעה הצרפתית
ששת הימים 34,הגבעה הצרפתית
ששת הימים 35,הגבעה הצרפתית
ששת הימים 36,הגבעה הצרפתית
ששת הימים 37,הגבעה הצרפתית
ששת הימים 38,הגבעה הצרפתית
ששת הימים 39,הגבעה הצרפתית
ששת הימים 4,הגבעה הצרפתית
ששת הימים 40,הגבעה הצרפתית
ששת הימים 41,הגבעה הצרפתית
ששת הימים 42,הגבעה הצרפתית
ששת הימים 43,הגבעה הצרפתית
ששת הימים 44,הגבעה הצרפתית
ששת הימים 45,הגבעה הצרפתית
ששת הימים 46,הגבעה הצרפתית
ששת הימים 48,הגבעה הצרפתית
ששת הימים 49,הגבעה הצרפתית
ששת הימים 5,הגבעה הצרפתית
ששת הימים 50,הגבעה הצרפתית
ששת הימים 51,הגבעה הצרפתית
ששת הימים 53,הגבעה הצרפתית
ששת הימים 55,הגבעה הצרפתית
ששת הימים 57,הגבעה הצרפתית
ששת הימים 6,הגבעה הצרפתית
ששת הימים 63,הגבעה הצרפתית
תבין אלי 22,פסגת זאב
תבין אלי 23,פסגת זאב
תבין אלי 24,פסגת זאב
תבין אלי 27,פסגת זאב
תבין אלי 55,פסגת זאב
תבין אלי 57,פסגת זאב
תבין אלי 59,פסגת זאב
תג'ר שלמה ומשה 1,פסגת זאב
תג'ר שלמה ומשה 10,פסגת זאב
תג'ר שלמה ומשה 11,פסגת זאב
תג'ר שלמה ומשה 12,פסגת זאב
תג'ר שלמה ומשה 13,פסגת זאב
תג'ר שלמה ומשה 15,פסגת זאב
תג'ר שלמה ומשה 16,פסגת זאב
תג'ר שלמה ומשה 17,פסגת זאב
תג'ר שלמה ומשה 18,פסגת זאב
תג'ר שלמה ומשה 19,פסגת זאב
תג'ר שלמה ומשה 20,פסגת זאב
תג'ר שלמה ומשה 22,פסגת זאב
תג'ר שלמה ומשה 23,פסגת זאב
תג'ר שלמה ומשה 24,פסגת זאב
תג'ר שלמה ומשה 25,פסגת זאב
תג'ר שלמה ומשה 26,פסגת זאב
תג'ר שלמה ומשה 27,פסגת זאב
תג'ר שלמה ומשה 28,פסגת זאב
תג'ר שלמה ומשה 29,פסגת זאב
תג'ר שלמה ומשה 3,פסגת זאב
תג'ר שלמה ומשה 30,פסגת זאב
תג'ר שלמה ומשה 32,פסגת זאב
תג'ר שלמה ומשה 33,פסגת זאב
תג'ר שלמה ומשה 34,פסגת זאב
תג'ר שלמה ומשה 35,פסגת זאב
תג'ר שלמה ומשה 36,פסגת זאב
תג'ר שלמה ומשה 38,פסגת זאב
תג'ר שלמה ומשה 4,פסגת זאב
תג'ר שלמה ומשה 44,פסגת זאב
תג'ר שלמה ומשה 46,פסגת זאב
תג'ר שלמה ומשה 48,פסגת זאב
תג'ר שלמה ומשה 5,פסגת זאב
תג'ר שלמה ומשה 50,פסגת זאב
תג'ר שלמה ומשה 6,פסגת זאב
תג'ר שלמה ומשה 8,פסגת זאב
תג'ר שלמה ומשה 9,פסגת זאב
תדהר 2,בית ישראל
תובל 13,רוממה
תובל 15,רוממה
תוסיה כהן 1,בית הכרם
תוסיה כהן 3,בית הכרם
תורה מציון 1,רוממה
תורה מציון 14,רוממה
תורה מציון 19,רוממה
תורה מציון 21,רוממה
תורה מציון 22,רוממה
תורה מציון 23,רוממה
תורה מציון 25,רוממה
תורה מציון 27,רוממה
תורה מציון 4,רוממה
תורה מציון 5,רוממה
תורה מציון 7,רוממה
תורה מציון 9,רוממה
תורן חיים 1,פסגת זאב
תורן חיים 10,פסגת זאב
תורן חיים 11,פסגת זאב
תורן חיים 12,פסגת זאב
תורן חיים 14,פסגת זאב
תורן חיים 15,פסגת זאב
תורן חיים 16,פסגת זאב
תורן חיים 18,פסגת זאב
תורן חיים 19,פסגת זאב
תורן חיים 2,פסגת זאב
תורן חיים 20,פסגת זאב
תורן חיים 21,פסגת זאב
תורן חיים 22,פסגת זאב
תורן חיים 23,פסגת זאב
תורן חיים 24,פסגת זאב
תורן חיים 25,פסגת זאב
תורן חיים 26,פסגת זאב
תורן חיים 27,פסגת זאב
תורן חיים 28,פסגת זאב
תורן חיים 29,פסגת זאב
תורן חיים 3,פסגת זאב
תורן חיים 31,פסגת זאב
תורן חיים 32,פסגת זאב
תורן חיים 33,פסגת זאב
תורן חיים 34,פסגת זאב
תורן חיים 35,פסגת זאב
תורן חיים 37,פסגת זאב
תורן חיים 39,פסגת זאב
תורן חיים 4,פסגת זאב
תורן חיים 41,פסגת זאב
תורן חיים 43,פסגת זאב
תורן חיים 5,פסגת זאב
תורן חיים 6,פסגת זאב
תורן חיים 7,פסגת זאב
תורן חיים 9,פסגת זאב
תורת חיים 1,רמת שרת
תורת חיים 13,רמת שרת
תורת חיים 15,רמת שרת
תורת חיים 17,רמת שרת
תורת חיים 18,רמת שרת
תורת חיים 19,רמת שרת
תורת חיים 2,רמת שרת
תורת חיים 22,רמת שרת
תורת חיים 23,רמת שרת
תורת חיים 24,רמת שרת
תורת חיים 26,רמת שרת
תורת חיים 28,רמת שרת
תורת חיים 30,רמת שרת
תורת חיים 32,רמת שרת
תורת חיים 4,רמת שרת
תורת חיים 5,רמת שרת
תורת חיים 7,רמת שרת
תורת חסד 3,קרית צאנז
תורת חסד 5,קרית צאנז
תורת חסד 7,קרית צאנז
תחכמוני 17,מקור ברוך
תחכמוני 19,מקור ברוך
תחכמוני 21,מקור ברוך
תחכמוני 23,מקור ברוך
תחכמוני 25,מקור ברוך
תחכמוני 26,מקור ברוך
תחכמוני 27,מקור ברוך
תחכמוני 28,מקור ברוך
תחכמוני 29,מקור ברוך
תחכמוני 31,מקור ברוך
תחכמוני 32,מקור ברוך
תחכמוני 33,מקור ברוך
תחכמוני 35,מקור ברוך
תחכמוני 39,מקור ברוך
תחכמוני 41,מקור ברוך
תחכמוני 43,מקור ברוך
תחכמוני 8,מקור ברוך
תימא 3,בוכרים
תימא 5,בוכרים
תימא 7,בוכרים
תירוש 22,גילה
תירוש 221,גילה
תירוש 551,גילה
תירוש 555,גילה
תירוש 556,גילה
תירוש 557,גילה
תירוש 558,גילה
תירוש 560,גילה
תירוש 562,גילה
תירוש 563,גילה
תכלת מרדכי 1,רוממה
תכלת מרדכי 15,רוממה
תכלת מרדכי 16,רוממה
תכלת מרדכי 19,רוממה
תכלת מרדכי 3,רוממה
תכלת מרדכי 5,רוממה
תכלת מרדכי 7,רוממה
תל חי 10,קטמון
תל חי 11,קטמון
תל חי 14,קטמון
תל חי 15,קטמון
תל חי 17,קטמון
תל חי 18,קטמון
תל חי 19,קטמון
תל חי 20,קטמון
תל חי 3,קטמון
תל חי 5,קטמון
תל חי 6,קטמון
תל חי 7,קטמון
תל חי 8,קטמון
תל חי 9,קטמון
תלמה ילין 2,בית הכרם
תלמה ילין 6,בית הכרם
תלמודי אברהם 12,בוכרים
תלמודי אברהם 14,בוכרים
תלמודי אברהם 2,בוכרים
תלמודי אברהם 22,בוכרים
תלמודי אברהם 24,בוכרים
תלפיות מזרח 131,תלפיות מזרח
תלפיות מזרח 133,תלפיות מזרח
תלפיות מזרח 207,תלפיות מזרח
תלפיות מזרח 242,תלפיות מזרח
תלפיות מזרח 243,תלפיות מזרח
תלפיות מזרח 275,תלפיות מזרח
תלפיות מזרח 35,תלפיות מזרח
תלפיות מזרח 494,תלפיות מזרח
תלפיות מזרח 51,תלפיות מזרח
תלפיות מזרח 518,תלפיות מזרח
תלפיות מזרח 521,תלפיות מזרח
תלפיות מזרח 526,תלפיות מזרח
תלפיות מזרח 527,תלפיות מזרח
תלפיות מזרח 529,תלפיות מזרח
תלפיות מזרח 531,תלפיות מזרח
תלפיות מזרח 533,תלפיות מזרח
תלפיות מזרח 541,תלפיות מזרח
תלפיות מזרח 601,תלפיות מזרח
תלפיות מזרח 602,תלפיות מזרח
תלפיות מזרח 603,תלפיות מזרח
תלפיות מזרח 604,תלפיות מזרח
תלפיות מזרח 605,תלפיות מזרח
תלפיות מזרח 606,תלפיות מזרח
תלפיות מזרח 607,תלפיות מזרח
תלפיות מזרח 608,תלפיות מזרח
תלפיות מזרח 609,תלפיות מזרח
תלפיות מזרח 610,תלפיות מזרח
תלפיות מזרח 611,תלפיות מזרח
תלפיות מזרח 612,תלפיות מזרח
תלפיות מזרח 613,תלפיות מזרח
תלפיות מזרח 614,תלפיות מזרח
תלפיות מזרח 616,תלפיות מזרח
תלפיות מזרח 617,תלפיות מזרח
תלפיות מזרח 618,תלפיות מזרח
תלפיות מזרח 619,תלפיות מזרח
תלפיות מזרח 622,תלפיות מזרח
תלפיות מזרח 623,תלפיות מזרח
תלפיות מזרח 624,תלפיות מזרח
תלפיות מזרח 628,תלפיות מזרח
תלפיות מזרח 63,תלפיות מזרח
תלפיות מזרח 9,תלפיות מזרח
תמים אל-דארי 1,כפר עקב
תמים אל-דארי 10,כפר עקב
תמים אל-דארי 120,כפר עקב
תמים אל-דארי 122,כפר עקב
תמים אל-דארי 17,כפר עקב
תמים אל-דארי 4,כפר עקב
תמים אל-דארי 87,כפר עקב
תמים אל-דארי 999,כפר עקב
תמים אל-דארי סמ3 16,כפר עקב
תמים אל-דארי סמ9 18,כפר עקב
תמים אל-דארי סמ9 8,כפר עקב
תמיר שמואל 1,פסגת זאב
תמיר שמואל 10,פסגת זאב
תמיר שמואל 12,פסגת זאב
תמיר שמואל 13,פסגת זאב
תמיר שמואל 15,פסגת זאב
תמיר שמואל 16,פסגת זאב
תמיר שמואל 17,פסגת זאב
תמיר שמואל 18,פסגת זאב
תמיר שמואל 19,פסגת זאב
תמיר שמואל 2,פסגת זאב
תמיר שמואל 20,פסגת זאב
תמיר שמואל 21,פסגת זאב
תמיר שמואל 23,פסגת זאב
תמיר שמואל 24,פסגת זאב
תמיר שמואל 25,פסגת זאב
תמיר שמואל 26,פסגת זאב
תמיר שמואל 27,פסגת זאב
תמיר שמואל 28,פסגת זאב
תמיר שמואל 29,פסגת זאב
תמיר שמואל 3,פסגת זאב
תמיר שמואל 30,פסגת זאב
תמיר שמואל 31,פסגת זאב
תמיר שמואל 32,פסגת זאב
תמיר שמואל 33,פסגת זאב
תמיר שמואל 34,פסגת זאב
תמיר שמואל 35,פסגת זאב
תמיר שמואל 37,פסגת זאב
תמיר שמואל 39,פסגת זאב
תמיר שמואל 4,פסגת זאב
תמיר שמואל 43,פסגת זאב
תמיר שמואל 47,פסגת זאב
תמיר שמואל 49,פסגת זאב
תמיר שמואל 5,פסגת זאב
תמיר שמואל 51,פסגת זאב
תמיר שמואל 53,פסגת זאב
תמיר שמואל 54,פסגת זאב
תמיר שמואל 55,פסגת זאב
תמיר שמואל 56,פסגת זאב
תמיר שמואל 57,פסגת זאב
תמיר שמואל 58,פסגת זאב
תמיר שמואל 59,פסגת זאב
תמיר שמואל 6,פסגת זאב
תמיר שמואל 60,פסגת זאב
תמיר שמואל 61,פסגת זאב
תמיר שמואל 62,פסגת זאב
תמיר שמואל 64,פסגת זאב
תמיר שמואל 65,פסגת זאב
תמיר שמואל 67,פסגת זאב
תמיר שמואל 68,פסגת זאב
תמיר שמואל 69,פסגת זאב
תמיר שמואל 7,פסגת זאב
תמיר שמואל 70,פסגת זאב
תמיר שמואל 72,פסגת זאב
תמיר שמואל 76,פסגת זאב
תמיר שמואל 8,פסגת זאב
תקוע 1,נחלאות
תקוע 11,נחלאות
תקוע 12,נחלאות
תקוע 13,נחלאות
תקוע 15,נחלאות
תקוע 2,נחלאות
תקוע 3,נחלאות
תקוע 4,נחלאות
תקוע 5,נחלאות
תקוע 6,נחלאות
תקוע 7,נחלאות
תקוע 8,נחלאות
תקוע 9,נחלאות
תקי אל-דין,צור באחר
תקי אל-דין 17,צור באחר
תקי אל-דין 19,צור באחר
תקי אל-דין 25,צור באחר
תקי אל-דין 31,צור באחר
תקי אל-דין 8,צור באחר
תקי אל-דין סמ1 8,צור באחר
תקי אל-דין סמ1 9999,צור באחר
תרמב 1,בוכרים
תרמב 11,בוכרים
תרמב 15,בוכרים
תרמב 2,בוכרים
תרמב 3,בוכרים
תרמב 5,בוכרים
תרצה 10,בית הכרם
תרצה 14,בית הכרם
תרצה 2,בית הכרם
תרצה 4,בית הכרם
תרצה 5,בית הכרם
תרצה 6,בית הכרם
תרצה 7,בית הכרם
תרצה 8,בית הכרם
תרצה 9,בית הכרם
תרשיש 10,גילה
תרשיש 11,גילה
תרשיש 12,גילה
תרשיש 3,גילה
תרשיש 4,גילה
תרשיש 515,גילה
תרשיש 525,גילה
תרשיש 6,גילה
תרשיש 7,גילה
תרשיש 8,גילה
תרשיש 9,גילה
תשבץ 10,נחלאות
תשבץ 11,נחלאות
תשבץ 12,נחלאות
תשבץ 13,נחלאות
תשבץ 14,נחלאות
תשבץ 15,נחלאות
תשבץ 18,נחלאות
תשבץ 20,נחלאות
תשבץ 22,נחלאות
תשבץ 5,נחלאות
תשבץ 7,נחלאות
תשבץ 9,נחלאות
